SS_delay,SS_duration,SS_stimulus,SS_trial_type,block_duration,condition,correct,correct_response,exp_stage,experiment_exp_id,feedback_duration,key_press,passed_check,possible_responses,rt,stim_duration,stop_response,stopped,text,time_elapsed,timing_post_trial,trial_id,trial_num,trial_type,worker_id
,,,,1850.0,,1.0,89.0,practice,motor_selective_stop_signal,500.0,89.0,True,"89,71",1121,850.0,,False,,-71262,250.0,stim,0.0,poldrack-categorize,s465
,,,,1850.0,,1.0,89.0,practice,motor_selective_stop_signal,500.0,89.0,True,"89,71",495,850.0,,False,,-68656,250.0,stim,1.0,poldrack-categorize,s465
,,,,1850.0,,1.0,89.0,practice,motor_selective_stop_signal,500.0,89.0,True,"89,71",592,850.0,,False,,-66051,250.0,stim,2.0,poldrack-categorize,s465
,,,,1850.0,,1.0,89.0,practice,motor_selective_stop_signal,500.0,89.0,True,"89,71",417,850.0,,False,,-63448,250.0,stim,3.0,poldrack-categorize,s465
,,,,1850.0,,1.0,71.0,practice,motor_selective_stop_signal,500.0,71.0,True,"89,71",422,850.0,,False,,-60844,250.0,stim,4.0,poldrack-categorize,s465
,,,,1850.0,,1.0,71.0,practice,motor_selective_stop_signal,500.0,71.0,True,"89,71",569,850.0,,False,,-58240,250.0,stim,5.0,poldrack-categorize,s465
,,,,1850.0,,1.0,71.0,practice,motor_selective_stop_signal,500.0,71.0,True,"89,71",526,850.0,,False,,-55635,250.0,stim,6.0,poldrack-categorize,s465
,,,,1850.0,,0.0,71.0,practice,motor_selective_stop_signal,500.0,89.0,True,"89,71",443,850.0,,False,,-53032,250.0,stim,7.0,poldrack-categorize,s465
,,,,1850.0,,1.0,71.0,practice,motor_selective_stop_signal,500.0,71.0,True,"89,71",468,850.0,,False,,-50428,250.0,stim,8.0,poldrack-categorize,s465
,,,,1850.0,,1.0,71.0,practice,motor_selective_stop_signal,500.0,71.0,True,"89,71",544,850.0,,False,,-47822,250.0,stim,9.0,poldrack-categorize,s465
,,,,1850.0,,1.0,89.0,practice,motor_selective_stop_signal,500.0,89.0,True,"89,71",524,850.0,,False,,-45216,250.0,stim,10.0,poldrack-categorize,s465
,,,,1850.0,,1.0,89.0,practice,motor_selective_stop_signal,500.0,89.0,True,"89,71",492,850.0,,False,,-42610,250.0,stim,11.0,poldrack-categorize,s465
100.0,500.0,<div class = coverbox></div><div class = stopbox><div class = centered-shape id = stop-signal></div><div class = centered-shape id = stop-signal-inner></div></div>,go,2350.0,go,1.0,71.0,test,motor_selective_stop_signal,,71.0,True,"89,71",662,850.0,89.0,False,,5359,0.0,stim,0.0,stop-signal,s465
100.0,500.0,<div class = coverbox></div><div class = stopbox><div class = centered-shape id = stop-signal></div><div class = centered-shape id = stop-signal-inner></div></div>,go,2250.0,go,1.0,89.0,test,motor_selective_stop_signal,,89.0,True,"89,71",626,850.0,89.0,False,,7611,0.0,stim,1.0,stop-signal,s465
100.0,500.0,<div class = coverbox></div><div class = stopbox><div class = centered-shape id = stop-signal></div><div class = centered-shape id = stop-signal-inner></div></div>,stop,2450.0,ignore,1.0,71.0,test,motor_selective_stop_signal,,71.0,True,"89,71",910,850.0,89.0,False,,10063,0.0,stim,2.0,stop-signal,s465
100.0,500.0,<div class = coverbox></div><div class = stopbox><div class = centered-shape id = stop-signal></div><div class = centered-shape id = stop-signal-inner></div></div>,go,2350.0,go,1.0,89.0,test,motor_selective_stop_signal,,89.0,True,"89,71",704,850.0,89.0,False,,12415,0.0,stim,3.0,stop-signal,s465
100.0,500.0,<div class = coverbox></div><div class = stopbox><div class = centered-shape id = stop-signal></div><div class = centered-shape id = stop-signal-inner></div></div>,stop,2650.0,ignore,1.0,71.0,test,motor_selective_stop_signal,,71.0,True,"89,71",646,850.0,89.0,False,,15068,0.0,stim,4.0,stop-signal,s465
100.0,500.0,<div class = coverbox></div><div class = stopbox><div class = centered-shape id = stop-signal></div><div class = centered-shape id = stop-signal-inner></div></div>,go,2250.0,go,1.0,71.0,test,motor_selective_stop_signal,,71.0,True,"89,71",750,850.0,89.0,False,,17320,0.0,stim,5.0,stop-signal,s465
100.0,500.0,<div class = coverbox></div><div class = stopbox><div class = centered-shape id = stop-signal></div><div class = centered-shape id = stop-signal-inner></div></div>,stop,2250.0,stop,0.0,89.0,test,motor_selective_stop_signal,,-1.0,True,"89,71",-1,850.0,89.0,True,,19572,0.0,stim,6.0,stop-signal,s465
150.0,500.0,<div class = coverbox></div><div class = stopbox><div class = centered-shape id = stop-signal></div><div class = centered-shape id = stop-signal-inner></div></div>,go,2450.0,go,1.0,71.0,test,motor_selective_stop_signal,,71.0,True,"89,71",494,850.0,89.0,False,,22024,0.0,stim,7.0,stop-signal,s465
150.0,500.0,<div class = coverbox></div><div class = stopbox><div class = centered-shape id = stop-signal></div><div class = centered-shape id = stop-signal-inner></div></div>,go,2250.0,go,1.0,71.0,test,motor_selective_stop_signal,,71.0,True,"89,71",578,850.0,89.0,False,,24277,0.0,stim,8.0,stop-signal,s465
150.0,500.0,<div class = coverbox></div><div class = stopbox><div class = centered-shape id = stop-signal></div><div class = centered-shape id = stop-signal-inner></div></div>,stop,2550.0,stop,0.0,89.0,test,motor_selective_stop_signal,,-1.0,True,"89,71",-1,850.0,89.0,True,,26829,0.0,stim,9.0,stop-signal,s465
200.0,500.0,<div class = coverbox></div><div class = stopbox><div class = centered-shape id = stop-signal></div><div class = centered-shape id = stop-signal-inner></div></div>,go,2250.0,go,1.0,71.0,test,motor_selective_stop_signal,,71.0,True,"89,71",466,850.0,89.0,False,,29082,0.0,stim,10.0,stop-signal,s465
200.0,500.0,<div class = coverbox></div><div class = stopbox><div class = centered-shape id = stop-signal></div><div class = centered-shape id = stop-signal-inner></div></div>,stop,2350.0,ignore,1.0,71.0,test,motor_selective_stop_signal,,71.0,True,"89,71",571,850.0,89.0,False,,31435,0.0,stim,11.0,stop-signal,s465
200.0,500.0,<div class = coverbox></div><div class = stopbox><div class = centered-shape id = stop-signal></div><div class = centered-shape id = stop-signal-inner></div></div>,stop,2250.0,stop,0.0,89.0,test,motor_selective_stop_signal,,-1.0,True,"89,71",-1,850.0,89.0,True,,33687,0.0,stim,12.0,stop-signal,s465
250.0,500.0,<div class = coverbox></div><div class = stopbox><div class = centered-shape id = stop-signal></div><div class = centered-shape id = stop-signal-inner></div></div>,stop,2550.0,stop,0.0,89.0,test,motor_selective_stop_signal,,-1.0,True,"89,71",-1,850.0,89.0,True,,36239,0.0,stim,13.0,stop-signal,s465
300.0,500.0,<div class = coverbox></div><div class = stopbox><div class = centered-shape id = stop-signal></div><div class = centered-shape id = stop-signal-inner></div></div>,go,2550.0,go,1.0,71.0,test,motor_selective_stop_signal,,71.0,True,"89,71",527,850.0,89.0,False,,38792,0.0,stim,14.0,stop-signal,s465
300.0,500.0,<div class = coverbox></div><div class = stopbox><div class = centered-shape id = stop-signal></div><div class = centered-shape id = stop-signal-inner></div></div>,go,2350.0,go,1.0,71.0,test,motor_selective_stop_signal,,71.0,True,"89,71",509,850.0,89.0,False,,41144,0.0,stim,15.0,stop-signal,s465
300.0,500.0,<div class = coverbox></div><div class = stopbox><div class = centered-shape id = stop-signal></div><div class = centered-shape id = stop-signal-inner></div></div>,go,2350.0,go,1.0,71.0,test,motor_selective_stop_signal,,71.0,True,"89,71",637,850.0,89.0,False,,43496,0.0,stim,16.0,stop-signal,s465
300.0,500.0,<div class = coverbox></div><div class = stopbox><div class = centered-shape id = stop-signal></div><div class = centered-shape id = stop-signal-inner></div></div>,go,2250.0,go,1.0,89.0,test,motor_selective_stop_signal,,89.0,True,"89,71",657,850.0,89.0,False,,45748,0.0,stim,17.0,stop-signal,s465
300.0,500.0,<div class = coverbox></div><div class = stopbox><div class = centered-shape id = stop-signal></div><div class = centered-shape id = stop-signal-inner></div></div>,stop,2450.0,ignore,1.0,71.0,test,motor_selective_stop_signal,,71.0,True,"89,71",460,850.0,89.0,False,,48202,0.0,stim,18.0,stop-signal,s465
300.0,500.0,<div class = coverbox></div><div class = stopbox><div class = centered-shape id = stop-signal></div><div class = centered-shape id = stop-signal-inner></div></div>,go,2250.0,go,0.0,89.0,test,motor_selective_stop_signal,,71.0,True,"89,71",485,850.0,89.0,False,,50454,0.0,stim,19.0,stop-signal,s465
300.0,500.0,<div class = coverbox></div><div class = stopbox><div class = centered-shape id = stop-signal></div><div class = centered-shape id = stop-signal-inner></div></div>,stop,2450.0,ignore,1.0,71.0,test,motor_selective_stop_signal,,71.0,True,"89,71",458,850.0,89.0,False,,52906,0.0,stim,20.0,stop-signal,s465
300.0,500.0,<div class = coverbox></div><div class = stopbox><div class = centered-shape id = stop-signal></div><div class = centered-shape id = stop-signal-inner></div></div>,stop,2650.0,stop,0.0,89.0,test,motor_selective_stop_signal,,-1.0,True,"89,71",-1,850.0,89.0,True,,55558,0.0,stim,21.0,stop-signal,s465
350.0,500.0,<div class = coverbox></div><div class = stopbox><div class = centered-shape id = stop-signal></div><div class = centered-shape id = stop-signal-inner></div></div>,go,2450.0,go,1.0,89.0,test,motor_selective_stop_signal,,89.0,True,"89,71",460,850.0,89.0,False,,58010,0.0,stim,22.0,stop-signal,s465
350.0,500.0,<div class = coverbox></div><div class = stopbox><div class = centered-shape id = stop-signal></div><div class = centered-shape id = stop-signal-inner></div></div>,go,2350.0,go,1.0,89.0,test,motor_selective_stop_signal,,89.0,True,"89,71",792,850.0,89.0,False,,60363,0.0,stim,23.0,stop-signal,s465
350.0,500.0,<div class = coverbox></div><div class = stopbox><div class = centered-shape id = stop-signal></div><div class = centered-shape id = stop-signal-inner></div></div>,stop,2250.0,ignore,1.0,71.0,test,motor_selective_stop_signal,,71.0,True,"89,71",471,850.0,89.0,False,,62615,0.0,stim,24.0,stop-signal,s465
350.0,500.0,<div class = coverbox></div><div class = stopbox><div class = centered-shape id = stop-signal></div><div class = centered-shape id = stop-signal-inner></div></div>,go,2550.0,go,1.0,71.0,test,motor_selective_stop_signal,,71.0,True,"89,71",645,850.0,89.0,False,,65168,0.0,stim,25.0,stop-signal,s465
350.0,500.0,<div class = coverbox></div><div class = stopbox><div class = centered-shape id = stop-signal></div><div class = centered-shape id = stop-signal-inner></div></div>,go,2250.0,go,1.0,89.0,test,motor_selective_stop_signal,,89.0,True,"89,71",549,850.0,89.0,False,,67420,0.0,stim,26.0,stop-signal,s465
350.0,500.0,<div class = coverbox></div><div class = stopbox><div class = centered-shape id = stop-signal></div><div class = centered-shape id = stop-signal-inner></div></div>,go,2250.0,go,1.0,89.0,test,motor_selective_stop_signal,,89.0,True,"89,71",443,850.0,89.0,False,,69672,0.0,stim,27.0,stop-signal,s465
350.0,500.0,<div class = coverbox></div><div class = stopbox><div class = centered-shape id = stop-signal></div><div class = centered-shape id = stop-signal-inner></div></div>,go,2350.0,go,1.0,71.0,test,motor_selective_stop_signal,,71.0,True,"89,71",532,850.0,89.0,False,,72024,0.0,stim,28.0,stop-signal,s465
350.0,500.0,<div class = coverbox></div><div class = stopbox><div class = centered-shape id = stop-signal></div><div class = centered-shape id = stop-signal-inner></div></div>,go,2250.0,go,1.0,71.0,test,motor_selective_stop_signal,,71.0,True,"89,71",523,850.0,89.0,False,,74276,0.0,stim,29.0,stop-signal,s465
350.0,500.0,<div class = coverbox></div><div class = stopbox><div class = centered-shape id = stop-signal></div><div class = centered-shape id = stop-signal-inner></div></div>,stop,2650.0,ignore,1.0,71.0,test,motor_selective_stop_signal,,71.0,True,"89,71",583,850.0,89.0,False,,76929,0.0,stim,30.0,stop-signal,s465
350.0,500.0,<div class = coverbox></div><div class = stopbox><div class = centered-shape id = stop-signal></div><div class = centered-shape id = stop-signal-inner></div></div>,stop,2350.0,ignore,1.0,71.0,test,motor_selective_stop_signal,,71.0,True,"89,71",441,850.0,89.0,False,,79281,0.0,stim,31.0,stop-signal,s465
350.0,500.0,<div class = coverbox></div><div class = stopbox><div class = centered-shape id = stop-signal></div><div class = centered-shape id = stop-signal-inner></div></div>,go,2450.0,go,1.0,71.0,test,motor_selective_stop_signal,,71.0,True,"89,71",568,850.0,89.0,False,,81734,0.0,stim,32.0,stop-signal,s465
350.0,500.0,<div class = coverbox></div><div class = stopbox><div class = centered-shape id = stop-signal></div><div class = centered-shape id = stop-signal-inner></div></div>,stop,2350.0,ignore,1.0,71.0,test,motor_selective_stop_signal,,71.0,True,"89,71",543,850.0,89.0,False,,84087,0.0,stim,33.0,stop-signal,s465
350.0,500.0,<div class = coverbox></div><div class = stopbox><div class = centered-shape id = stop-signal></div><div class = centered-shape id = stop-signal-inner></div></div>,stop,2250.0,stop,1.0,89.0,test,motor_selective_stop_signal,,89.0,True,"89,71",687,850.0,89.0,False,,86339,0.0,stim,34.0,stop-signal,s465
300.0,500.0,<div class = coverbox></div><div class = stopbox><div class = centered-shape id = stop-signal></div><div class = centered-shape id = stop-signal-inner></div></div>,go,2250.0,go,1.0,89.0,test,motor_selective_stop_signal,,89.0,True,"89,71",479,850.0,89.0,False,,88591,0.0,stim,35.0,stop-signal,s465
300.0,500.0,<div class = coverbox></div><div class = stopbox><div class = centered-shape id = stop-signal></div><div class = centered-shape id = stop-signal-inner></div></div>,stop,2250.0,stop,0.0,89.0,test,motor_selective_stop_signal,,-1.0,True,"89,71",-1,850.0,89.0,True,,90844,0.0,stim,36.0,stop-signal,s465
350.0,500.0,<div class = coverbox></div><div class = stopbox><div class = centered-shape id = stop-signal></div><div class = centered-shape id = stop-signal-inner></div></div>,go,2250.0,go,1.0,89.0,test,motor_selective_stop_signal,,89.0,True,"89,71",586,850.0,89.0,False,,93095,0.0,stim,37.0,stop-signal,s465
350.0,500.0,<div class = coverbox></div><div class = stopbox><div class = centered-shape id = stop-signal></div><div class = centered-shape id = stop-signal-inner></div></div>,stop,2350.0,stop,1.0,89.0,test,motor_selective_stop_signal,,89.0,True,"89,71",637,850.0,89.0,False,,95447,0.0,stim,38.0,stop-signal,s465
300.0,500.0,<div class = coverbox></div><div class = stopbox><div class = centered-shape id = stop-signal></div><div class = centered-shape id = stop-signal-inner></div></div>,go,3350.0,go,1.0,89.0,test,motor_selective_stop_signal,,89.0,True,"89,71",587,850.0,89.0,False,,98800,0.0,stim,39.0,stop-signal,s465
300.0,500.0,<div class = coverbox></div><div class = stopbox><div class = centered-shape id = stop-signal></div><div class = centered-shape id = stop-signal-inner></div></div>,go,2550.0,go,1.0,89.0,test,motor_selective_stop_signal,,89.0,True,"89,71",629,850.0,89.0,False,,101351,0.0,stim,40.0,stop-signal,s465
300.0,500.0,<div class = coverbox></div><div class = stopbox><div class = centered-shape id = stop-signal></div><div class = centered-shape id = stop-signal-inner></div></div>,stop,2750.0,stop,0.0,89.0,test,motor_selective_stop_signal,,-1.0,True,"89,71",-1,850.0,89.0,True,,104103,0.0,stim,41.0,stop-signal,s465
350.0,500.0,<div class = coverbox></div><div class = stopbox><div class = centered-shape id = stop-signal></div><div class = centered-shape id = stop-signal-inner></div></div>,go,2750.0,go,1.0,71.0,test,motor_selective_stop_signal,,71.0,True,"89,71",635,850.0,89.0,False,,106855,0.0,stim,42.0,stop-signal,s465
350.0,500.0,<div class = coverbox></div><div class = stopbox><div class = centered-shape id = stop-signal></div><div class = centered-shape id = stop-signal-inner></div></div>,go,2650.0,go,1.0,71.0,test,motor_selective_stop_signal,,71.0,True,"89,71",600,850.0,89.0,False,,109508,0.0,stim,43.0,stop-signal,s465
350.0,500.0,<div class = coverbox></div><div class = stopbox><div class = centered-shape id = stop-signal></div><div class = centered-shape id = stop-signal-inner></div></div>,stop,2450.0,stop,0.0,89.0,test,motor_selective_stop_signal,,-1.0,True,"89,71",-1,850.0,89.0,True,,111960,0.0,stim,44.0,stop-signal,s465
400.0,500.0,<div class = coverbox></div><div class = stopbox><div class = centered-shape id = stop-signal></div><div class = centered-shape id = stop-signal-inner></div></div>,go,2250.0,go,1.0,71.0,test,motor_selective_stop_signal,,71.0,True,"89,71",617,850.0,89.0,False,,114212,0.0,stim,45.0,stop-signal,s465
400.0,500.0,<div class = coverbox></div><div class = stopbox><div class = centered-shape id = stop-signal></div><div class = centered-shape id = stop-signal-inner></div></div>,go,2350.0,go,1.0,89.0,test,motor_selective_stop_signal,,89.0,True,"89,71",791,850.0,89.0,False,,116564,0.0,stim,46.0,stop-signal,s465
400.0,500.0,<div class = coverbox></div><div class = stopbox><div class = centered-shape id = stop-signal></div><div class = centered-shape id = stop-signal-inner></div></div>,go,2450.0,go,1.0,71.0,test,motor_selective_stop_signal,,71.0,True,"89,71",621,850.0,89.0,False,,119016,0.0,stim,47.0,stop-signal,s465
400.0,500.0,<div class = coverbox></div><div class = stopbox><div class = centered-shape id = stop-signal></div><div class = centered-shape id = stop-signal-inner></div></div>,go,3050.0,go,1.0,71.0,test,motor_selective_stop_signal,,71.0,True,"89,71",615,850.0,89.0,False,,122068,0.0,stim,48.0,stop-signal,s465
400.0,500.0,<div class = coverbox></div><div class = stopbox><div class = centered-shape id = stop-signal></div><div class = centered-shape id = stop-signal-inner></div></div>,go,2350.0,go,1.0,89.0,test,motor_selective_stop_signal,,89.0,True,"89,71",636,850.0,89.0,False,,124420,0.0,stim,49.0,stop-signal,s465
,,,,7500.0,,0.0,,,motor_selective_stop_signal,,-1.0,True,none,-1,7500.0,,True,,131922,1000.0,rest_block,,poldrack-single-stim,s465
400.0,500.0,<div class = coverbox></div><div class = stopbox><div class = centered-shape id = stop-signal></div><div class = centered-shape id = stop-signal-inner></div></div>,stop,2250.0,ignore,1.0,71.0,test,motor_selective_stop_signal,,71.0,True,"89,71",525,850.0,89.0,False,,137180,0.0,stim,50.0,stop-signal,s465
400.0,500.0,<div class = coverbox></div><div class = stopbox><div class = centered-shape id = stop-signal></div><div class = centered-shape id = stop-signal-inner></div></div>,go,2350.0,go,1.0,71.0,test,motor_selective_stop_signal,,71.0,True,"89,71",478,850.0,89.0,False,,139532,0.0,stim,51.0,stop-signal,s465
400.0,500.0,<div class = coverbox></div><div class = stopbox><div class = centered-shape id = stop-signal></div><div class = centered-shape id = stop-signal-inner></div></div>,go,2350.0,go,1.0,89.0,test,motor_selective_stop_signal,,89.0,True,"89,71",523,850.0,89.0,False,,141884,0.0,stim,52.0,stop-signal,s465
400.0,500.0,<div class = coverbox></div><div class = stopbox><div class = centered-shape id = stop-signal></div><div class = centered-shape id = stop-signal-inner></div></div>,go,2350.0,go,1.0,71.0,test,motor_selective_stop_signal,,71.0,True,"89,71",552,850.0,89.0,False,,144237,0.0,stim,53.0,stop-signal,s465
400.0,500.0,<div class = coverbox></div><div class = stopbox><div class = centered-shape id = stop-signal></div><div class = centered-shape id = stop-signal-inner></div></div>,stop,2350.0,ignore,1.0,71.0,test,motor_selective_stop_signal,,71.0,True,"89,71",521,850.0,89.0,False,,146589,0.0,stim,54.0,stop-signal,s465
400.0,500.0,<div class = coverbox></div><div class = stopbox><div class = centered-shape id = stop-signal></div><div class = centered-shape id = stop-signal-inner></div></div>,go,2350.0,go,1.0,89.0,test,motor_selective_stop_signal,,89.0,True,"89,71",759,850.0,89.0,False,,148940,0.0,stim,55.0,stop-signal,s465
400.0,500.0,<div class = coverbox></div><div class = stopbox><div class = centered-shape id = stop-signal></div><div class = centered-shape id = stop-signal-inner></div></div>,go,2250.0,go,1.0,89.0,test,motor_selective_stop_signal,,89.0,True,"89,71",590,850.0,89.0,False,,151192,0.0,stim,56.0,stop-signal,s465
400.0,500.0,<div class = coverbox></div><div class = stopbox><div class = centered-shape id = stop-signal></div><div class = centered-shape id = stop-signal-inner></div></div>,stop,2350.0,stop,1.0,89.0,test,motor_selective_stop_signal,,89.0,True,"89,71",495,850.0,89.0,False,,153545,0.0,stim,57.0,stop-signal,s465
350.0,500.0,<div class = coverbox></div><div class = stopbox><div class = centered-shape id = stop-signal></div><div class = centered-shape id = stop-signal-inner></div></div>,go,2450.0,go,1.0,71.0,test,motor_selective_stop_signal,,71.0,True,"89,71",483,850.0,89.0,False,,155997,0.0,stim,58.0,stop-signal,s465
350.0,500.0,<div class = coverbox></div><div class = stopbox><div class = centered-shape id = stop-signal></div><div class = centered-shape id = stop-signal-inner></div></div>,go,2350.0,go,1.0,71.0,test,motor_selective_stop_signal,,71.0,True,"89,71",530,850.0,89.0,False,,158350,0.0,stim,59.0,stop-signal,s465
350.0,500.0,<div class = coverbox></div><div class = stopbox><div class = centered-shape id = stop-signal></div><div class = centered-shape id = stop-signal-inner></div></div>,go,2850.0,go,1.0,71.0,test,motor_selective_stop_signal,,71.0,True,"89,71",534,850.0,89.0,False,,161202,0.0,stim,60.0,stop-signal,s465
350.0,500.0,<div class = coverbox></div><div class = stopbox><div class = centered-shape id = stop-signal></div><div class = centered-shape id = stop-signal-inner></div></div>,go,2550.0,go,1.0,71.0,test,motor_selective_stop_signal,,71.0,True,"89,71",587,850.0,89.0,False,,163756,0.0,stim,61.0,stop-signal,s465
350.0,500.0,<div class = coverbox></div><div class = stopbox><div class = centered-shape id = stop-signal></div><div class = centered-shape id = stop-signal-inner></div></div>,go,2750.0,go,1.0,89.0,test,motor_selective_stop_signal,,89.0,True,"89,71",529,850.0,89.0,False,,166509,0.0,stim,62.0,stop-signal,s465
350.0,500.0,<div class = coverbox></div><div class = stopbox><div class = centered-shape id = stop-signal></div><div class = centered-shape id = stop-signal-inner></div></div>,stop,2250.0,ignore,1.0,71.0,test,motor_selective_stop_signal,,71.0,True,"89,71",455,850.0,89.0,False,,168761,0.0,stim,63.0,stop-signal,s465
350.0,500.0,<div class = coverbox></div><div class = stopbox><div class = centered-shape id = stop-signal></div><div class = centered-shape id = stop-signal-inner></div></div>,go,2250.0,go,0.0,89.0,test,motor_selective_stop_signal,,71.0,True,"89,71",445,850.0,89.0,False,,171013,0.0,stim,64.0,stop-signal,s465
350.0,500.0,<div class = coverbox></div><div class = stopbox><div class = centered-shape id = stop-signal></div><div class = centered-shape id = stop-signal-inner></div></div>,stop,2850.0,stop,1.0,89.0,test,motor_selective_stop_signal,,89.0,True,"89,71",685,850.0,89.0,False,,173866,0.0,stim,65.0,stop-signal,s465
300.0,500.0,<div class = coverbox></div><div class = stopbox><div class = centered-shape id = stop-signal></div><div class = centered-shape id = stop-signal-inner></div></div>,go,2350.0,go,1.0,71.0,test,motor_selective_stop_signal,,71.0,True,"89,71",544,850.0,89.0,False,,176218,0.0,stim,66.0,stop-signal,s465
300.0,500.0,<div class = coverbox></div><div class = stopbox><div class = centered-shape id = stop-signal></div><div class = centered-shape id = stop-signal-inner></div></div>,go,2250.0,go,1.0,89.0,test,motor_selective_stop_signal,,89.0,True,"89,71",759,850.0,89.0,False,,178470,0.0,stim,67.0,stop-signal,s465
300.0,500.0,<div class = coverbox></div><div class = stopbox><div class = centered-shape id = stop-signal></div><div class = centered-shape id = stop-signal-inner></div></div>,stop,2250.0,stop,1.0,89.0,test,motor_selective_stop_signal,,89.0,True,"89,71",546,850.0,89.0,False,,180722,0.0,stim,68.0,stop-signal,s465
250.0,500.0,<div class = coverbox></div><div class = stopbox><div class = centered-shape id = stop-signal></div><div class = centered-shape id = stop-signal-inner></div></div>,go,2250.0,go,1.0,71.0,test,motor_selective_stop_signal,,71.0,True,"89,71",406,850.0,89.0,False,,182975,0.0,stim,69.0,stop-signal,s465
250.0,500.0,<div class = coverbox></div><div class = stopbox><div class = centered-shape id = stop-signal></div><div class = centered-shape id = stop-signal-inner></div></div>,go,2350.0,go,1.0,89.0,test,motor_selective_stop_signal,,89.0,True,"89,71",548,850.0,89.0,False,,185327,0.0,stim,70.0,stop-signal,s465
250.0,500.0,<div class = coverbox></div><div class = stopbox><div class = centered-shape id = stop-signal></div><div class = centered-shape id = stop-signal-inner></div></div>,go,2650.0,go,1.0,71.0,test,motor_selective_stop_signal,,71.0,True,"89,71",710,850.0,89.0,False,,187980,0.0,stim,71.0,stop-signal,s465
250.0,500.0,<div class = coverbox></div><div class = stopbox><div class = centered-shape id = stop-signal></div><div class = centered-shape id = stop-signal-inner></div></div>,stop,2750.0,stop,0.0,89.0,test,motor_selective_stop_signal,,-1.0,True,"89,71",-1,850.0,89.0,True,,190732,0.0,stim,72.0,stop-signal,s465
300.0,500.0,<div class = coverbox></div><div class = stopbox><div class = centered-shape id = stop-signal></div><div class = centered-shape id = stop-signal-inner></div></div>,go,2250.0,go,1.0,89.0,test,motor_selective_stop_signal,,89.0,True,"89,71",422,850.0,89.0,False,,192984,0.0,stim,73.0,stop-signal,s465
300.0,500.0,<div class = coverbox></div><div class = stopbox><div class = centered-shape id = stop-signal></div><div class = centered-shape id = stop-signal-inner></div></div>,stop,2750.0,stop,0.0,89.0,test,motor_selective_stop_signal,,-1.0,True,"89,71",-1,850.0,89.0,True,,195737,0.0,stim,74.0,stop-signal,s465
350.0,500.0,<div class = coverbox></div><div class = stopbox><div class = centered-shape id = stop-signal></div><div class = centered-shape id = stop-signal-inner></div></div>,stop,2250.0,ignore,1.0,71.0,test,motor_selective_stop_signal,,71.0,True,"89,71",518,850.0,89.0,False,,197989,0.0,stim,75.0,stop-signal,s465
350.0,500.0,<div class = coverbox></div><div class = stopbox><div class = centered-shape id = stop-signal></div><div class = centered-shape id = stop-signal-inner></div></div>,go,2350.0,go,1.0,71.0,test,motor_selective_stop_signal,,71.0,True,"89,71",549,850.0,89.0,False,,200341,0.0,stim,76.0,stop-signal,s465
350.0,500.0,<div class = coverbox></div><div class = stopbox><div class = centered-shape id = stop-signal></div><div class = centered-shape id = stop-signal-inner></div></div>,go,2350.0,go,1.0,89.0,test,motor_selective_stop_signal,,89.0,True,"89,71",633,850.0,89.0,False,,202693,0.0,stim,77.0,stop-signal,s465
350.0,500.0,<div class = coverbox></div><div class = stopbox><div class = centered-shape id = stop-signal></div><div class = centered-shape id = stop-signal-inner></div></div>,go,2550.0,go,1.0,89.0,test,motor_selective_stop_signal,,89.0,True,"89,71",752,850.0,89.0,False,,205246,0.0,stim,78.0,stop-signal,s465
350.0,500.0,<div class = coverbox></div><div class = stopbox><div class = centered-shape id = stop-signal></div><div class = centered-shape id = stop-signal-inner></div></div>,go,2250.0,go,1.0,71.0,test,motor_selective_stop_signal,,71.0,True,"89,71",555,850.0,89.0,False,,207498,0.0,stim,79.0,stop-signal,s465
350.0,500.0,<div class = coverbox></div><div class = stopbox><div class = centered-shape id = stop-signal></div><div class = centered-shape id = stop-signal-inner></div></div>,stop,2250.0,ignore,1.0,71.0,test,motor_selective_stop_signal,,71.0,True,"89,71",525,850.0,89.0,False,,209749,0.0,stim,80.0,stop-signal,s465
350.0,500.0,<div class = coverbox></div><div class = stopbox><div class = centered-shape id = stop-signal></div><div class = centered-shape id = stop-signal-inner></div></div>,go,2250.0,go,1.0,89.0,test,motor_selective_stop_signal,,89.0,True,"89,71",635,850.0,89.0,False,,212002,0.0,stim,81.0,stop-signal,s465
350.0,500.0,<div class = coverbox></div><div class = stopbox><div class = centered-shape id = stop-signal></div><div class = centered-shape id = stop-signal-inner></div></div>,go,2350.0,go,1.0,71.0,test,motor_selective_stop_signal,,71.0,True,"89,71",530,850.0,89.0,False,,214354,0.0,stim,82.0,stop-signal,s465
350.0,500.0,<div class = coverbox></div><div class = stopbox><div class = centered-shape id = stop-signal></div><div class = centered-shape id = stop-signal-inner></div></div>,stop,2650.0,stop,1.0,89.0,test,motor_selective_stop_signal,,89.0,True,"89,71",478,850.0,89.0,False,,217006,0.0,stim,83.0,stop-signal,s465
300.0,500.0,<div class = coverbox></div><div class = stopbox><div class = centered-shape id = stop-signal></div><div class = centered-shape id = stop-signal-inner></div></div>,go,2350.0,go,1.0,71.0,test,motor_selective_stop_signal,,71.0,True,"89,71",459,850.0,89.0,False,,219359,0.0,stim,84.0,stop-signal,s465
300.0,500.0,<div class = coverbox></div><div class = stopbox><div class = centered-shape id = stop-signal></div><div class = centered-shape id = stop-signal-inner></div></div>,stop,2250.0,ignore,1.0,71.0,test,motor_selective_stop_signal,,71.0,True,"89,71",820,850.0,89.0,False,,221611,0.0,stim,85.0,stop-signal,s465
300.0,500.0,<div class = coverbox></div><div class = stopbox><div class = centered-shape id = stop-signal></div><div class = centered-shape id = stop-signal-inner></div></div>,go,2350.0,go,1.0,71.0,test,motor_selective_stop_signal,,71.0,True,"89,71",629,850.0,89.0,False,,223963,0.0,stim,86.0,stop-signal,s465
300.0,500.0,<div class = coverbox></div><div class = stopbox><div class = centered-shape id = stop-signal></div><div class = centered-shape id = stop-signal-inner></div></div>,stop,2350.0,stop,0.0,89.0,test,motor_selective_stop_signal,,-1.0,True,"89,71",-1,850.0,89.0,True,,226315,0.0,stim,87.0,stop-signal,s465
350.0,500.0,<div class = coverbox></div><div class = stopbox><div class = centered-shape id = stop-signal></div><div class = centered-shape id = stop-signal-inner></div></div>,go,2850.0,go,1.0,89.0,test,motor_selective_stop_signal,,89.0,True,"89,71",486,850.0,89.0,False,,229168,0.0,stim,88.0,stop-signal,s465
350.0,500.0,<div class = coverbox></div><div class = stopbox><div class = centered-shape id = stop-signal></div><div class = centered-shape id = stop-signal-inner></div></div>,go,2450.0,go,1.0,89.0,test,motor_selective_stop_signal,,89.0,True,"89,71",735,850.0,89.0,False,,231620,0.0,stim,89.0,stop-signal,s465
350.0,500.0,<div class = coverbox></div><div class = stopbox><div class = centered-shape id = stop-signal></div><div class = centered-shape id = stop-signal-inner></div></div>,go,2350.0,go,1.0,71.0,test,motor_selective_stop_signal,,71.0,True,"89,71",574,850.0,89.0,False,,233973,0.0,stim,90.0,stop-signal,s465
350.0,500.0,<div class = coverbox></div><div class = stopbox><div class = centered-shape id = stop-signal></div><div class = centered-shape id = stop-signal-inner></div></div>,go,2650.0,go,1.0,71.0,test,motor_selective_stop_signal,,71.0,True,"89,71",526,850.0,89.0,False,,236625,0.0,stim,91.0,stop-signal,s465
350.0,500.0,<div class = coverbox></div><div class = stopbox><div class = centered-shape id = stop-signal></div><div class = centered-shape id = stop-signal-inner></div></div>,go,2250.0,go,1.0,89.0,test,motor_selective_stop_signal,,89.0,True,"89,71",525,850.0,89.0,False,,238877,0.0,stim,92.0,stop-signal,s465
350.0,500.0,<div class = coverbox></div><div class = stopbox><div class = centered-shape id = stop-signal></div><div class = centered-shape id = stop-signal-inner></div></div>,stop,2250.0,ignore,1.0,71.0,test,motor_selective_stop_signal,,71.0,True,"89,71",590,850.0,89.0,False,,241130,0.0,stim,93.0,stop-signal,s465
350.0,500.0,<div class = coverbox></div><div class = stopbox><div class = centered-shape id = stop-signal></div><div class = centered-shape id = stop-signal-inner></div></div>,go,2250.0,go,1.0,71.0,test,motor_selective_stop_signal,,71.0,True,"89,71",543,850.0,89.0,False,,243383,0.0,stim,94.0,stop-signal,s465
350.0,500.0,<div class = coverbox></div><div class = stopbox><div class = centered-shape id = stop-signal></div><div class = centered-shape id = stop-signal-inner></div></div>,go,2450.0,go,1.0,89.0,test,motor_selective_stop_signal,,89.0,True,"89,71",532,850.0,89.0,False,,245835,0.0,stim,95.0,stop-signal,s465
350.0,500.0,<div class = coverbox></div><div class = stopbox><div class = centered-shape id = stop-signal></div><div class = centered-shape id = stop-signal-inner></div></div>,go,2350.0,go,1.0,89.0,test,motor_selective_stop_signal,,89.0,True,"89,71",475,850.0,89.0,False,,248188,0.0,stim,96.0,stop-signal,s465
350.0,500.0,<div class = coverbox></div><div class = stopbox><div class = centered-shape id = stop-signal></div><div class = centered-shape id = stop-signal-inner></div></div>,stop,2250.0,stop,1.0,89.0,test,motor_selective_stop_signal,,89.0,True,"89,71",555,850.0,89.0,False,,250439,0.0,stim,97.0,stop-signal,s465
300.0,500.0,<div class = coverbox></div><div class = stopbox><div class = centered-shape id = stop-signal></div><div class = centered-shape id = stop-signal-inner></div></div>,stop,2350.0,stop,0.0,89.0,test,motor_selective_stop_signal,,-1.0,True,"89,71",-1,850.0,89.0,True,,252791,0.0,stim,98.0,stop-signal,s465
350.0,500.0,<div class = coverbox></div><div class = stopbox><div class = centered-shape id = stop-signal></div><div class = centered-shape id = stop-signal-inner></div></div>,stop,2450.0,ignore,1.0,71.0,test,motor_selective_stop_signal,,71.0,True,"89,71",482,850.0,89.0,False,,255243,0.0,stim,99.0,stop-signal,s465
,,,,7500.0,,0.0,,,motor_selective_stop_signal,,-1.0,True,none,-1,7500.0,,True,,262746,1000.0,rest_block,,poldrack-single-stim,s465
350.0,500.0,<div class = coverbox></div><div class = stopbox><div class = centered-shape id = stop-signal></div><div class = centered-shape id = stop-signal-inner></div></div>,go,2350.0,go,1.0,71.0,test,motor_selective_stop_signal,,71.0,True,"89,71",721,850.0,89.0,False,,268103,0.0,stim,100.0,stop-signal,s465
350.0,500.0,<div class = coverbox></div><div class = stopbox><div class = centered-shape id = stop-signal></div><div class = centered-shape id = stop-signal-inner></div></div>,go,2250.0,go,1.0,71.0,test,motor_selective_stop_signal,,71.0,True,"89,71",602,850.0,89.0,False,,270354,0.0,stim,101.0,stop-signal,s465
350.0,500.0,<div class = coverbox></div><div class = stopbox><div class = centered-shape id = stop-signal></div><div class = centered-shape id = stop-signal-inner></div></div>,go,2250.0,go,1.0,71.0,test,motor_selective_stop_signal,,71.0,True,"89,71",548,850.0,89.0,False,,272606,0.0,stim,102.0,stop-signal,s465
350.0,500.0,<div class = coverbox></div><div class = stopbox><div class = centered-shape id = stop-signal></div><div class = centered-shape id = stop-signal-inner></div></div>,stop,2350.0,ignore,1.0,71.0,test,motor_selective_stop_signal,,71.0,True,"89,71",587,850.0,89.0,False,,274959,0.0,stim,103.0,stop-signal,s465
350.0,500.0,<div class = coverbox></div><div class = stopbox><div class = centered-shape id = stop-signal></div><div class = centered-shape id = stop-signal-inner></div></div>,stop,2350.0,stop,1.0,89.0,test,motor_selective_stop_signal,,89.0,True,"89,71",448,850.0,89.0,False,,277311,0.0,stim,104.0,stop-signal,s465
300.0,500.0,<div class = coverbox></div><div class = stopbox><div class = centered-shape id = stop-signal></div><div class = centered-shape id = stop-signal-inner></div></div>,go,2350.0,go,1.0,71.0,test,motor_selective_stop_signal,,71.0,True,"89,71",396,850.0,89.0,False,,279663,0.0,stim,105.0,stop-signal,s465
300.0,500.0,<div class = coverbox></div><div class = stopbox><div class = centered-shape id = stop-signal></div><div class = centered-shape id = stop-signal-inner></div></div>,go,2950.0,go,1.0,89.0,test,motor_selective_stop_signal,,89.0,True,"89,71",472,850.0,89.0,False,,282615,0.0,stim,106.0,stop-signal,s465
300.0,500.0,<div class = coverbox></div><div class = stopbox><div class = centered-shape id = stop-signal></div><div class = centered-shape id = stop-signal-inner></div></div>,go,2250.0,go,1.0,71.0,test,motor_selective_stop_signal,,71.0,True,"89,71",565,850.0,89.0,False,,284867,0.0,stim,107.0,stop-signal,s465
300.0,500.0,<div class = coverbox></div><div class = stopbox><div class = centered-shape id = stop-signal></div><div class = centered-shape id = stop-signal-inner></div></div>,go,2350.0,go,1.0,71.0,test,motor_selective_stop_signal,,71.0,True,"89,71",472,850.0,89.0,False,,287218,0.0,stim,108.0,stop-signal,s465
300.0,500.0,<div class = coverbox></div><div class = stopbox><div class = centered-shape id = stop-signal></div><div class = centered-shape id = stop-signal-inner></div></div>,go,2250.0,go,1.0,71.0,test,motor_selective_stop_signal,,71.0,True,"89,71",501,850.0,89.0,False,,289471,0.0,stim,109.0,stop-signal,s465
300.0,500.0,<div class = coverbox></div><div class = stopbox><div class = centered-shape id = stop-signal></div><div class = centered-shape id = stop-signal-inner></div></div>,stop,2450.0,ignore,1.0,71.0,test,motor_selective_stop_signal,,71.0,True,"89,71",403,850.0,89.0,False,,291923,0.0,stim,110.0,stop-signal,s465
300.0,500.0,<div class = coverbox></div><div class = stopbox><div class = centered-shape id = stop-signal></div><div class = centered-shape id = stop-signal-inner></div></div>,stop,2350.0,ignore,0.0,71.0,test,motor_selective_stop_signal,,89.0,True,"89,71",426,850.0,89.0,False,,294275,0.0,stim,111.0,stop-signal,s465
300.0,500.0,<div class = coverbox></div><div class = stopbox><div class = centered-shape id = stop-signal></div><div class = centered-shape id = stop-signal-inner></div></div>,stop,2550.0,ignore,1.0,71.0,test,motor_selective_stop_signal,,71.0,True,"89,71",500,850.0,89.0,False,,296827,0.0,stim,112.0,stop-signal,s465
300.0,500.0,<div class = coverbox></div><div class = stopbox><div class = centered-shape id = stop-signal></div><div class = centered-shape id = stop-signal-inner></div></div>,go,2550.0,go,1.0,71.0,test,motor_selective_stop_signal,,71.0,True,"89,71",439,850.0,89.0,False,,299379,0.0,stim,113.0,stop-signal,s465
300.0,500.0,<div class = coverbox></div><div class = stopbox><div class = centered-shape id = stop-signal></div><div class = centered-shape id = stop-signal-inner></div></div>,go,2250.0,go,0.0,89.0,test,motor_selective_stop_signal,,71.0,True,"89,71",511,850.0,89.0,False,,301631,0.0,stim,114.0,stop-signal,s465
300.0,500.0,<div class = coverbox></div><div class = stopbox><div class = centered-shape id = stop-signal></div><div class = centered-shape id = stop-signal-inner></div></div>,go,2250.0,go,1.0,89.0,test,motor_selective_stop_signal,,89.0,True,"89,71",469,850.0,89.0,False,,303883,0.0,stim,115.0,stop-signal,s465
300.0,500.0,<div class = coverbox></div><div class = stopbox><div class = centered-shape id = stop-signal></div><div class = centered-shape id = stop-signal-inner></div></div>,stop,2750.0,stop,1.0,89.0,test,motor_selective_stop_signal,,89.0,True,"89,71",959,850.0,89.0,False,,306636,0.0,stim,116.0,stop-signal,s465
250.0,500.0,<div class = coverbox></div><div class = stopbox><div class = centered-shape id = stop-signal></div><div class = centered-shape id = stop-signal-inner></div></div>,stop,2350.0,stop,0.0,89.0,test,motor_selective_stop_signal,,-1.0,True,"89,71",-1,850.0,89.0,True,,308989,0.0,stim,117.0,stop-signal,s465
300.0,500.0,<div class = coverbox></div><div class = stopbox><div class = centered-shape id = stop-signal></div><div class = centered-shape id = stop-signal-inner></div></div>,stop,2250.0,stop,0.0,89.0,test,motor_selective_stop_signal,,-1.0,True,"89,71",-1,850.0,89.0,True,,311240,0.0,stim,118.0,stop-signal,s465
350.0,500.0,<div class = coverbox></div><div class = stopbox><div class = centered-shape id = stop-signal></div><div class = centered-shape id = stop-signal-inner></div></div>,go,2450.0,go,1.0,71.0,test,motor_selective_stop_signal,,71.0,True,"89,71",621,850.0,89.0,False,,313693,0.0,stim,119.0,stop-signal,s465
350.0,500.0,<div class = coverbox></div><div class = stopbox><div class = centered-shape id = stop-signal></div><div class = centered-shape id = stop-signal-inner></div></div>,go,2250.0,go,1.0,71.0,test,motor_selective_stop_signal,,71.0,True,"89,71",527,850.0,89.0,False,,315945,0.0,stim,120.0,stop-signal,s465
350.0,500.0,<div class = coverbox></div><div class = stopbox><div class = centered-shape id = stop-signal></div><div class = centered-shape id = stop-signal-inner></div></div>,go,2350.0,go,1.0,71.0,test,motor_selective_stop_signal,,71.0,True,"89,71",578,850.0,89.0,False,,318297,0.0,stim,121.0,stop-signal,s465
350.0,500.0,<div class = coverbox></div><div class = stopbox><div class = centered-shape id = stop-signal></div><div class = centered-shape id = stop-signal-inner></div></div>,go,2250.0,go,1.0,71.0,test,motor_selective_stop_signal,,71.0,True,"89,71",457,850.0,89.0,False,,320549,0.0,stim,122.0,stop-signal,s465
350.0,500.0,<div class = coverbox></div><div class = stopbox><div class = centered-shape id = stop-signal></div><div class = centered-shape id = stop-signal-inner></div></div>,stop,2250.0,stop,1.0,89.0,test,motor_selective_stop_signal,,89.0,True,"89,71",641,850.0,89.0,False,,322800,0.0,stim,123.0,stop-signal,s465
300.0,500.0,<div class = coverbox></div><div class = stopbox><div class = centered-shape id = stop-signal></div><div class = centered-shape id = stop-signal-inner></div></div>,stop,2250.0,stop,0.0,89.0,test,motor_selective_stop_signal,,-1.0,True,"89,71",-1,850.0,89.0,True,,325053,0.0,stim,124.0,stop-signal,s465
350.0,500.0,<div class = coverbox></div><div class = stopbox><div class = centered-shape id = stop-signal></div><div class = centered-shape id = stop-signal-inner></div></div>,go,2250.0,go,1.0,89.0,test,motor_selective_stop_signal,,89.0,True,"89,71",787,850.0,89.0,False,,327305,0.0,stim,125.0,stop-signal,s465
350.0,500.0,<div class = coverbox></div><div class = stopbox><div class = centered-shape id = stop-signal></div><div class = centered-shape id = stop-signal-inner></div></div>,go,2250.0,go,1.0,71.0,test,motor_selective_stop_signal,,71.0,True,"89,71",584,850.0,89.0,False,,329557,0.0,stim,126.0,stop-signal,s465
350.0,500.0,<div class = coverbox></div><div class = stopbox><div class = centered-shape id = stop-signal></div><div class = centered-shape id = stop-signal-inner></div></div>,stop,2350.0,ignore,1.0,71.0,test,motor_selective_stop_signal,,71.0,True,"89,71",440,850.0,89.0,False,,331909,0.0,stim,127.0,stop-signal,s465
350.0,500.0,<div class = coverbox></div><div class = stopbox><div class = centered-shape id = stop-signal></div><div class = centered-shape id = stop-signal-inner></div></div>,stop,2550.0,stop,0.0,89.0,test,motor_selective_stop_signal,,71.0,True,"89,71",583,850.0,89.0,False,,334462,0.0,stim,128.0,stop-signal,s465
300.0,500.0,<div class = coverbox></div><div class = stopbox><div class = centered-shape id = stop-signal></div><div class = centered-shape id = stop-signal-inner></div></div>,go,2950.0,go,1.0,89.0,test,motor_selective_stop_signal,,89.0,True,"89,71",522,850.0,89.0,False,,337414,0.0,stim,129.0,stop-signal,s465
300.0,500.0,<div class = coverbox></div><div class = stopbox><div class = centered-shape id = stop-signal></div><div class = centered-shape id = stop-signal-inner></div></div>,stop,2250.0,stop,1.0,89.0,test,motor_selective_stop_signal,,89.0,True,"89,71",651,850.0,89.0,False,,339666,0.0,stim,130.0,stop-signal,s465
250.0,500.0,<div class = coverbox></div><div class = stopbox><div class = centered-shape id = stop-signal></div><div class = centered-shape id = stop-signal-inner></div></div>,go,2350.0,go,1.0,71.0,test,motor_selective_stop_signal,,71.0,True,"89,71",593,850.0,89.0,False,,342019,0.0,stim,131.0,stop-signal,s465
250.0,500.0,<div class = coverbox></div><div class = stopbox><div class = centered-shape id = stop-signal></div><div class = centered-shape id = stop-signal-inner></div></div>,go,2550.0,go,1.0,71.0,test,motor_selective_stop_signal,,71.0,True,"89,71",544,850.0,89.0,False,,344572,0.0,stim,132.0,stop-signal,s465
250.0,500.0,<div class = coverbox></div><div class = stopbox><div class = centered-shape id = stop-signal></div><div class = centered-shape id = stop-signal-inner></div></div>,stop,2250.0,ignore,1.0,71.0,test,motor_selective_stop_signal,,71.0,True,"89,71",492,850.0,89.0,False,,346823,0.0,stim,133.0,stop-signal,s465
250.0,500.0,<div class = coverbox></div><div class = stopbox><div class = centered-shape id = stop-signal></div><div class = centered-shape id = stop-signal-inner></div></div>,stop,2350.0,ignore,1.0,71.0,test,motor_selective_stop_signal,,71.0,True,"89,71",546,850.0,89.0,False,,349176,0.0,stim,134.0,stop-signal,s465
250.0,500.0,<div class = coverbox></div><div class = stopbox><div class = centered-shape id = stop-signal></div><div class = centered-shape id = stop-signal-inner></div></div>,stop,2550.0,ignore,1.0,71.0,test,motor_selective_stop_signal,,71.0,True,"89,71",627,850.0,89.0,False,,351727,0.0,stim,135.0,stop-signal,s465
250.0,500.0,<div class = coverbox></div><div class = stopbox><div class = centered-shape id = stop-signal></div><div class = centered-shape id = stop-signal-inner></div></div>,stop,2450.0,ignore,1.0,71.0,test,motor_selective_stop_signal,,71.0,True,"89,71",457,850.0,89.0,False,,354180,0.0,stim,136.0,stop-signal,s465
250.0,500.0,<div class = coverbox></div><div class = stopbox><div class = centered-shape id = stop-signal></div><div class = centered-shape id = stop-signal-inner></div></div>,go,2350.0,go,1.0,89.0,test,motor_selective_stop_signal,,89.0,True,"89,71",674,850.0,89.0,False,,356532,0.0,stim,137.0,stop-signal,s465
250.0,500.0,<div class = coverbox></div><div class = stopbox><div class = centered-shape id = stop-signal></div><div class = centered-shape id = stop-signal-inner></div></div>,go,2650.0,go,1.0,71.0,test,motor_selective_stop_signal,,71.0,True,"89,71",465,850.0,89.0,False,,359185,0.0,stim,138.0,stop-signal,s465
250.0,500.0,<div class = coverbox></div><div class = stopbox><div class = centered-shape id = stop-signal></div><div class = centered-shape id = stop-signal-inner></div></div>,go,2550.0,go,1.0,89.0,test,motor_selective_stop_signal,,89.0,True,"89,71",756,850.0,89.0,False,,361736,0.0,stim,139.0,stop-signal,s465
250.0,500.0,<div class = coverbox></div><div class = stopbox><div class = centered-shape id = stop-signal></div><div class = centered-shape id = stop-signal-inner></div></div>,stop,2750.0,stop,0.0,89.0,test,motor_selective_stop_signal,,-1.0,True,"89,71",-1,850.0,89.0,True,,364488,0.0,stim,140.0,stop-signal,s465
300.0,500.0,<div class = coverbox></div><div class = stopbox><div class = centered-shape id = stop-signal></div><div class = centered-shape id = stop-signal-inner></div></div>,stop,2550.0,stop,0.0,89.0,test,motor_selective_stop_signal,,-1.0,True,"89,71",-1,850.0,89.0,True,,367040,0.0,stim,141.0,stop-signal,s465
350.0,500.0,<div class = coverbox></div><div class = stopbox><div class = centered-shape id = stop-signal></div><div class = centered-shape id = stop-signal-inner></div></div>,stop,2450.0,ignore,1.0,71.0,test,motor_selective_stop_signal,,71.0,True,"89,71",476,850.0,89.0,False,,369492,0.0,stim,142.0,stop-signal,s465
350.0,500.0,<div class = coverbox></div><div class = stopbox><div class = centered-shape id = stop-signal></div><div class = centered-shape id = stop-signal-inner></div></div>,go,2750.0,go,1.0,89.0,test,motor_selective_stop_signal,,89.0,True,"89,71",774,850.0,89.0,False,,372245,0.0,stim,143.0,stop-signal,s465
350.0,500.0,<div class = coverbox></div><div class = stopbox><div class = centered-shape id = stop-signal></div><div class = centered-shape id = stop-signal-inner></div></div>,go,2550.0,go,1.0,89.0,test,motor_selective_stop_signal,,89.0,True,"89,71",602,850.0,89.0,False,,374797,0.0,stim,144.0,stop-signal,s465
350.0,500.0,<div class = coverbox></div><div class = stopbox><div class = centered-shape id = stop-signal></div><div class = centered-shape id = stop-signal-inner></div></div>,stop,2350.0,stop,1.0,89.0,test,motor_selective_stop_signal,,89.0,True,"89,71",528,850.0,89.0,False,,377149,0.0,stim,145.0,stop-signal,s465
300.0,500.0,<div class = coverbox></div><div class = stopbox><div class = centered-shape id = stop-signal></div><div class = centered-shape id = stop-signal-inner></div></div>,go,2250.0,go,1.0,71.0,test,motor_selective_stop_signal,,71.0,True,"89,71",573,850.0,89.0,False,,379402,0.0,stim,146.0,stop-signal,s465
300.0,500.0,<div class = coverbox></div><div class = stopbox><div class = centered-shape id = stop-signal></div><div class = centered-shape id = stop-signal-inner></div></div>,go,2650.0,go,1.0,71.0,test,motor_selective_stop_signal,,71.0,True,"89,71",614,850.0,89.0,False,,382053,0.0,stim,147.0,stop-signal,s465
300.0,500.0,<div class = coverbox></div><div class = stopbox><div class = centered-shape id = stop-signal></div><div class = centered-shape id = stop-signal-inner></div></div>,stop,2250.0,stop,0.0,89.0,test,motor_selective_stop_signal,,-1.0,True,"89,71",-1,850.0,89.0,True,,384306,0.0,stim,148.0,stop-signal,s465
350.0,500.0,<div class = coverbox></div><div class = stopbox><div class = centered-shape id = stop-signal></div><div class = centered-shape id = stop-signal-inner></div></div>,go,2350.0,go,1.0,89.0,test,motor_selective_stop_signal,,89.0,True,"89,71",612,850.0,89.0,False,,386658,0.0,stim,149.0,stop-signal,s465
,,,,7500.0,,0.0,,,motor_selective_stop_signal,,-1.0,True,none,-1,7500.0,,True,,394160,1000.0,rest_block,,poldrack-single-stim,s465
350.0,500.0,<div class = coverbox></div><div class = stopbox><div class = centered-shape id = stop-signal></div><div class = centered-shape id = stop-signal-inner></div></div>,go,2250.0,go,1.0,71.0,test,motor_selective_stop_signal,,71.0,True,"89,71",615,850.0,89.0,False,,399418,0.0,stim,150.0,stop-signal,s465
350.0,500.0,<div class = coverbox></div><div class = stopbox><div class = centered-shape id = stop-signal></div><div class = centered-shape id = stop-signal-inner></div></div>,go,2350.0,go,1.0,89.0,test,motor_selective_stop_signal,,89.0,True,"89,71",503,850.0,89.0,False,,401771,0.0,stim,151.0,stop-signal,s465
350.0,500.0,<div class = coverbox></div><div class = stopbox><div class = centered-shape id = stop-signal></div><div class = centered-shape id = stop-signal-inner></div></div>,go,2350.0,go,1.0,71.0,test,motor_selective_stop_signal,,71.0,True,"89,71",524,850.0,89.0,False,,404123,0.0,stim,152.0,stop-signal,s465
350.0,500.0,<div class = coverbox></div><div class = stopbox><div class = centered-shape id = stop-signal></div><div class = centered-shape id = stop-signal-inner></div></div>,go,2250.0,go,1.0,71.0,test,motor_selective_stop_signal,,71.0,True,"89,71",609,850.0,89.0,False,,406375,0.0,stim,153.0,stop-signal,s465
350.0,500.0,<div class = coverbox></div><div class = stopbox><div class = centered-shape id = stop-signal></div><div class = centered-shape id = stop-signal-inner></div></div>,stop,2850.0,ignore,1.0,71.0,test,motor_selective_stop_signal,,71.0,True,"89,71",1328,850.0,89.0,False,,409228,0.0,stim,154.0,stop-signal,s465
350.0,500.0,<div class = coverbox></div><div class = stopbox><div class = centered-shape id = stop-signal></div><div class = centered-shape id = stop-signal-inner></div></div>,go,2350.0,go,1.0,71.0,test,motor_selective_stop_signal,,71.0,True,"89,71",679,850.0,89.0,False,,411580,0.0,stim,155.0,stop-signal,s465
350.0,500.0,<div class = coverbox></div><div class = stopbox><div class = centered-shape id = stop-signal></div><div class = centered-shape id = stop-signal-inner></div></div>,go,2250.0,go,1.0,89.0,test,motor_selective_stop_signal,,89.0,True,"89,71",691,850.0,89.0,False,,413832,0.0,stim,156.0,stop-signal,s465
350.0,500.0,<div class = coverbox></div><div class = stopbox><div class = centered-shape id = stop-signal></div><div class = centered-shape id = stop-signal-inner></div></div>,go,2350.0,go,1.0,89.0,test,motor_selective_stop_signal,,89.0,True,"89,71",674,850.0,89.0,False,,416183,0.0,stim,157.0,stop-signal,s465
350.0,500.0,<div class = coverbox></div><div class = stopbox><div class = centered-shape id = stop-signal></div><div class = centered-shape id = stop-signal-inner></div></div>,go,2450.0,go,1.0,89.0,test,motor_selective_stop_signal,,89.0,True,"89,71",713,850.0,89.0,False,,418636,0.0,stim,158.0,stop-signal,s465
350.0,500.0,<div class = coverbox></div><div class = stopbox><div class = centered-shape id = stop-signal></div><div class = centered-shape id = stop-signal-inner></div></div>,stop,2250.0,stop,1.0,89.0,test,motor_selective_stop_signal,,89.0,True,"89,71",447,850.0,89.0,False,,420888,0.0,stim,159.0,stop-signal,s465
300.0,500.0,<div class = coverbox></div><div class = stopbox><div class = centered-shape id = stop-signal></div><div class = centered-shape id = stop-signal-inner></div></div>,stop,2250.0,ignore,1.0,71.0,test,motor_selective_stop_signal,,71.0,True,"89,71",644,850.0,89.0,False,,423140,0.0,stim,160.0,stop-signal,s465
300.0,500.0,<div class = coverbox></div><div class = stopbox><div class = centered-shape id = stop-signal></div><div class = centered-shape id = stop-signal-inner></div></div>,go,2750.0,go,0.0,89.0,test,motor_selective_stop_signal,,71.0,True,"89,71",579,850.0,89.0,False,,425893,0.0,stim,161.0,stop-signal,s465
300.0,500.0,<div class = coverbox></div><div class = stopbox><div class = centered-shape id = stop-signal></div><div class = centered-shape id = stop-signal-inner></div></div>,stop,2350.0,ignore,0.0,71.0,test,motor_selective_stop_signal,,-1.0,True,"89,71",-1,850.0,89.0,True,,428245,0.0,stim,162.0,stop-signal,s465
300.0,500.0,<div class = coverbox></div><div class = stopbox><div class = centered-shape id = stop-signal></div><div class = centered-shape id = stop-signal-inner></div></div>,go,2750.0,go,1.0,89.0,test,motor_selective_stop_signal,,89.0,True,"89,71",639,850.0,89.0,False,,430998,0.0,stim,163.0,stop-signal,s465
300.0,500.0,<div class = coverbox></div><div class = stopbox><div class = centered-shape id = stop-signal></div><div class = centered-shape id = stop-signal-inner></div></div>,go,2450.0,go,1.0,89.0,test,motor_selective_stop_signal,,89.0,True,"89,71",945,850.0,89.0,False,,433449,0.0,stim,164.0,stop-signal,s465
300.0,500.0,<div class = coverbox></div><div class = stopbox><div class = centered-shape id = stop-signal></div><div class = centered-shape id = stop-signal-inner></div></div>,go,2250.0,go,1.0,89.0,test,motor_selective_stop_signal,,89.0,True,"89,71",483,850.0,89.0,False,,435702,0.0,stim,165.0,stop-signal,s465
300.0,500.0,<div class = coverbox></div><div class = stopbox><div class = centered-shape id = stop-signal></div><div class = centered-shape id = stop-signal-inner></div></div>,stop,2350.0,stop,0.0,89.0,test,motor_selective_stop_signal,,71.0,True,"89,71",569,850.0,89.0,False,,438054,0.0,stim,166.0,stop-signal,s465
250.0,500.0,<div class = coverbox></div><div class = stopbox><div class = centered-shape id = stop-signal></div><div class = centered-shape id = stop-signal-inner></div></div>,go,2650.0,go,1.0,89.0,test,motor_selective_stop_signal,,89.0,True,"89,71",775,850.0,89.0,False,,440708,0.0,stim,167.0,stop-signal,s465
250.0,500.0,<div class = coverbox></div><div class = stopbox><div class = centered-shape id = stop-signal></div><div class = centered-shape id = stop-signal-inner></div></div>,stop,2450.0,stop,0.0,89.0,test,motor_selective_stop_signal,,-1.0,True,"89,71",-1,850.0,89.0,True,,443159,0.0,stim,168.0,stop-signal,s465
300.0,500.0,<div class = coverbox></div><div class = stopbox><div class = centered-shape id = stop-signal></div><div class = centered-shape id = stop-signal-inner></div></div>,go,2250.0,go,1.0,89.0,test,motor_selective_stop_signal,,89.0,True,"89,71",610,850.0,89.0,False,,445411,0.0,stim,169.0,stop-signal,s465
300.0,500.0,<div class = coverbox></div><div class = stopbox><div class = centered-shape id = stop-signal></div><div class = centered-shape id = stop-signal-inner></div></div>,stop,2350.0,ignore,0.0,71.0,test,motor_selective_stop_signal,,-1.0,True,"89,71",-1,850.0,89.0,True,,447764,0.0,stim,170.0,stop-signal,s465
300.0,500.0,<div class = coverbox></div><div class = stopbox><div class = centered-shape id = stop-signal></div><div class = centered-shape id = stop-signal-inner></div></div>,stop,2950.0,ignore,1.0,71.0,test,motor_selective_stop_signal,,71.0,True,"89,71",474,850.0,89.0,False,,450716,0.0,stim,171.0,stop-signal,s465
300.0,500.0,<div class = coverbox></div><div class = stopbox><div class = centered-shape id = stop-signal></div><div class = centered-shape id = stop-signal-inner></div></div>,go,2250.0,go,1.0,71.0,test,motor_selective_stop_signal,,71.0,True,"89,71",541,850.0,89.0,False,,452968,0.0,stim,172.0,stop-signal,s465
300.0,500.0,<div class = coverbox></div><div class = stopbox><div class = centered-shape id = stop-signal></div><div class = centered-shape id = stop-signal-inner></div></div>,go,2950.0,go,1.0,71.0,test,motor_selective_stop_signal,,71.0,True,"89,71",480,850.0,89.0,False,,455920,0.0,stim,173.0,stop-signal,s465
300.0,500.0,<div class = coverbox></div><div class = stopbox><div class = centered-shape id = stop-signal></div><div class = centered-shape id = stop-signal-inner></div></div>,stop,2450.0,ignore,1.0,71.0,test,motor_selective_stop_signal,,71.0,True,"89,71",373,850.0,89.0,False,,458372,0.0,stim,174.0,stop-signal,s465
300.0,500.0,<div class = coverbox></div><div class = stopbox><div class = centered-shape id = stop-signal></div><div class = centered-shape id = stop-signal-inner></div></div>,stop,2250.0,stop,1.0,89.0,test,motor_selective_stop_signal,,89.0,True,"89,71",445,850.0,89.0,False,,460624,0.0,stim,175.0,stop-signal,s465
250.0,500.0,<div class = coverbox></div><div class = stopbox><div class = centered-shape id = stop-signal></div><div class = centered-shape id = stop-signal-inner></div></div>,go,2350.0,go,0.0,89.0,test,motor_selective_stop_signal,,71.0,True,"89,71",301,850.0,89.0,False,,462977,0.0,stim,176.0,stop-signal,s465
250.0,500.0,<div class = coverbox></div><div class = stopbox><div class = centered-shape id = stop-signal></div><div class = centered-shape id = stop-signal-inner></div></div>,go,2450.0,go,1.0,71.0,test,motor_selective_stop_signal,,71.0,True,"89,71",554,850.0,89.0,False,,465429,0.0,stim,177.0,stop-signal,s465
250.0,500.0,<div class = coverbox></div><div class = stopbox><div class = centered-shape id = stop-signal></div><div class = centered-shape id = stop-signal-inner></div></div>,stop,2250.0,stop,0.0,89.0,test,motor_selective_stop_signal,,-1.0,True,"89,71",-1,850.0,89.0,True,,467682,0.0,stim,178.0,stop-signal,s465
300.0,500.0,<div class = coverbox></div><div class = stopbox><div class = centered-shape id = stop-signal></div><div class = centered-shape id = stop-signal-inner></div></div>,stop,2450.0,ignore,1.0,71.0,test,motor_selective_stop_signal,,71.0,True,"89,71",545,850.0,89.0,False,,470134,0.0,stim,179.0,stop-signal,s465
300.0,500.0,<div class = coverbox></div><div class = stopbox><div class = centered-shape id = stop-signal></div><div class = centered-shape id = stop-signal-inner></div></div>,go,2750.0,go,1.0,89.0,test,motor_selective_stop_signal,,89.0,True,"89,71",525,850.0,89.0,False,,472886,0.0,stim,180.0,stop-signal,s465
300.0,500.0,<div class = coverbox></div><div class = stopbox><div class = centered-shape id = stop-signal></div><div class = centered-shape id = stop-signal-inner></div></div>,stop,2250.0,ignore,1.0,71.0,test,motor_selective_stop_signal,,71.0,True,"89,71",569,850.0,89.0,False,,475139,0.0,stim,181.0,stop-signal,s465
300.0,500.0,<div class = coverbox></div><div class = stopbox><div class = centered-shape id = stop-signal></div><div class = centered-shape id = stop-signal-inner></div></div>,go,2350.0,go,1.0,89.0,test,motor_selective_stop_signal,,89.0,True,"89,71",409,850.0,89.0,False,,477491,0.0,stim,182.0,stop-signal,s465
300.0,500.0,<div class = coverbox></div><div class = stopbox><div class = centered-shape id = stop-signal></div><div class = centered-shape id = stop-signal-inner></div></div>,stop,2450.0,ignore,1.0,71.0,test,motor_selective_stop_signal,,71.0,True,"89,71",534,850.0,89.0,False,,479943,0.0,stim,183.0,stop-signal,s465
300.0,500.0,<div class = coverbox></div><div class = stopbox><div class = centered-shape id = stop-signal></div><div class = centered-shape id = stop-signal-inner></div></div>,go,2350.0,go,1.0,71.0,test,motor_selective_stop_signal,,71.0,True,"89,71",494,850.0,89.0,False,,482296,0.0,stim,184.0,stop-signal,s465
300.0,500.0,<div class = coverbox></div><div class = stopbox><div class = centered-shape id = stop-signal></div><div class = centered-shape id = stop-signal-inner></div></div>,stop,2250.0,ignore,1.0,71.0,test,motor_selective_stop_signal,,71.0,True,"89,71",614,850.0,89.0,False,,484547,0.0,stim,185.0,stop-signal,s465
300.0,500.0,<div class = coverbox></div><div class = stopbox><div class = centered-shape id = stop-signal></div><div class = centered-shape id = stop-signal-inner></div></div>,go,2550.0,go,1.0,89.0,test,motor_selective_stop_signal,,89.0,True,"89,71",410,850.0,89.0,False,,487099,0.0,stim,186.0,stop-signal,s465
300.0,500.0,<div class = coverbox></div><div class = stopbox><div class = centered-shape id = stop-signal></div><div class = centered-shape id = stop-signal-inner></div></div>,go,2450.0,go,1.0,71.0,test,motor_selective_stop_signal,,71.0,True,"89,71",566,850.0,89.0,False,,489552,0.0,stim,187.0,stop-signal,s465
300.0,500.0,<div class = coverbox></div><div class = stopbox><div class = centered-shape id = stop-signal></div><div class = centered-shape id = stop-signal-inner></div></div>,go,2650.0,go,1.0,89.0,test,motor_selective_stop_signal,,89.0,True,"89,71",680,850.0,89.0,False,,492204,0.0,stim,188.0,stop-signal,s465
300.0,500.0,<div class = coverbox></div><div class = stopbox><div class = centered-shape id = stop-signal></div><div class = centered-shape id = stop-signal-inner></div></div>,stop,2250.0,stop,0.0,89.0,test,motor_selective_stop_signal,,-1.0,True,"89,71",-1,850.0,89.0,True,,494457,0.0,stim,189.0,stop-signal,s465
350.0,500.0,<div class = coverbox></div><div class = stopbox><div class = centered-shape id = stop-signal></div><div class = centered-shape id = stop-signal-inner></div></div>,stop,2650.0,ignore,1.0,71.0,test,motor_selective_stop_signal,,71.0,True,"89,71",413,850.0,89.0,False,,497109,0.0,stim,190.0,stop-signal,s465
350.0,500.0,<div class = coverbox></div><div class = stopbox><div class = centered-shape id = stop-signal></div><div class = centered-shape id = stop-signal-inner></div></div>,go,2350.0,go,1.0,89.0,test,motor_selective_stop_signal,,89.0,True,"89,71",578,850.0,89.0,False,,499461,0.0,stim,191.0,stop-signal,s465
350.0,500.0,<div class = coverbox></div><div class = stopbox><div class = centered-shape id = stop-signal></div><div class = centered-shape id = stop-signal-inner></div></div>,go,2250.0,go,1.0,71.0,test,motor_selective_stop_signal,,71.0,True,"89,71",844,850.0,89.0,False,,501713,0.0,stim,192.0,stop-signal,s465
350.0,500.0,<div class = coverbox></div><div class = stopbox><div class = centered-shape id = stop-signal></div><div class = centered-shape id = stop-signal-inner></div></div>,go,2250.0,go,1.0,89.0,test,motor_selective_stop_signal,,89.0,True,"89,71",946,850.0,89.0,False,,503966,0.0,stim,193.0,stop-signal,s465
350.0,500.0,<div class = coverbox></div><div class = stopbox><div class = centered-shape id = stop-signal></div><div class = centered-shape id = stop-signal-inner></div></div>,go,2250.0,go,0.0,89.0,test,motor_selective_stop_signal,,71.0,True,"89,71",535,850.0,89.0,False,,506218,0.0,stim,194.0,stop-signal,s465
350.0,500.0,<div class = coverbox></div><div class = stopbox><div class = centered-shape id = stop-signal></div><div class = centered-shape id = stop-signal-inner></div></div>,go,2350.0,go,1.0,89.0,test,motor_selective_stop_signal,,89.0,True,"89,71",647,850.0,89.0,False,,508570,0.0,stim,195.0,stop-signal,s465
350.0,500.0,<div class = coverbox></div><div class = stopbox><div class = centered-shape id = stop-signal></div><div class = centered-shape id = stop-signal-inner></div></div>,stop,2550.0,ignore,1.0,71.0,test,motor_selective_stop_signal,,71.0,True,"89,71",465,850.0,89.0,False,,511123,0.0,stim,196.0,stop-signal,s465
350.0,500.0,<div class = coverbox></div><div class = stopbox><div class = centered-shape id = stop-signal></div><div class = centered-shape id = stop-signal-inner></div></div>,go,2350.0,go,1.0,71.0,test,motor_selective_stop_signal,,71.0,True,"89,71",520,850.0,89.0,False,,513475,0.0,stim,197.0,stop-signal,s465
350.0,500.0,<div class = coverbox></div><div class = stopbox><div class = centered-shape id = stop-signal></div><div class = centered-shape id = stop-signal-inner></div></div>,stop,2450.0,stop,1.0,89.0,test,motor_selective_stop_signal,,89.0,True,"89,71",365,850.0,89.0,False,,515928,0.0,stim,198.0,stop-signal,s465
300.0,500.0,<div class = coverbox></div><div class = stopbox><div class = centered-shape id = stop-signal></div><div class = centered-shape id = stop-signal-inner></div></div>,go,2450.0,go,1.0,89.0,test,motor_selective_stop_signal,,89.0,True,"89,71",520,850.0,89.0,False,,518380,0.0,stim,199.0,stop-signal,s465
,,,,7500.0,,0.0,,,motor_selective_stop_signal,,-1.0,True,none,-1,7500.0,,True,,525882,1000.0,rest_block,,poldrack-single-stim,s465
300.0,500.0,<div class = coverbox></div><div class = stopbox><div class = centered-shape id = stop-signal></div><div class = centered-shape id = stop-signal-inner></div></div>,stop,2350.0,stop,1.0,89.0,test,motor_selective_stop_signal,,89.0,True,"89,71",511,850.0,89.0,False,,531239,0.0,stim,200.0,stop-signal,s465
250.0,500.0,<div class = coverbox></div><div class = stopbox><div class = centered-shape id = stop-signal></div><div class = centered-shape id = stop-signal-inner></div></div>,stop,2250.0,ignore,1.0,71.0,test,motor_selective_stop_signal,,71.0,True,"89,71",664,850.0,89.0,False,,533491,0.0,stim,201.0,stop-signal,s465
250.0,500.0,<div class = coverbox></div><div class = stopbox><div class = centered-shape id = stop-signal></div><div class = centered-shape id = stop-signal-inner></div></div>,go,2550.0,go,1.0,89.0,test,motor_selective_stop_signal,,89.0,True,"89,71",590,850.0,89.0,False,,536042,0.0,stim,202.0,stop-signal,s465
250.0,500.0,<div class = coverbox></div><div class = stopbox><div class = centered-shape id = stop-signal></div><div class = centered-shape id = stop-signal-inner></div></div>,go,2550.0,go,1.0,71.0,test,motor_selective_stop_signal,,71.0,True,"89,71",510,850.0,89.0,False,,538595,0.0,stim,203.0,stop-signal,s465
250.0,500.0,<div class = coverbox></div><div class = stopbox><div class = centered-shape id = stop-signal></div><div class = centered-shape id = stop-signal-inner></div></div>,stop,2250.0,ignore,0.0,71.0,test,motor_selective_stop_signal,,-1.0,True,"89,71",-1,850.0,89.0,True,,540847,0.0,stim,204.0,stop-signal,s465
250.0,500.0,<div class = coverbox></div><div class = stopbox><div class = centered-shape id = stop-signal></div><div class = centered-shape id = stop-signal-inner></div></div>,go,2250.0,go,1.0,89.0,test,motor_selective_stop_signal,,89.0,True,"89,71",686,850.0,89.0,False,,543099,0.0,stim,205.0,stop-signal,s465
250.0,500.0,<div class = coverbox></div><div class = stopbox><div class = centered-shape id = stop-signal></div><div class = centered-shape id = stop-signal-inner></div></div>,stop,2450.0,stop,0.0,89.0,test,motor_selective_stop_signal,,-1.0,True,"89,71",-1,850.0,89.0,True,,545552,0.0,stim,206.0,stop-signal,s465
300.0,500.0,<div class = coverbox></div><div class = stopbox><div class = centered-shape id = stop-signal></div><div class = centered-shape id = stop-signal-inner></div></div>,go,2350.0,go,1.0,89.0,test,motor_selective_stop_signal,,89.0,True,"89,71",582,850.0,89.0,False,,547904,0.0,stim,207.0,stop-signal,s465
300.0,500.0,<div class = coverbox></div><div class = stopbox><div class = centered-shape id = stop-signal></div><div class = centered-shape id = stop-signal-inner></div></div>,go,2250.0,go,1.0,71.0,test,motor_selective_stop_signal,,71.0,True,"89,71",495,850.0,89.0,False,,550156,0.0,stim,208.0,stop-signal,s465
300.0,500.0,<div class = coverbox></div><div class = stopbox><div class = centered-shape id = stop-signal></div><div class = centered-shape id = stop-signal-inner></div></div>,go,3150.0,go,1.0,89.0,test,motor_selective_stop_signal,,89.0,True,"89,71",714,850.0,89.0,False,,553308,0.0,stim,209.0,stop-signal,s465
300.0,500.0,<div class = coverbox></div><div class = stopbox><div class = centered-shape id = stop-signal></div><div class = centered-shape id = stop-signal-inner></div></div>,go,2650.0,go,1.0,71.0,test,motor_selective_stop_signal,,71.0,True,"89,71",525,850.0,89.0,False,,555960,0.0,stim,210.0,stop-signal,s465
300.0,500.0,<div class = coverbox></div><div class = stopbox><div class = centered-shape id = stop-signal></div><div class = centered-shape id = stop-signal-inner></div></div>,stop,2250.0,ignore,1.0,71.0,test,motor_selective_stop_signal,,71.0,True,"89,71",676,850.0,89.0,False,,558213,0.0,stim,211.0,stop-signal,s465
300.0,500.0,<div class = coverbox></div><div class = stopbox><div class = centered-shape id = stop-signal></div><div class = centered-shape id = stop-signal-inner></div></div>,stop,2450.0,stop,1.0,89.0,test,motor_selective_stop_signal,,89.0,True,"89,71",589,850.0,89.0,False,,560666,0.0,stim,212.0,stop-signal,s465
250.0,500.0,<div class = coverbox></div><div class = stopbox><div class = centered-shape id = stop-signal></div><div class = centered-shape id = stop-signal-inner></div></div>,stop,2850.0,ignore,1.0,71.0,test,motor_selective_stop_signal,,71.0,True,"89,71",497,850.0,89.0,False,,563518,0.0,stim,213.0,stop-signal,s465
250.0,500.0,<div class = coverbox></div><div class = stopbox><div class = centered-shape id = stop-signal></div><div class = centered-shape id = stop-signal-inner></div></div>,go,2450.0,go,1.0,89.0,test,motor_selective_stop_signal,,89.0,True,"89,71",535,850.0,89.0,False,,565971,0.0,stim,214.0,stop-signal,s465
250.0,500.0,<div class = coverbox></div><div class = stopbox><div class = centered-shape id = stop-signal></div><div class = centered-shape id = stop-signal-inner></div></div>,go,2250.0,go,1.0,89.0,test,motor_selective_stop_signal,,89.0,True,"89,71",857,850.0,89.0,False,,568223,0.0,stim,215.0,stop-signal,s465
250.0,500.0,<div class = coverbox></div><div class = stopbox><div class = centered-shape id = stop-signal></div><div class = centered-shape id = stop-signal-inner></div></div>,go,2250.0,go,1.0,71.0,test,motor_selective_stop_signal,,71.0,True,"89,71",600,850.0,89.0,False,,570475,0.0,stim,216.0,stop-signal,s465
250.0,500.0,<div class = coverbox></div><div class = stopbox><div class = centered-shape id = stop-signal></div><div class = centered-shape id = stop-signal-inner></div></div>,stop,2550.0,ignore,0.0,71.0,test,motor_selective_stop_signal,,-1.0,True,"89,71",-1,850.0,89.0,True,,573027,0.0,stim,217.0,stop-signal,s465
250.0,500.0,<div class = coverbox></div><div class = stopbox><div class = centered-shape id = stop-signal></div><div class = centered-shape id = stop-signal-inner></div></div>,stop,2250.0,stop,0.0,89.0,test,motor_selective_stop_signal,,-1.0,True,"89,71",-1,850.0,89.0,True,,575279,0.0,stim,218.0,stop-signal,s465
300.0,500.0,<div class = coverbox></div><div class = stopbox><div class = centered-shape id = stop-signal></div><div class = centered-shape id = stop-signal-inner></div></div>,go,2350.0,go,1.0,71.0,test,motor_selective_stop_signal,,71.0,True,"89,71",626,850.0,89.0,False,,577632,0.0,stim,219.0,stop-signal,s465
300.0,500.0,<div class = coverbox></div><div class = stopbox><div class = centered-shape id = stop-signal></div><div class = centered-shape id = stop-signal-inner></div></div>,stop,2350.0,stop,1.0,89.0,test,motor_selective_stop_signal,,89.0,True,"89,71",1369,850.0,89.0,False,,579984,0.0,stim,220.0,stop-signal,s465
250.0,500.0,<div class = coverbox></div><div class = stopbox><div class = centered-shape id = stop-signal></div><div class = centered-shape id = stop-signal-inner></div></div>,go,2250.0,go,1.0,89.0,test,motor_selective_stop_signal,,89.0,True,"89,71",660,850.0,89.0,False,,582237,0.0,stim,221.0,stop-signal,s465
250.0,500.0,<div class = coverbox></div><div class = stopbox><div class = centered-shape id = stop-signal></div><div class = centered-shape id = stop-signal-inner></div></div>,stop,2350.0,ignore,1.0,71.0,test,motor_selective_stop_signal,,71.0,True,"89,71",895,850.0,89.0,False,,584589,0.0,stim,222.0,stop-signal,s465
250.0,500.0,<div class = coverbox></div><div class = stopbox><div class = centered-shape id = stop-signal></div><div class = centered-shape id = stop-signal-inner></div></div>,go,2250.0,go,1.0,71.0,test,motor_selective_stop_signal,,71.0,True,"89,71",619,850.0,89.0,False,,586841,0.0,stim,223.0,stop-signal,s465
250.0,500.0,<div class = coverbox></div><div class = stopbox><div class = centered-shape id = stop-signal></div><div class = centered-shape id = stop-signal-inner></div></div>,go,2450.0,go,1.0,71.0,test,motor_selective_stop_signal,,71.0,True,"89,71",550,850.0,89.0,False,,589293,0.0,stim,224.0,stop-signal,s465
250.0,500.0,<div class = coverbox></div><div class = stopbox><div class = centered-shape id = stop-signal></div><div class = centered-shape id = stop-signal-inner></div></div>,go,2250.0,go,1.0,89.0,test,motor_selective_stop_signal,,89.0,True,"89,71",820,850.0,89.0,False,,591545,0.0,stim,225.0,stop-signal,s465
250.0,500.0,<div class = coverbox></div><div class = stopbox><div class = centered-shape id = stop-signal></div><div class = centered-shape id = stop-signal-inner></div></div>,go,2350.0,go,1.0,89.0,test,motor_selective_stop_signal,,89.0,True,"89,71",824,850.0,89.0,False,,593897,0.0,stim,226.0,stop-signal,s465
250.0,500.0,<div class = coverbox></div><div class = stopbox><div class = centered-shape id = stop-signal></div><div class = centered-shape id = stop-signal-inner></div></div>,stop,2450.0,ignore,1.0,71.0,test,motor_selective_stop_signal,,71.0,True,"89,71",465,850.0,89.0,False,,596350,0.0,stim,227.0,stop-signal,s465
250.0,500.0,<div class = coverbox></div><div class = stopbox><div class = centered-shape id = stop-signal></div><div class = centered-shape id = stop-signal-inner></div></div>,stop,2250.0,stop,1.0,89.0,test,motor_selective_stop_signal,,89.0,True,"89,71",661,850.0,89.0,False,,598602,0.0,stim,228.0,stop-signal,s465
200.0,500.0,<div class = coverbox></div><div class = stopbox><div class = centered-shape id = stop-signal></div><div class = centered-shape id = stop-signal-inner></div></div>,go,2250.0,go,1.0,89.0,test,motor_selective_stop_signal,,89.0,True,"89,71",820,850.0,89.0,False,,600854,0.0,stim,229.0,stop-signal,s465
200.0,500.0,<div class = coverbox></div><div class = stopbox><div class = centered-shape id = stop-signal></div><div class = centered-shape id = stop-signal-inner></div></div>,go,2850.0,go,1.0,89.0,test,motor_selective_stop_signal,,89.0,True,"89,71",671,850.0,89.0,False,,603708,0.0,stim,230.0,stop-signal,s465
200.0,500.0,<div class = coverbox></div><div class = stopbox><div class = centered-shape id = stop-signal></div><div class = centered-shape id = stop-signal-inner></div></div>,go,2250.0,go,1.0,89.0,test,motor_selective_stop_signal,,89.0,True,"89,71",589,850.0,89.0,False,,605959,0.0,stim,231.0,stop-signal,s465
200.0,500.0,<div class = coverbox></div><div class = stopbox><div class = centered-shape id = stop-signal></div><div class = centered-shape id = stop-signal-inner></div></div>,go,3450.0,go,1.0,71.0,test,motor_selective_stop_signal,,71.0,True,"89,71",525,850.0,89.0,False,,609411,0.0,stim,232.0,stop-signal,s465
200.0,500.0,<div class = coverbox></div><div class = stopbox><div class = centered-shape id = stop-signal></div><div class = centered-shape id = stop-signal-inner></div></div>,stop,2350.0,ignore,0.0,71.0,test,motor_selective_stop_signal,,-1.0,True,"89,71",-1,850.0,89.0,True,,611763,0.0,stim,233.0,stop-signal,s465
200.0,500.0,<div class = coverbox></div><div class = stopbox><div class = centered-shape id = stop-signal></div><div class = centered-shape id = stop-signal-inner></div></div>,stop,2350.0,ignore,1.0,71.0,test,motor_selective_stop_signal,,71.0,True,"89,71",697,850.0,89.0,False,,614116,0.0,stim,234.0,stop-signal,s465
200.0,500.0,<div class = coverbox></div><div class = stopbox><div class = centered-shape id = stop-signal></div><div class = centered-shape id = stop-signal-inner></div></div>,go,2350.0,go,1.0,71.0,test,motor_selective_stop_signal,,71.0,True,"89,71",665,850.0,89.0,False,,616468,0.0,stim,235.0,stop-signal,s465
200.0,500.0,<div class = coverbox></div><div class = stopbox><div class = centered-shape id = stop-signal></div><div class = centered-shape id = stop-signal-inner></div></div>,stop,2450.0,stop,1.0,89.0,test,motor_selective_stop_signal,,89.0,True,"89,71",675,850.0,89.0,False,,618920,0.0,stim,236.0,stop-signal,s465
150.0,500.0,<div class = coverbox></div><div class = stopbox><div class = centered-shape id = stop-signal></div><div class = centered-shape id = stop-signal-inner></div></div>,stop,2550.0,ignore,1.0,71.0,test,motor_selective_stop_signal,,71.0,True,"89,71",658,850.0,89.0,False,,621473,0.0,stim,237.0,stop-signal,s465
150.0,500.0,<div class = coverbox></div><div class = stopbox><div class = centered-shape id = stop-signal></div><div class = centered-shape id = stop-signal-inner></div></div>,go,2350.0,go,1.0,71.0,test,motor_selective_stop_signal,,71.0,True,"89,71",495,850.0,89.0,False,,623825,0.0,stim,238.0,stop-signal,s465
150.0,500.0,<div class = coverbox></div><div class = stopbox><div class = centered-shape id = stop-signal></div><div class = centered-shape id = stop-signal-inner></div></div>,stop,2250.0,stop,1.0,89.0,test,motor_selective_stop_signal,,89.0,True,"89,71",891,850.0,89.0,False,,626077,0.0,stim,239.0,stop-signal,s465
100.0,500.0,<div class = coverbox></div><div class = stopbox><div class = centered-shape id = stop-signal></div><div class = centered-shape id = stop-signal-inner></div></div>,go,2250.0,go,1.0,89.0,test,motor_selective_stop_signal,,89.0,True,"89,71",572,850.0,89.0,False,,628329,0.0,stim,240.0,stop-signal,s465
100.0,500.0,<div class = coverbox></div><div class = stopbox><div class = centered-shape id = stop-signal></div><div class = centered-shape id = stop-signal-inner></div></div>,go,3050.0,go,0.0,89.0,test,motor_selective_stop_signal,,71.0,True,"89,71",490,850.0,89.0,False,,631381,0.0,stim,241.0,stop-signal,s465
100.0,500.0,<div class = coverbox></div><div class = stopbox><div class = centered-shape id = stop-signal></div><div class = centered-shape id = stop-signal-inner></div></div>,go,2450.0,go,1.0,71.0,test,motor_selective_stop_signal,,71.0,True,"89,71",461,850.0,89.0,False,,633833,0.0,stim,242.0,stop-signal,s465
100.0,500.0,<div class = coverbox></div><div class = stopbox><div class = centered-shape id = stop-signal></div><div class = centered-shape id = stop-signal-inner></div></div>,go,2350.0,go,1.0,89.0,test,motor_selective_stop_signal,,89.0,True,"89,71",584,850.0,89.0,False,,636185,0.0,stim,243.0,stop-signal,s465
100.0,500.0,<div class = coverbox></div><div class = stopbox><div class = centered-shape id = stop-signal></div><div class = centered-shape id = stop-signal-inner></div></div>,stop,2250.0,stop,1.0,89.0,test,motor_selective_stop_signal,,89.0,True,"89,71",591,850.0,89.0,False,,638438,0.0,stim,244.0,stop-signal,s465
50.0,500.0,<div class = coverbox></div><div class = stopbox><div class = centered-shape id = stop-signal></div><div class = centered-shape id = stop-signal-inner></div></div>,stop,3250.0,stop,0.0,89.0,test,motor_selective_stop_signal,,-1.0,True,"89,71",-1,850.0,89.0,True,,641690,0.0,stim,245.0,stop-signal,s465
100.0,500.0,<div class = coverbox></div><div class = stopbox><div class = centered-shape id = stop-signal></div><div class = centered-shape id = stop-signal-inner></div></div>,go,2950.0,go,1.0,89.0,test,motor_selective_stop_signal,,89.0,True,"89,71",543,850.0,89.0,False,,644642,0.0,stim,246.0,stop-signal,s465
100.0,500.0,<div class = coverbox></div><div class = stopbox><div class = centered-shape id = stop-signal></div><div class = centered-shape id = stop-signal-inner></div></div>,stop,2550.0,stop,0.0,89.0,test,motor_selective_stop_signal,,-1.0,True,"89,71",-1,850.0,89.0,True,,647194,0.0,stim,247.0,stop-signal,s465
150.0,500.0,<div class = coverbox></div><div class = stopbox><div class = centered-shape id = stop-signal></div><div class = centered-shape id = stop-signal-inner></div></div>,go,2350.0,go,1.0,71.0,test,motor_selective_stop_signal,,71.0,True,"89,71",517,850.0,89.0,False,,649547,0.0,stim,248.0,stop-signal,s465
150.0,500.0,<div class = coverbox></div><div class = stopbox><div class = centered-shape id = stop-signal></div><div class = centered-shape id = stop-signal-inner></div></div>,stop,2550.0,stop,1.0,89.0,test,motor_selective_stop_signal,,89.0,True,"89,71",858,850.0,89.0,False,,652099,0.0,stim,249.0,stop-signal,s465
