,block_duration,condition,correct,current_position,exp_stage,experiment_exp_id,goal_state,key_press,min_moves,num_moves_made,possible_responses,problem_id,problem_time,rt,start_state,stim_duration,text,time_elapsed,trial_id,trial_type,worker_id
4,10934.0,,,,,ward_and_allport,,32,,,32,,,10934,,10934.0,,-94792,instruction,poldrack-single-stim,s491
23,1500.0,,,,,ward_and_allport,,-1,,,none,,,-1,,1500.0,,2509,practice_start_block,poldrack-single-stim,s491
24,2901.0,UA_with_intermeidate,,"1,0,0,2,0,0,0,0,0",practice,ward_and_allport,"1,2,3,0,0,0,0,0,0",71,3.0,1.0,"89,71",0.0,,2901,"1,0,0,2,3,0,0,0,0",2901.0,,5915,to_hand,poldrack-single-stim,s491
25,440.0,UA_with_intermeidate,,"1,0,0,2,0,0,3,0,0",practice,ward_and_allport,"1,2,3,0,0,0,0,0,0",82,3.0,1.0,"89,71,82",0.0,,440,"1,0,0,2,3,0,0,0,0",440.0,,6359,to_board,poldrack-single-stim,s491
26,986.0,UA_with_intermeidate,,"1,0,0,0,0,0,3,0,0",practice,ward_and_allport,"1,2,3,0,0,0,0,0,0",71,3.0,2.0,"89,71,82",0.0,,986,"1,0,0,2,3,0,0,0,0",986.0,,7349,to_hand,poldrack-single-stim,s491
27,326.0,UA_with_intermeidate,,"1,2,0,0,0,0,3,0,0",practice,ward_and_allport,"1,2,3,0,0,0,0,0,0",89,3.0,2.0,"89,71,82",0.0,,326,"1,0,0,2,3,0,0,0,0",326.0,,7677,to_board,poldrack-single-stim,s491
28,957.0,UA_with_intermeidate,,"1,2,0,0,0,0,0,0,0",practice,ward_and_allport,"1,2,3,0,0,0,0,0,0",82,3.0,3.0,"89,82",0.0,,957,"1,0,0,2,3,0,0,0,0",957.0,,8637,to_hand,poldrack-single-stim,s491
29,291.0,UA_with_intermeidate,,"1,2,3,0,0,0,0,0,0",practice,ward_and_allport,"1,2,3,0,0,0,0,0,0",89,3.0,3.0,"89,71,82",0.0,,291,"1,0,0,2,3,0,0,0,0",291.0,,8930,to_board,poldrack-single-stim,s491
30,2500.0,,True,,practice,ward_and_allport,,-1,3.0,3.0,none,,8926.0,-1,,1000.0,,11435,feedback,poldrack-single-stim,s491
31,2419.0,UA_with_intermeidate,,"1,2,0,0,0,0,0,0,0",practice,ward_and_allport,"1,3,2,0,0,0,0,0,0",71,3.0,1.0,"89,71",1.0,,2419,"1,2,0,3,0,0,0,0,0",2419.0,,13859,to_hand,poldrack-single-stim,s491
32,269.0,UA_with_intermeidate,,"1,2,3,0,0,0,0,0,0",practice,ward_and_allport,"1,3,2,0,0,0,0,0,0",89,3.0,1.0,"89,71,82",1.0,,269,"1,2,0,3,0,0,0,0,0",269.0,,14131,to_board,poldrack-single-stim,s491
33,1793.0,UA_with_intermeidate,,"1,2,0,0,0,0,0,0,0",practice,ward_and_allport,"1,3,2,0,0,0,0,0,0",89,3.0,2.0,89,1.0,,1793,"1,2,0,3,0,0,0,0,0",1793.0,,15929,to_hand,poldrack-single-stim,s491
34,423.0,UA_with_intermeidate,,"1,2,0,0,0,0,3,0,0",practice,ward_and_allport,"1,3,2,0,0,0,0,0,0",82,3.0,2.0,"89,71,82",1.0,,423,"1,2,0,3,0,0,0,0,0",423.0,,16354,to_board,poldrack-single-stim,s491
35,1250.0,UA_with_intermeidate,,"1,0,0,0,0,0,3,0,0",practice,ward_and_allport,"1,3,2,0,0,0,0,0,0",89,3.0,3.0,"89,82",1.0,,1250,"1,2,0,3,0,0,0,0,0",1250.0,,17608,to_hand,poldrack-single-stim,s491
36,276.0,UA_with_intermeidate,,"1,0,0,2,0,0,3,0,0",practice,ward_and_allport,"1,3,2,0,0,0,0,0,0",71,3.0,3.0,"89,71,82",1.0,,276,"1,2,0,3,0,0,0,0,0",276.0,,17886,to_board,poldrack-single-stim,s491
37,734.0,UA_with_intermeidate,,"0,0,0,2,0,0,3,0,0",practice,ward_and_allport,"1,3,2,0,0,0,0,0,0",89,3.0,4.0,"89,71,82",1.0,,734,"1,2,0,3,0,0,0,0,0",734.0,,18624,to_hand,poldrack-single-stim,s491
38,820.0,UA_with_intermeidate,,"1,0,0,2,0,0,3,0,0",practice,ward_and_allport,"1,3,2,0,0,0,0,0,0",89,3.0,4.0,"89,71,82",1.0,,820,"1,2,0,3,0,0,0,0,0",820.0,,19446,to_board,poldrack-single-stim,s491
39,802.0,UA_with_intermeidate,,"1,0,0,0,0,0,3,0,0",practice,ward_and_allport,"1,3,2,0,0,0,0,0,0",71,3.0,5.0,"89,71,82",1.0,,802,"1,2,0,3,0,0,0,0,0",802.0,,20254,to_hand,poldrack-single-stim,s491
40,676.0,UA_with_intermeidate,,"1,0,0,2,0,0,3,0,0",practice,ward_and_allport,"1,3,2,0,0,0,0,0,0",71,3.0,5.0,"89,71,82",1.0,,676,"1,2,0,3,0,0,0,0,0",676.0,,20932,to_board,poldrack-single-stim,s491
41,431.0,UA_with_intermeidate,,"1,0,0,2,0,0,0,0,0",practice,ward_and_allport,"1,3,2,0,0,0,0,0,0",82,3.0,6.0,"89,71,82",1.0,,431,"1,2,0,3,0,0,0,0,0",431.0,,21367,to_hand,poldrack-single-stim,s491
42,362.0,UA_with_intermeidate,,"1,3,0,2,0,0,0,0,0",practice,ward_and_allport,"1,3,2,0,0,0,0,0,0",89,3.0,6.0,"89,71,82",1.0,,362,"1,2,0,3,0,0,0,0,0",362.0,,21731,to_board,poldrack-single-stim,s491
43,580.0,UA_with_intermeidate,,"1,3,0,0,0,0,0,0,0",practice,ward_and_allport,"1,3,2,0,0,0,0,0,0",71,3.0,7.0,"89,71",1.0,,580,"1,2,0,3,0,0,0,0,0",580.0,,22318,to_hand,poldrack-single-stim,s491
44,332.0,UA_with_intermeidate,,"1,3,2,0,0,0,0,0,0",practice,ward_and_allport,"1,3,2,0,0,0,0,0,0",89,3.0,7.0,"89,71,82",1.0,,332,"1,2,0,3,0,0,0,0,0",332.0,,22653,to_board,poldrack-single-stim,s491
45,2100.0,,True,,practice,ward_and_allport,,-1,3.0,7.0,none,,13323.0,-1,,1000.0,,24758,feedback,poldrack-single-stim,s491
46,3213.0,UA_without_intermeidate,,"0,0,0,1,0,0,3,0,0",practice,ward_and_allport,"3,2,1,0,0,0,0,0,0",71,3.0,1.0,"71,82",2.0,,3213,"0,0,0,1,2,0,3,0,0",3213.0,,27975,to_hand,poldrack-single-stim,s491
47,322.0,UA_without_intermeidate,,"0,0,0,1,0,0,3,2,0",practice,ward_and_allport,"3,2,1,0,0,0,0,0,0",82,3.0,1.0,"89,71,82",2.0,,322,"0,0,0,1,2,0,3,0,0",322.0,,28299,to_board,poldrack-single-stim,s491
48,416.0,UA_without_intermeidate,,"0,0,0,0,0,0,3,2,0",practice,ward_and_allport,"3,2,1,0,0,0,0,0,0",71,3.0,2.0,"71,82",2.0,,416,"0,0,0,1,2,0,3,0,0",416.0,,28719,to_hand,poldrack-single-stim,s491
49,287.0,UA_without_intermeidate,,"0,0,0,0,0,0,3,2,1",practice,ward_and_allport,"3,2,1,0,0,0,0,0,0",82,3.0,2.0,"89,71,82",2.0,,287,"0,0,0,1,2,0,3,0,0",287.0,,29009,to_board,poldrack-single-stim,s491
50,3740.0,UA_without_intermeidate,,"0,0,0,0,0,0,3,2,0",practice,ward_and_allport,"3,2,1,0,0,0,0,0,0",82,3.0,3.0,82,2.0,,3740,"0,0,0,1,2,0,3,0,0",3740.0,,32754,to_hand,poldrack-single-stim,s491
51,249.0,UA_without_intermeidate,,"1,0,0,0,0,0,3,2,0",practice,ward_and_allport,"3,2,1,0,0,0,0,0,0",89,3.0,3.0,"89,71,82",2.0,,249,"0,0,0,1,2,0,3,0,0",249.0,,33005,to_board,poldrack-single-stim,s491
52,1416.0,UA_without_intermeidate,,"0,0,0,0,0,0,3,2,0",practice,ward_and_allport,"3,2,1,0,0,0,0,0,0",89,3.0,4.0,"89,82",2.0,,1416,"0,0,0,1,2,0,3,0,0",1416.0,,34427,to_hand,poldrack-single-stim,s491
53,213.0,UA_without_intermeidate,,"0,0,0,1,0,0,3,2,0",practice,ward_and_allport,"3,2,1,0,0,0,0,0,0",71,3.0,4.0,"89,71,82",2.0,,213,"0,0,0,1,2,0,3,0,0",213.0,,34643,to_board,poldrack-single-stim,s491
54,1314.0,UA_without_intermeidate,,"0,0,0,0,0,0,3,2,0",practice,ward_and_allport,"3,2,1,0,0,0,0,0,0",71,3.0,5.0,"71,82",2.0,,1314,"0,0,0,1,2,0,3,0,0",1314.0,,35962,to_hand,poldrack-single-stim,s491
55,1736.0,UA_without_intermeidate,,"0,0,0,1,0,0,3,2,0",practice,ward_and_allport,"3,2,1,0,0,0,0,0,0",71,3.0,5.0,"89,71,82",2.0,,1736,"0,0,0,1,2,0,3,0,0",1736.0,,37701,to_board,poldrack-single-stim,s491
56,1114.0,UA_without_intermeidate,,"0,0,0,0,0,0,3,2,0",practice,ward_and_allport,"3,2,1,0,0,0,0,0,0",71,3.0,6.0,"71,82",2.0,,1114,"0,0,0,1,2,0,3,0,0",1114.0,,38819,to_hand,poldrack-single-stim,s491
57,523.0,UA_without_intermeidate,,"0,0,0,1,0,0,3,2,0",practice,ward_and_allport,"3,2,1,0,0,0,0,0,0",71,3.0,6.0,"89,71,82",2.0,,523,"0,0,0,1,2,0,3,0,0",523.0,,39344,to_board,poldrack-single-stim,s491
58,301.0,UA_without_intermeidate,,"0,0,0,1,0,0,3,0,0",practice,ward_and_allport,"3,2,1,0,0,0,0,0,0",82,3.0,7.0,"71,82",2.0,,301,"0,0,0,1,2,0,3,0,0",301.0,,39650,to_hand,poldrack-single-stim,s491
59,135.0,UA_without_intermeidate,,"0,0,0,1,2,0,3,0,0",practice,ward_and_allport,"3,2,1,0,0,0,0,0,0",71,3.0,7.0,"89,71,82",2.0,,135,"0,0,0,1,2,0,3,0,0",135.0,,39787,to_board,poldrack-single-stim,s491
60,760.0,UA_without_intermeidate,,"0,0,0,1,2,0,0,0,0",practice,ward_and_allport,"3,2,1,0,0,0,0,0,0",82,3.0,8.0,"71,82",2.0,,760,"0,0,0,1,2,0,3,0,0",760.0,,40552,to_hand,poldrack-single-stim,s491
61,304.0,UA_without_intermeidate,,"3,0,0,1,2,0,0,0,0",practice,ward_and_allport,"3,2,1,0,0,0,0,0,0",89,3.0,8.0,"89,71,82",2.0,,304,"0,0,0,1,2,0,3,0,0",304.0,,40858,to_board,poldrack-single-stim,s491
62,1038.0,UA_without_intermeidate,,"3,0,0,1,0,0,0,0,0",practice,ward_and_allport,"3,2,1,0,0,0,0,0,0",71,3.0,9.0,"89,71",2.0,,1038,"0,0,0,1,2,0,3,0,0",1038.0,,41902,to_hand,poldrack-single-stim,s491
63,295.0,UA_without_intermeidate,,"3,2,0,1,0,0,0,0,0",practice,ward_and_allport,"3,2,1,0,0,0,0,0,0",89,3.0,9.0,"89,71,82",2.0,,295,"0,0,0,1,2,0,3,0,0",295.0,,42199,to_board,poldrack-single-stim,s491
64,325.0,UA_without_intermeidate,,"3,2,0,0,0,0,0,0,0",practice,ward_and_allport,"3,2,1,0,0,0,0,0,0",71,3.0,10.0,"89,71",2.0,,325,"0,0,0,1,2,0,3,0,0",325.0,,42530,to_hand,poldrack-single-stim,s491
65,223.0,UA_without_intermeidate,,"3,2,1,0,0,0,0,0,0",practice,ward_and_allport,"3,2,1,0,0,0,0,0,0",89,3.0,10.0,"89,71,82",2.0,,223,"0,0,0,1,2,0,3,0,0",223.0,,42756,to_board,poldrack-single-stim,s491
66,2200.0,,True,,practice,ward_and_allport,,-1,3.0,10.0,none,,20205.0,-1,,1000.0,,44963,feedback,poldrack-single-stim,s491
67,2186.0,UA_without_intermeidate,,"0,0,0,1,0,0,3,0,0",practice,ward_and_allport,"2,3,1,0,0,0,0,0,0",71,3.0,1.0,"71,82",3.0,,2186,"0,0,0,1,2,0,3,0,0",2186.0,,47156,to_hand,poldrack-single-stim,s491
68,326.0,UA_without_intermeidate,,"2,0,0,1,0,0,3,0,0",practice,ward_and_allport,"2,3,1,0,0,0,0,0,0",89,3.0,1.0,"89,71,82",3.0,,326,"0,0,0,1,2,0,3,0,0",326.0,,47485,to_board,poldrack-single-stim,s491
69,882.0,UA_without_intermeidate,,"2,0,0,1,0,0,0,0,0",practice,ward_and_allport,"2,3,1,0,0,0,0,0,0",82,3.0,2.0,"89,71,82",3.0,,882,"0,0,0,1,2,0,3,0,0",882.0,,48374,to_hand,poldrack-single-stim,s491
70,390.0,UA_without_intermeidate,,"2,3,0,1,0,0,0,0,0",practice,ward_and_allport,"2,3,1,0,0,0,0,0,0",89,3.0,2.0,"89,71,82",3.0,,390,"0,0,0,1,2,0,3,0,0",390.0,,48767,to_board,poldrack-single-stim,s491
71,384.0,UA_without_intermeidate,,"2,3,0,0,0,0,0,0,0",practice,ward_and_allport,"2,3,1,0,0,0,0,0,0",71,3.0,3.0,"89,71",3.0,,384,"0,0,0,1,2,0,3,0,0",384.0,,49157,to_hand,poldrack-single-stim,s491
72,256.0,UA_without_intermeidate,,"2,3,1,0,0,0,0,0,0",practice,ward_and_allport,"2,3,1,0,0,0,0,0,0",89,3.0,3.0,"89,71,82",3.0,,256,"0,0,0,1,2,0,3,0,0",256.0,,49416,to_board,poldrack-single-stim,s491
73,2000.0,,True,,practice,ward_and_allport,,-1,3.0,3.0,none,,6460.0,-1,,1000.0,,51423,feedback,poldrack-single-stim,s491
74,1500.0,,,,,ward_and_allport,,-1,,,none,,,-1,,1500.0,,52929,test_start_block,poldrack-single-stim,s491
75,4790.0,PA_without_intermediate,,"1,2,0,0,0,0,0,0,0",practice,ward_and_allport,"0,0,0,3,2,0,1,0,0",89,3.0,1.0,89,0.0,,4790,"1,2,3,0,0,0,0,0,0",4790.0,,58223,to_hand,poldrack-single-stim,s491
76,425.0,PA_without_intermediate,,"1,2,0,3,0,0,0,0,0",practice,ward_and_allport,"0,0,0,3,2,0,1,0,0",71,3.0,1.0,"89,71,82",0.0,,425,"1,2,3,0,0,0,0,0,0",425.0,,58650,to_board,poldrack-single-stim,s491
77,1416.0,PA_without_intermediate,,"1,0,0,3,0,0,0,0,0",practice,ward_and_allport,"0,0,0,3,2,0,1,0,0",89,3.0,2.0,"89,71",0.0,,1416,"1,2,3,0,0,0,0,0,0",1416.0,,60071,to_hand,poldrack-single-stim,s491
78,576.0,PA_without_intermediate,,"1,0,0,3,2,0,0,0,0",practice,ward_and_allport,"0,0,0,3,2,0,1,0,0",71,3.0,2.0,"89,71,82",0.0,,576,"1,2,3,0,0,0,0,0,0",576.0,,60650,to_board,poldrack-single-stim,s491
79,537.0,PA_without_intermediate,,"0,0,0,3,2,0,0,0,0",practice,ward_and_allport,"0,0,0,3,2,0,1,0,0",89,3.0,3.0,"89,71",0.0,,537,"1,2,3,0,0,0,0,0,0",537.0,,61192,to_hand,poldrack-single-stim,s491
80,299.0,PA_without_intermediate,,"0,0,0,3,2,0,1,0,0",practice,ward_and_allport,"0,0,0,3,2,0,1,0,0",82,3.0,3.0,"89,71,82",0.0,,299,"1,2,3,0,0,0,0,0,0",299.0,,61494,to_board,poldrack-single-stim,s491
81,3088.0,,True,,test,ward_and_allport,,-1,3.0,3.0,none,,11660.0,-1,,1000.0,,64590,feedback,poldrack-single-stim,s491
82,3559.0,PA_with_intermediate,,"0,0,0,0,0,0,1,2,0",practice,ward_and_allport,"2,0,0,0,0,0,1,3,0",82,3.0,1.0,82,1.0,,3559,"0,0,0,0,0,0,1,2,3",3559.0,,68155,to_hand,poldrack-single-stim,s491
83,540.0,PA_with_intermediate,,"0,0,0,3,0,0,1,2,0",practice,ward_and_allport,"2,0,0,0,0,0,1,3,0",71,3.0,1.0,"89,71,82",1.0,,540,"0,0,0,0,0,0,1,2,3",540.0,,68698,to_board,poldrack-single-stim,s491
84,1310.0,PA_with_intermediate,,"0,0,0,3,0,0,1,0,0",practice,ward_and_allport,"2,0,0,0,0,0,1,3,0",82,3.0,2.0,"71,82",1.0,,1310,"0,0,0,0,0,0,1,2,3",1310.0,,70015,to_hand,poldrack-single-stim,s491
85,510.0,PA_with_intermediate,,"2,0,0,3,0,0,1,0,0",practice,ward_and_allport,"2,0,0,0,0,0,1,3,0",89,3.0,2.0,"89,71,82",1.0,,510,"0,0,0,0,0,0,1,2,3",510.0,,70527,to_board,poldrack-single-stim,s491
86,1279.0,PA_with_intermediate,,"2,0,0,0,0,0,1,0,0",practice,ward_and_allport,"2,0,0,0,0,0,1,3,0",71,3.0,3.0,"89,71,82",1.0,,1279,"0,0,0,0,0,0,1,2,3",1279.0,,71813,to_hand,poldrack-single-stim,s491
87,495.0,PA_with_intermediate,,"2,0,0,0,0,0,1,3,0",practice,ward_and_allport,"2,0,0,0,0,0,1,3,0",82,3.0,3.0,"89,71,82",1.0,,495,"0,0,0,0,0,0,1,2,3",495.0,,72310,to_board,poldrack-single-stim,s491
88,2000.0,,True,,test,ward_and_allport,,-1,3.0,3.0,none,,9727.0,-1,,1000.0,,74317,feedback,poldrack-single-stim,s491
89,2802.0,PA_without_intermediate,,"1,2,0,0,0,0,0,0,0",practice,ward_and_allport,"0,0,0,1,0,0,3,2,0",89,3.0,1.0,89,2.0,,2802,"1,2,3,0,0,0,0,0,0",2802.0,,77124,to_hand,poldrack-single-stim,s491
90,600.0,PA_without_intermediate,,"1,2,0,0,0,0,3,0,0",practice,ward_and_allport,"0,0,0,1,0,0,3,2,0",82,3.0,1.0,"89,71,82",2.0,,600,"1,2,3,0,0,0,0,0,0",600.0,,77727,to_board,poldrack-single-stim,s491
91,1022.0,PA_without_intermediate,,"1,0,0,0,0,0,3,0,0",practice,ward_and_allport,"0,0,0,1,0,0,3,2,0",89,3.0,2.0,"89,82",2.0,,1022,"1,2,3,0,0,0,0,0,0",1022.0,,78758,to_hand,poldrack-single-stim,s491
92,629.0,PA_without_intermediate,,"1,0,0,0,0,0,3,2,0",practice,ward_and_allport,"0,0,0,1,0,0,3,2,0",82,3.0,2.0,"89,71,82",2.0,,629,"1,2,3,0,0,0,0,0,0",629.0,,79389,to_board,poldrack-single-stim,s491
93,608.0,PA_without_intermediate,,"0,0,0,0,0,0,3,2,0",practice,ward_and_allport,"0,0,0,1,0,0,3,2,0",89,3.0,3.0,"89,82",2.0,,608,"1,2,3,0,0,0,0,0,0",608.0,,80004,to_hand,poldrack-single-stim,s491
94,275.0,PA_without_intermediate,,"0,0,0,1,0,0,3,2,0",practice,ward_and_allport,"0,0,0,1,0,0,3,2,0",71,3.0,3.0,"89,71,82",2.0,,275,"1,2,3,0,0,0,0,0,0",275.0,,80282,to_board,poldrack-single-stim,s491
95,2000.0,,True,,test,ward_and_allport,,-1,3.0,3.0,none,,7975.0,-1,,1000.0,,82291,feedback,poldrack-single-stim,s491
96,4101.0,PA_without_intermediate,,"0,0,0,1,2,0,0,0,0",practice,ward_and_allport,"2,0,0,0,0,0,3,1,0",71,3.0,1.0,71,3.0,,4101,"0,0,0,1,2,3,0,0,0",4101.0,,86400,to_hand,poldrack-single-stim,s491
97,648.0,PA_without_intermediate,,"0,0,0,1,2,0,3,0,0",practice,ward_and_allport,"2,0,0,0,0,0,3,1,0",82,3.0,1.0,"89,71,82",3.0,,648,"0,0,0,1,2,3,0,0,0",648.0,,87051,to_board,poldrack-single-stim,s491
98,832.0,PA_without_intermediate,,"0,0,0,1,0,0,3,0,0",practice,ward_and_allport,"2,0,0,0,0,0,3,1,0",71,3.0,2.0,"71,82",3.0,,832,"0,0,0,1,2,3,0,0,0",832.0,,87890,to_hand,poldrack-single-stim,s491
99,308.0,PA_without_intermediate,,"2,0,0,1,0,0,3,0,0",practice,ward_and_allport,"2,0,0,0,0,0,3,1,0",89,3.0,2.0,"89,71,82",3.0,,308,"0,0,0,1,2,3,0,0,0",308.0,,88200,to_board,poldrack-single-stim,s491
100,794.0,PA_without_intermediate,,"2,0,0,0,0,0,3,0,0",practice,ward_and_allport,"2,0,0,0,0,0,3,1,0",71,3.0,3.0,"89,71,82",3.0,,794,"0,0,0,1,2,3,0,0,0",794.0,,89002,to_hand,poldrack-single-stim,s491
101,363.0,PA_without_intermediate,,"2,0,0,0,0,0,3,1,0",practice,ward_and_allport,"2,0,0,0,0,0,3,1,0",82,3.0,3.0,"89,71,82",3.0,,363,"0,0,0,1,2,3,0,0,0",363.0,,89368,to_board,poldrack-single-stim,s491
102,2000.0,,True,,test,ward_and_allport,,-1,3.0,3.0,none,,9087.0,-1,,1000.0,,91379,feedback,poldrack-single-stim,s491
103,3722.0,PA_with_intermediate,,"0,0,0,0,0,0,1,2,0",practice,ward_and_allport,"0,0,0,2,0,0,1,3,0",82,3.0,1.0,82,4.0,,3722,"0,0,0,0,0,0,1,2,3",3722.0,,95108,to_hand,poldrack-single-stim,s491
104,673.0,PA_with_intermediate,,"3,0,0,0,0,0,1,2,0",practice,ward_and_allport,"0,0,0,2,0,0,1,3,0",89,3.0,1.0,"89,71,82",4.0,,673,"0,0,0,0,0,0,1,2,3",673.0,,95783,to_board,poldrack-single-stim,s491
105,913.0,PA_with_intermediate,,"3,0,0,0,0,0,1,0,0",practice,ward_and_allport,"0,0,0,2,0,0,1,3,0",82,3.0,2.0,"89,82",4.0,,913,"0,0,0,0,0,0,1,2,3",913.0,,96703,to_hand,poldrack-single-stim,s491
106,337.0,PA_with_intermediate,,"3,0,0,2,0,0,1,0,0",practice,ward_and_allport,"0,0,0,2,0,0,1,3,0",71,3.0,2.0,"89,71,82",4.0,,337,"0,0,0,0,0,0,1,2,3",337.0,,97042,to_board,poldrack-single-stim,s491
107,829.0,PA_with_intermediate,,"0,0,0,2,0,0,1,0,0",practice,ward_and_allport,"0,0,0,2,0,0,1,3,0",89,3.0,3.0,"89,71,82",4.0,,829,"0,0,0,0,0,0,1,2,3",829.0,,97878,to_hand,poldrack-single-stim,s491
108,421.0,PA_with_intermediate,,"0,0,0,2,0,0,1,3,0",practice,ward_and_allport,"0,0,0,2,0,0,1,3,0",82,3.0,3.0,"89,71,82",4.0,,421,"0,0,0,0,0,0,1,2,3",421.0,,98302,to_board,poldrack-single-stim,s491
109,2544.0,,True,,test,ward_and_allport,,-1,3.0,3.0,none,,9476.0,-1,,1000.0,,100855,feedback,poldrack-single-stim,s491
110,4902.0,PA_without_intermediate,,"0,0,0,1,2,0,0,0,0",practice,ward_and_allport,"3,2,0,0,0,0,1,0,0",71,3.0,1.0,71,5.0,,4902,"0,0,0,1,2,3,0,0,0",4902.0,,105765,to_hand,poldrack-single-stim,s491
111,375.0,PA_without_intermediate,,"3,0,0,1,2,0,0,0,0",practice,ward_and_allport,"3,2,0,0,0,0,1,0,0",89,3.0,1.0,"89,71,82",5.0,,375,"0,0,0,1,2,3,0,0,0",375.0,,106142,to_board,poldrack-single-stim,s491
112,303.0,PA_without_intermediate,,"3,0,0,1,0,0,0,0,0",practice,ward_and_allport,"3,2,0,0,0,0,1,0,0",71,3.0,2.0,"89,71",5.0,,303,"0,0,0,1,2,3,0,0,0",303.0,,106455,to_hand,poldrack-single-stim,s491
113,316.0,PA_without_intermediate,,"3,2,0,1,0,0,0,0,0",practice,ward_and_allport,"3,2,0,0,0,0,1,0,0",89,3.0,2.0,"89,71,82",5.0,,316,"0,0,0,1,2,3,0,0,0",316.0,,106774,to_board,poldrack-single-stim,s491
114,373.0,PA_without_intermediate,,"3,2,0,0,0,0,0,0,0",practice,ward_and_allport,"3,2,0,0,0,0,1,0,0",71,3.0,3.0,"89,71",5.0,,373,"0,0,0,1,2,3,0,0,0",373.0,,107157,to_hand,poldrack-single-stim,s491
115,278.0,PA_without_intermediate,,"3,2,0,0,0,0,1,0,0",practice,ward_and_allport,"3,2,0,0,0,0,1,0,0",82,3.0,3.0,"89,71,82",5.0,,278,"0,0,0,1,2,3,0,0,0",278.0,,107437,to_board,poldrack-single-stim,s491
116,2272.0,,True,,test,ward_and_allport,,-1,3.0,3.0,none,,8865.0,-1,,1000.0,,109720,feedback,poldrack-single-stim,s491
117,6442.0,PA_with_intermediate,,"1,2,0,0,0,0,0,0,0",practice,ward_and_allport,"1,3,0,0,0,0,2,0,0",89,3.0,1.0,89,6.0,,6442,"1,2,3,0,0,0,0,0,0",6442.0,,116170,to_hand,poldrack-single-stim,s491
118,392.0,PA_with_intermediate,,"1,2,0,3,0,0,0,0,0",practice,ward_and_allport,"1,3,0,0,0,0,2,0,0",71,3.0,1.0,"89,71,82",6.0,,392,"1,2,3,0,0,0,0,0,0",392.0,,116564,to_board,poldrack-single-stim,s491
119,451.0,PA_with_intermediate,,"1,0,0,3,0,0,0,0,0",practice,ward_and_allport,"1,3,0,0,0,0,2,0,0",89,3.0,2.0,"89,71",6.0,,451,"1,2,3,0,0,0,0,0,0",451.0,,117024,to_hand,poldrack-single-stim,s491
120,354.0,PA_with_intermediate,,"1,0,0,3,0,0,2,0,0",practice,ward_and_allport,"1,3,0,0,0,0,2,0,0",82,3.0,2.0,"89,71,82",6.0,,354,"1,2,3,0,0,0,0,0,0",354.0,,117381,to_board,poldrack-single-stim,s491
121,816.0,PA_with_intermediate,,"1,0,0,0,0,0,2,0,0",practice,ward_and_allport,"1,3,0,0,0,0,2,0,0",71,3.0,3.0,"89,71,82",6.0,,816,"1,2,3,0,0,0,0,0,0",816.0,,118205,to_hand,poldrack-single-stim,s491
122,197.0,PA_with_intermediate,,"1,3,0,0,0,0,2,0,0",practice,ward_and_allport,"1,3,0,0,0,0,2,0,0",89,3.0,3.0,"89,71,82",6.0,,197,"1,2,3,0,0,0,0,0,0",197.0,,118404,to_board,poldrack-single-stim,s491
123,4040.0,,True,,test,ward_and_allport,,-1,3.0,3.0,none,,12737.0,-1,,1000.0,,122457,feedback,poldrack-single-stim,s491
124,5129.0,PA_with_intermediate,,"1,2,0,0,0,0,0,0,0",practice,ward_and_allport,"1,3,0,2,0,0,0,0,0",89,3.0,1.0,89,7.0,,5129,"1,2,3,0,0,0,0,0,0",5129.0,,127594,to_hand,poldrack-single-stim,s491
125,347.0,PA_with_intermediate,,"1,2,0,0,0,0,3,0,0",practice,ward_and_allport,"1,3,0,2,0,0,0,0,0",82,3.0,1.0,"89,71,82",7.0,,347,"1,2,3,0,0,0,0,0,0",347.0,,127945,to_board,poldrack-single-stim,s491
126,407.0,PA_with_intermediate,,"1,0,0,0,0,0,3,0,0",practice,ward_and_allport,"1,3,0,2,0,0,0,0,0",89,3.0,2.0,"89,82",7.0,,407,"1,2,3,0,0,0,0,0,0",407.0,,128361,to_hand,poldrack-single-stim,s491
127,300.0,PA_with_intermediate,,"1,0,0,2,0,0,3,0,0",practice,ward_and_allport,"1,3,0,2,0,0,0,0,0",71,3.0,2.0,"89,71,82",7.0,,300,"1,2,3,0,0,0,0,0,0",300.0,,128664,to_board,poldrack-single-stim,s491
128,724.0,PA_with_intermediate,,"1,0,0,2,0,0,0,0,0",practice,ward_and_allport,"1,3,0,2,0,0,0,0,0",82,3.0,3.0,"89,71,82",7.0,,724,"1,2,3,0,0,0,0,0,0",724.0,,129397,to_hand,poldrack-single-stim,s491
129,219.0,PA_with_intermediate,,"1,3,0,2,0,0,0,0,0",practice,ward_and_allport,"1,3,0,2,0,0,0,0,0",89,3.0,3.0,"89,71,82",7.0,,219,"1,2,3,0,0,0,0,0,0",219.0,,129619,to_board,poldrack-single-stim,s491
130,2272.0,,True,,test,ward_and_allport,,-1,3.0,3.0,none,,9447.0,-1,,1000.0,,131904,feedback,poldrack-single-stim,s491
131,4782.0,PA_with_intermediate,,"1,2,0,0,0,0,0,0,0",practice,ward_and_allport,"1,0,0,0,0,0,2,3,0",89,3.0,1.0,89,8.0,,4782,"1,2,3,0,0,0,0,0,0",4782.0,,136698,to_hand,poldrack-single-stim,s491
132,469.0,PA_with_intermediate,,"1,2,0,3,0,0,0,0,0",practice,ward_and_allport,"1,0,0,0,0,0,2,3,0",71,3.0,1.0,"89,71,82",8.0,,469,"1,2,3,0,0,0,0,0,0",469.0,,137172,to_board,poldrack-single-stim,s491
133,474.0,PA_with_intermediate,,"1,0,0,3,0,0,0,0,0",practice,ward_and_allport,"1,0,0,0,0,0,2,3,0",89,3.0,2.0,"89,71",8.0,,474,"1,2,3,0,0,0,0,0,0",474.0,,137656,to_hand,poldrack-single-stim,s491
134,837.0,PA_with_intermediate,,"1,0,0,3,0,0,2,0,0",practice,ward_and_allport,"1,0,0,0,0,0,2,3,0",82,3.0,2.0,"89,71,82",8.0,,837,"1,2,3,0,0,0,0,0,0",837.0,,138495,to_board,poldrack-single-stim,s491
135,572.0,PA_with_intermediate,,"1,0,0,0,0,0,2,0,0",practice,ward_and_allport,"1,0,0,0,0,0,2,3,0",71,3.0,3.0,"89,71,82",8.0,,572,"1,2,3,0,0,0,0,0,0",572.0,,139078,to_hand,poldrack-single-stim,s491
136,327.0,PA_with_intermediate,,"1,0,0,0,0,0,2,3,0",practice,ward_and_allport,"1,0,0,0,0,0,2,3,0",82,3.0,3.0,"89,71,82",8.0,,327,"1,2,3,0,0,0,0,0,0",327.0,,139406,to_board,poldrack-single-stim,s491
137,2136.0,,True,,test,ward_and_allport,,-1,3.0,3.0,none,,9650.0,-1,,1000.0,,141554,feedback,poldrack-single-stim,s491
138,3943.0,PA_with_intermediate,,"0,0,0,1,2,0,0,0,0",practice,ward_and_allport,"0,0,0,1,3,0,2,0,0",71,3.0,1.0,71,9.0,,3943,"0,0,0,1,2,3,0,0,0",3943.0,,145508,to_hand,poldrack-single-stim,s491
139,406.0,PA_with_intermediate,,"3,0,0,1,2,0,0,0,0",practice,ward_and_allport,"0,0,0,1,3,0,2,0,0",89,3.0,1.0,"89,71,82",9.0,,406,"0,0,0,1,2,3,0,0,0",406.0,,145916,to_board,poldrack-single-stim,s491
140,711.0,PA_with_intermediate,,"3,0,0,1,0,0,0,0,0",practice,ward_and_allport,"0,0,0,1,3,0,2,0,0",71,3.0,2.0,"89,71",9.0,,711,"0,0,0,1,2,3,0,0,0",711.0,,146637,to_hand,poldrack-single-stim,s491
141,364.0,PA_with_intermediate,,"3,0,0,1,0,0,2,0,0",practice,ward_and_allport,"0,0,0,1,3,0,2,0,0",82,3.0,2.0,"89,71,82",9.0,,364,"0,0,0,1,2,3,0,0,0",364.0,,147003,to_board,poldrack-single-stim,s491
142,984.0,PA_with_intermediate,,"0,0,0,1,0,0,2,0,0",practice,ward_and_allport,"0,0,0,1,3,0,2,0,0",89,3.0,3.0,"89,71,82",9.0,,984,"0,0,0,1,2,3,0,0,0",984.0,,147996,to_hand,poldrack-single-stim,s491
143,249.0,PA_with_intermediate,,"0,0,0,1,3,0,2,0,0",practice,ward_and_allport,"0,0,0,1,3,0,2,0,0",71,3.0,3.0,"89,71,82",9.0,,249,"0,0,0,1,2,3,0,0,0",249.0,,148247,to_board,poldrack-single-stim,s491
144,2000.0,,True,,test,ward_and_allport,,-1,3.0,3.0,none,,8702.0,-1,,1000.0,,150256,feedback,poldrack-single-stim,s491
145,4655.0,PA_with_intermediate,,"0,0,0,1,2,0,0,0,0",practice,ward_and_allport,"0,0,0,1,0,0,2,3,0",71,3.0,1.0,71,10.0,,4655,"0,0,0,1,2,3,0,0,0",4655.0,,154922,to_hand,poldrack-single-stim,s491
146,539.0,PA_with_intermediate,,"3,0,0,1,2,0,0,0,0",practice,ward_and_allport,"0,0,0,1,0,0,2,3,0",89,3.0,1.0,"89,71,82",10.0,,539,"0,0,0,1,2,3,0,0,0",539.0,,155464,to_board,poldrack-single-stim,s491
147,565.0,PA_with_intermediate,,"3,0,0,1,0,0,0,0,0",practice,ward_and_allport,"0,0,0,1,0,0,2,3,0",71,3.0,2.0,"89,71",10.0,,565,"0,0,0,1,2,3,0,0,0",565.0,,156040,to_hand,poldrack-single-stim,s491
148,341.0,PA_with_intermediate,,"3,0,0,1,0,0,2,0,0",practice,ward_and_allport,"0,0,0,1,0,0,2,3,0",82,3.0,2.0,"89,71,82",10.0,,341,"0,0,0,1,2,3,0,0,0",341.0,,156384,to_board,poldrack-single-stim,s491
149,637.0,PA_with_intermediate,,"0,0,0,1,0,0,2,0,0",practice,ward_and_allport,"0,0,0,1,0,0,2,3,0",89,3.0,3.0,"89,71,82",10.0,,637,"0,0,0,1,2,3,0,0,0",637.0,,157033,to_hand,poldrack-single-stim,s491
150,276.0,PA_with_intermediate,,"0,0,0,1,0,0,2,3,0",practice,ward_and_allport,"0,0,0,1,0,0,2,3,0",82,3.0,3.0,"89,71,82",10.0,,276,"0,0,0,1,2,3,0,0,0",276.0,,157312,to_board,poldrack-single-stim,s491
151,2000.0,,True,,test,ward_and_allport,,-1,3.0,3.0,none,,9065.0,-1,,1000.0,,159322,feedback,poldrack-single-stim,s491
152,3320.0,PA_without_intermediate,,"1,2,0,0,0,0,0,0,0",practice,ward_and_allport,"0,0,0,3,2,0,1,0,0",89,3.0,1.0,89,11.0,,3320,"1,2,3,0,0,0,0,0,0",3320.0,,162651,to_hand,poldrack-single-stim,s491
153,387.0,PA_without_intermediate,,"1,2,0,3,0,0,0,0,0",practice,ward_and_allport,"0,0,0,3,2,0,1,0,0",71,3.0,1.0,"89,71,82",11.0,,387,"1,2,3,0,0,0,0,0,0",387.0,,163040,to_board,poldrack-single-stim,s491
154,368.0,PA_without_intermediate,,"1,0,0,3,0,0,0,0,0",practice,ward_and_allport,"0,0,0,3,2,0,1,0,0",89,3.0,2.0,"89,71",11.0,,368,"1,2,3,0,0,0,0,0,0",368.0,,163420,to_hand,poldrack-single-stim,s491
155,364.0,PA_without_intermediate,,"1,0,0,3,2,0,0,0,0",practice,ward_and_allport,"0,0,0,3,2,0,1,0,0",71,3.0,2.0,"89,71,82",11.0,,364,"1,2,3,0,0,0,0,0,0",364.0,,163786,to_board,poldrack-single-stim,s491
156,349.0,PA_without_intermediate,,"0,0,0,3,2,0,0,0,0",practice,ward_and_allport,"0,0,0,3,2,0,1,0,0",89,3.0,3.0,"89,71",11.0,,349,"1,2,3,0,0,0,0,0,0",349.0,,164146,to_hand,poldrack-single-stim,s491
157,235.0,PA_without_intermediate,,"0,0,0,3,2,0,1,0,0",practice,ward_and_allport,"0,0,0,3,2,0,1,0,0",82,3.0,3.0,"89,71,82",11.0,,235,"1,2,3,0,0,0,0,0,0",235.0,,164384,to_board,poldrack-single-stim,s491
158,2408.0,,True,,test,ward_and_allport,,-1,3.0,3.0,none,,7484.0,-1,,1000.0,,166805,feedback,poldrack-single-stim,s491
159,2721.0,PA_with_intermediate,,"1,2,0,0,0,0,0,0,0",practice,ward_and_allport,"1,0,0,2,3,0,0,0,0",89,3.0,1.0,89,12.0,,2721,"1,2,3,0,0,0,0,0,0",2721.0,,169535,to_hand,poldrack-single-stim,s491
160,596.0,PA_with_intermediate,,"1,2,0,0,0,0,3,0,0",practice,ward_and_allport,"1,0,0,2,3,0,0,0,0",82,3.0,1.0,"89,71,82",12.0,,596,"1,2,3,0,0,0,0,0,0",596.0,,170133,to_board,poldrack-single-stim,s491
161,401.0,PA_with_intermediate,,"1,0,0,0,0,0,3,0,0",practice,ward_and_allport,"1,0,0,2,3,0,0,0,0",89,3.0,2.0,"89,82",12.0,,401,"1,2,3,0,0,0,0,0,0",401.0,,170547,to_hand,poldrack-single-stim,s491
162,308.0,PA_with_intermediate,,"1,0,0,2,0,0,3,0,0",practice,ward_and_allport,"1,0,0,2,3,0,0,0,0",71,3.0,2.0,"89,71,82",12.0,,308,"1,2,3,0,0,0,0,0,0",308.0,,170858,to_board,poldrack-single-stim,s491
163,1316.0,PA_with_intermediate,,"1,0,0,2,0,0,0,0,0",practice,ward_and_allport,"1,0,0,2,3,0,0,0,0",82,3.0,3.0,"89,71,82",12.0,,1316,"1,2,3,0,0,0,0,0,0",1316.0,,172183,to_hand,poldrack-single-stim,s491
164,238.0,PA_with_intermediate,,"1,0,0,2,3,0,0,0,0",practice,ward_and_allport,"1,0,0,2,3,0,0,0,0",71,3.0,3.0,"89,71,82",12.0,,238,"1,2,3,0,0,0,0,0,0",238.0,,172424,to_board,poldrack-single-stim,s491
165,3768.0,,True,,test,ward_and_allport,,-1,3.0,3.0,none,,9399.0,-1,,1000.0,,176205,feedback,poldrack-single-stim,s491
166,3449.0,PA_with_intermediate,,"0,0,0,0,0,0,1,2,0",practice,ward_and_allport,"0,0,0,2,3,0,1,0,0",82,3.0,1.0,82,13.0,,3449,"0,0,0,0,0,0,1,2,3",3449.0,,179665,to_hand,poldrack-single-stim,s491
167,458.0,PA_with_intermediate,,"3,0,0,0,0,0,1,2,0",practice,ward_and_allport,"0,0,0,2,3,0,1,0,0",89,3.0,1.0,"89,71,82",13.0,,458,"0,0,0,0,0,0,1,2,3",458.0,,180125,to_board,poldrack-single-stim,s491
168,577.0,PA_with_intermediate,,"3,0,0,0,0,0,1,0,0",practice,ward_and_allport,"0,0,0,2,3,0,1,0,0",82,3.0,2.0,"89,82",13.0,,577,"0,0,0,0,0,0,1,2,3",577.0,,180714,to_hand,poldrack-single-stim,s491
169,441.0,PA_with_intermediate,,"3,0,0,2,0,0,1,0,0",practice,ward_and_allport,"0,0,0,2,3,0,1,0,0",71,3.0,2.0,"89,71,82",13.0,,441,"0,0,0,0,0,0,1,2,3",441.0,,181157,to_board,poldrack-single-stim,s491
170,413.0,PA_with_intermediate,,"0,0,0,2,0,0,1,0,0",practice,ward_and_allport,"0,0,0,2,3,0,1,0,0",89,3.0,3.0,"89,71,82",13.0,,413,"0,0,0,0,0,0,1,2,3",413.0,,181582,to_hand,poldrack-single-stim,s491
171,445.0,PA_with_intermediate,,"0,0,0,2,3,0,1,0,0",practice,ward_and_allport,"0,0,0,2,3,0,1,0,0",71,3.0,3.0,"89,71,82",13.0,,445,"0,0,0,0,0,0,1,2,3",445.0,,182029,to_board,poldrack-single-stim,s491
172,2680.0,,True,,test,ward_and_allport,,-1,3.0,3.0,none,,8517.0,-1,,1000.0,,184722,feedback,poldrack-single-stim,s491
173,5007.0,PA_without_intermediate,,"0,0,0,0,0,0,1,2,0",practice,ward_and_allport,"1,0,0,3,2,0,0,0,0",82,3.0,1.0,82,14.0,,5007,"0,0,0,0,0,0,1,2,3",5007.0,,189740,to_hand,poldrack-single-stim,s491
174,679.0,PA_without_intermediate,,"0,0,0,3,0,0,1,2,0",practice,ward_and_allport,"1,0,0,3,2,0,0,0,0",71,3.0,1.0,"89,71,82",14.0,,679,"0,0,0,0,0,0,1,2,3",679.0,,190423,to_board,poldrack-single-stim,s491
175,363.0,PA_without_intermediate,,"0,0,0,3,0,0,1,0,0",practice,ward_and_allport,"1,0,0,3,2,0,0,0,0",82,3.0,2.0,"71,82",14.0,,363,"0,0,0,0,0,0,1,2,3",363.0,,190800,to_hand,poldrack-single-stim,s491
176,384.0,PA_without_intermediate,,"0,0,0,3,2,0,1,0,0",practice,ward_and_allport,"1,0,0,3,2,0,0,0,0",71,3.0,2.0,"89,71,82",14.0,,384,"0,0,0,0,0,0,1,2,3",384.0,,191186,to_board,poldrack-single-stim,s491
177,365.0,PA_without_intermediate,,"0,0,0,3,2,0,0,0,0",practice,ward_and_allport,"1,0,0,3,2,0,0,0,0",82,3.0,3.0,"71,82",14.0,,365,"0,0,0,0,0,0,1,2,3",365.0,,191564,to_hand,poldrack-single-stim,s491
178,256.0,PA_without_intermediate,,"1,0,0,3,2,0,0,0,0",practice,ward_and_allport,"1,0,0,3,2,0,0,0,0",89,3.0,3.0,"89,71,82",14.0,,256,"0,0,0,0,0,0,1,2,3",256.0,,191823,to_board,poldrack-single-stim,s491
179,3224.0,,True,,test,ward_and_allport,,-1,3.0,3.0,none,,10339.0,-1,,1000.0,,195061,feedback,poldrack-single-stim,s491
180,5000.0,,,,,ward_and_allport,,-1,,,none,,,-1,,5000.0,,200065,reminder,poldrack-single-stim,s491
181,4490.0,PA_without_intermediate,,"0,0,0,0,0,0,1,2,0",practice,ward_and_allport,"1,0,0,3,2,0,0,0,0",82,3.0,1.0,82,15.0,,4490,"0,0,0,0,0,0,1,2,3",4490.0,,204569,to_hand,poldrack-single-stim,s491
182,337.0,PA_without_intermediate,,"0,0,0,3,0,0,1,2,0",practice,ward_and_allport,"1,0,0,3,2,0,0,0,0",71,3.0,1.0,"89,71,82",15.0,,337,"0,0,0,0,0,0,1,2,3",337.0,,204908,to_board,poldrack-single-stim,s491
183,430.0,PA_without_intermediate,,"0,0,0,3,0,0,1,0,0",practice,ward_and_allport,"1,0,0,3,2,0,0,0,0",82,3.0,2.0,"71,82",15.0,,430,"0,0,0,0,0,0,1,2,3",430.0,,205352,to_hand,poldrack-single-stim,s491
184,363.0,PA_without_intermediate,,"0,0,0,3,2,0,1,0,0",practice,ward_and_allport,"1,0,0,3,2,0,0,0,0",71,3.0,2.0,"89,71,82",15.0,,363,"0,0,0,0,0,0,1,2,3",363.0,,205717,to_board,poldrack-single-stim,s491
185,426.0,PA_without_intermediate,,"0,0,0,3,2,0,0,0,0",practice,ward_and_allport,"1,0,0,3,2,0,0,0,0",82,3.0,3.0,"71,82",15.0,,426,"0,0,0,0,0,0,1,2,3",426.0,,206155,to_hand,poldrack-single-stim,s491
186,321.0,PA_without_intermediate,,"1,0,0,3,2,0,0,0,0",practice,ward_and_allport,"1,0,0,3,2,0,0,0,0",89,3.0,3.0,"89,71,82",15.0,,321,"0,0,0,0,0,0,1,2,3",321.0,,206478,to_board,poldrack-single-stim,s491
187,3360.0,,True,,test,ward_and_allport,,-1,3.0,3.0,none,,14792.0,-1,,1000.0,,209854,feedback,poldrack-single-stim,s491
188,3298.0,PA_without_intermediate,,"1,2,0,0,0,0,0,0,0",practice,ward_and_allport,"0,0,0,3,1,0,2,0,0",89,3.0,1.0,89,16.0,,3298,"1,2,3,0,0,0,0,0,0",3298.0,,213165,to_hand,poldrack-single-stim,s491
189,392.0,PA_without_intermediate,,"1,2,0,3,0,0,0,0,0",practice,ward_and_allport,"0,0,0,3,1,0,2,0,0",71,3.0,1.0,"89,71,82",16.0,,392,"1,2,3,0,0,0,0,0,0",392.0,,213560,to_board,poldrack-single-stim,s491
190,294.0,PA_without_intermediate,,"1,0,0,3,0,0,0,0,0",practice,ward_and_allport,"0,0,0,3,1,0,2,0,0",89,3.0,2.0,"89,71",16.0,,294,"1,2,3,0,0,0,0,0,0",294.0,,213865,to_hand,poldrack-single-stim,s491
191,267.0,PA_without_intermediate,,"1,0,0,3,0,0,2,0,0",practice,ward_and_allport,"0,0,0,3,1,0,2,0,0",82,3.0,2.0,"89,71,82",16.0,,267,"1,2,3,0,0,0,0,0,0",267.0,,214134,to_board,poldrack-single-stim,s491
192,280.0,PA_without_intermediate,,"0,0,0,3,0,0,2,0,0",practice,ward_and_allport,"0,0,0,3,1,0,2,0,0",89,3.0,3.0,"89,71,82",16.0,,280,"1,2,3,0,0,0,0,0,0",280.0,,214425,to_hand,poldrack-single-stim,s491
193,219.0,PA_without_intermediate,,"0,0,0,3,1,0,2,0,0",practice,ward_and_allport,"0,0,0,3,1,0,2,0,0",71,3.0,3.0,"89,71,82",16.0,,219,"1,2,3,0,0,0,0,0,0",219.0,,214646,to_board,poldrack-single-stim,s491
194,2000.0,,True,,test,ward_and_allport,,-1,3.0,3.0,none,,6807.0,-1,,1000.0,,216661,feedback,poldrack-single-stim,s491
195,3198.0,PA_without_intermediate,,"0,0,0,1,2,0,0,0,0",practice,ward_and_allport,"1,0,0,0,0,0,3,2,0",71,3.0,1.0,71,17.0,,3198,"0,0,0,1,2,3,0,0,0",3198.0,,219872,to_hand,poldrack-single-stim,s491
196,588.0,PA_without_intermediate,,"0,0,0,1,2,0,3,0,0",practice,ward_and_allport,"1,0,0,0,0,0,3,2,0",82,3.0,1.0,"89,71,82",17.0,,588,"0,0,0,1,2,3,0,0,0",588.0,,220462,to_board,poldrack-single-stim,s491
197,432.0,PA_without_intermediate,,"0,0,0,1,0,0,3,0,0",practice,ward_and_allport,"1,0,0,0,0,0,3,2,0",71,3.0,2.0,"71,82",17.0,,432,"0,0,0,1,2,3,0,0,0",432.0,,220908,to_hand,poldrack-single-stim,s491
198,440.0,PA_without_intermediate,,"0,0,0,1,0,0,3,2,0",practice,ward_and_allport,"1,0,0,0,0,0,3,2,0",82,3.0,2.0,"89,71,82",17.0,,440,"0,0,0,1,2,3,0,0,0",440.0,,221350,to_board,poldrack-single-stim,s491
199,397.0,PA_without_intermediate,,"0,0,0,0,0,0,3,2,0",practice,ward_and_allport,"1,0,0,0,0,0,3,2,0",71,3.0,3.0,"71,82",17.0,,397,"0,0,0,1,2,3,0,0,0",397.0,,221761,to_hand,poldrack-single-stim,s491
200,295.0,PA_without_intermediate,,"1,0,0,0,0,0,3,2,0",practice,ward_and_allport,"1,0,0,0,0,0,3,2,0",89,3.0,3.0,"89,71,82",17.0,,295,"0,0,0,1,2,3,0,0,0",295.0,,222058,to_board,poldrack-single-stim,s491
201,2408.0,,True,,test,ward_and_allport,,-1,3.0,3.0,none,,7817.0,-1,,1000.0,,224479,feedback,poldrack-single-stim,s491
202,3258.0,PA_with_intermediate,,"1,2,0,0,0,0,0,0,0",practice,ward_and_allport,"1,0,0,0,0,0,2,3,0",89,3.0,1.0,89,18.0,,3258,"1,2,3,0,0,0,0,0,0",3258.0,,227753,to_hand,poldrack-single-stim,s491
203,404.0,PA_with_intermediate,,"1,2,0,3,0,0,0,0,0",practice,ward_and_allport,"1,0,0,0,0,0,2,3,0",71,3.0,1.0,"89,71,82",18.0,,404,"1,2,3,0,0,0,0,0,0",404.0,,228160,to_board,poldrack-single-stim,s491
204,367.0,PA_with_intermediate,,"1,0,0,3,0,0,0,0,0",practice,ward_and_allport,"1,0,0,0,0,0,2,3,0",89,3.0,2.0,"89,71",18.0,,367,"1,2,3,0,0,0,0,0,0",367.0,,228538,to_hand,poldrack-single-stim,s491
205,427.0,PA_with_intermediate,,"1,0,0,3,0,0,2,0,0",practice,ward_and_allport,"1,0,0,0,0,0,2,3,0",82,3.0,2.0,"89,71,82",18.0,,427,"1,2,3,0,0,0,0,0,0",427.0,,228968,to_board,poldrack-single-stim,s491
206,1628.0,PA_with_intermediate,,"1,0,0,0,0,0,2,0,0",practice,ward_and_allport,"1,0,0,0,0,0,2,3,0",71,3.0,3.0,"89,71,82",18.0,,1628,"1,2,3,0,0,0,0,0,0",1628.0,,230609,to_hand,poldrack-single-stim,s491
207,233.0,PA_with_intermediate,,"1,0,0,0,0,0,2,3,0",practice,ward_and_allport,"1,0,0,0,0,0,2,3,0",82,3.0,3.0,"89,71,82",18.0,,233,"1,2,3,0,0,0,0,0,0",233.0,,230844,to_board,poldrack-single-stim,s491
208,2136.0,,True,,test,ward_and_allport,,-1,3.0,3.0,none,,8518.0,-1,,1000.0,,232997,feedback,poldrack-single-stim,s491
209,4206.0,PA_without_intermediate,,"0,0,0,0,0,0,1,2,0",practice,ward_and_allport,"3,2,0,1,0,0,0,0,0",82,3.0,1.0,82,19.0,,4206,"0,0,0,0,0,0,1,2,3",4206.0,,237214,to_hand,poldrack-single-stim,s491
210,495.0,PA_without_intermediate,,"3,0,0,0,0,0,1,2,0",practice,ward_and_allport,"3,2,0,1,0,0,0,0,0",89,3.0,1.0,"89,71,82",19.0,,495,"0,0,0,0,0,0,1,2,3",495.0,,237711,to_board,poldrack-single-stim,s491
211,1972.0,PA_without_intermediate,,"3,0,0,0,0,0,1,0,0",practice,ward_and_allport,"3,2,0,1,0,0,0,0,0",82,3.0,2.0,"89,82",19.0,,1972,"0,0,0,0,0,0,1,2,3",1972.0,,239700,to_hand,poldrack-single-stim,s491
212,696.0,PA_without_intermediate,,"3,2,0,0,0,0,1,0,0",practice,ward_and_allport,"3,2,0,1,0,0,0,0,0",89,3.0,2.0,"89,71,82",19.0,,696,"0,0,0,0,0,0,1,2,3",696.0,,240398,to_board,poldrack-single-stim,s491
213,422.0,PA_without_intermediate,,"3,2,0,0,0,0,0,0,0",practice,ward_and_allport,"3,2,0,1,0,0,0,0,0",82,3.0,3.0,"89,82",19.0,,422,"0,0,0,0,0,0,1,2,3",422.0,,240836,to_hand,poldrack-single-stim,s491
214,185.0,PA_without_intermediate,,"3,2,0,1,0,0,0,0,0",practice,ward_and_allport,"3,2,0,1,0,0,0,0,0",71,3.0,3.0,"89,71,82",19.0,,185,"0,0,0,0,0,0,1,2,3",185.0,,241023,to_board,poldrack-single-stim,s491
215,5128.0,,True,,test,ward_and_allport,,-1,3.0,3.0,none,,13169.0,-1,,1000.0,,246166,feedback,poldrack-single-stim,s491
216,4783.0,PA_without_intermediate,,"0,0,0,0,0,0,1,2,0",practice,ward_and_allport,"2,0,0,3,1,0,0,0,0",82,3.0,1.0,82,20.0,,4783,"0,0,0,0,0,0,1,2,3",4783.0,,250964,to_hand,poldrack-single-stim,s491
217,559.0,PA_without_intermediate,,"0,0,0,3,0,0,1,2,0",practice,ward_and_allport,"2,0,0,3,1,0,0,0,0",71,3.0,1.0,"89,71,82",20.0,,559,"0,0,0,0,0,0,1,2,3",559.0,,251525,to_board,poldrack-single-stim,s491
218,1256.0,PA_without_intermediate,,"0,0,0,3,0,0,1,0,0",practice,ward_and_allport,"2,0,0,3,1,0,0,0,0",82,3.0,2.0,"71,82",20.0,,1256,"0,0,0,0,0,0,1,2,3",1256.0,,252798,to_hand,poldrack-single-stim,s491
219,358.0,PA_without_intermediate,,"2,0,0,3,0,0,1,0,0",practice,ward_and_allport,"2,0,0,3,1,0,0,0,0",89,3.0,2.0,"89,71,82",20.0,,358,"0,0,0,0,0,0,1,2,3",358.0,,253158,to_board,poldrack-single-stim,s491
220,561.0,PA_without_intermediate,,"2,0,0,3,0,0,0,0,0",practice,ward_and_allport,"2,0,0,3,1,0,0,0,0",82,3.0,3.0,"89,71,82",20.0,,561,"0,0,0,0,0,0,1,2,3",561.0,,253737,to_hand,poldrack-single-stim,s491
221,253.0,PA_without_intermediate,,"2,0,0,3,1,0,0,0,0",practice,ward_and_allport,"2,0,0,3,1,0,0,0,0",71,3.0,3.0,"89,71,82",20.0,,253,"0,0,0,0,0,0,1,2,3",253.0,,253992,to_board,poldrack-single-stim,s491
222,2136.0,,True,,test,ward_and_allport,,-1,3.0,3.0,none,,9978.0,-1,,1000.0,,256144,feedback,poldrack-single-stim,s491
223,3146.0,PA_without_intermediate,,"0,0,0,0,0,0,1,2,0",practice,ward_and_allport,"3,2,0,1,0,0,0,0,0",82,3.0,1.0,82,21.0,,3146,"0,0,0,0,0,0,1,2,3",3146.0,,259307,to_hand,poldrack-single-stim,s491
224,478.0,PA_without_intermediate,,"3,0,0,0,0,0,1,2,0",practice,ward_and_allport,"3,2,0,1,0,0,0,0,0",89,3.0,1.0,"89,71,82",21.0,,478,"0,0,0,0,0,0,1,2,3",478.0,,259787,to_board,poldrack-single-stim,s491
225,390.0,PA_without_intermediate,,"3,0,0,0,0,0,1,0,0",practice,ward_and_allport,"3,2,0,1,0,0,0,0,0",82,3.0,2.0,"89,82",21.0,,390,"0,0,0,0,0,0,1,2,3",390.0,,260193,to_hand,poldrack-single-stim,s491
226,363.0,PA_without_intermediate,,"3,2,0,0,0,0,1,0,0",practice,ward_and_allport,"3,2,0,1,0,0,0,0,0",89,3.0,2.0,"89,71,82",21.0,,363,"0,0,0,0,0,0,1,2,3",363.0,,260558,to_board,poldrack-single-stim,s491
227,654.0,PA_without_intermediate,,"3,2,0,0,0,0,0,0,0",practice,ward_and_allport,"3,2,0,1,0,0,0,0,0",82,3.0,3.0,"89,82",21.0,,654,"0,0,0,0,0,0,1,2,3",654.0,,261226,to_hand,poldrack-single-stim,s491
228,179.0,PA_without_intermediate,,"3,2,0,1,0,0,0,0,0",practice,ward_and_allport,"3,2,0,1,0,0,0,0,0",71,3.0,3.0,"89,71,82",21.0,,179,"0,0,0,0,0,0,1,2,3",179.0,,261407,to_board,poldrack-single-stim,s491
229,5264.0,,True,,test,ward_and_allport,,-1,3.0,3.0,none,,10545.0,-1,,1000.0,,266689,feedback,poldrack-single-stim,s491
230,3354.0,PA_with_intermediate,,"1,2,0,0,0,0,0,0,0",practice,ward_and_allport,"1,3,0,2,0,0,0,0,0",89,3.0,1.0,89,22.0,,3354,"1,2,3,0,0,0,0,0,0",3354.0,,270057,to_hand,poldrack-single-stim,s491
231,502.0,PA_with_intermediate,,"1,2,0,0,0,0,3,0,0",practice,ward_and_allport,"1,3,0,2,0,0,0,0,0",82,3.0,1.0,"89,71,82",22.0,,502,"1,2,3,0,0,0,0,0,0",502.0,,270561,to_board,poldrack-single-stim,s491
232,392.0,PA_with_intermediate,,"1,0,0,0,0,0,3,0,0",practice,ward_and_allport,"1,3,0,2,0,0,0,0,0",89,3.0,2.0,"89,82",22.0,,392,"1,2,3,0,0,0,0,0,0",392.0,,270972,to_hand,poldrack-single-stim,s491
233,602.0,PA_with_intermediate,,"1,0,0,2,0,0,3,0,0",practice,ward_and_allport,"1,3,0,2,0,0,0,0,0",71,3.0,2.0,"89,71,82",22.0,,602,"1,2,3,0,0,0,0,0,0",602.0,,271575,to_board,poldrack-single-stim,s491
234,445.0,PA_with_intermediate,,"1,0,0,2,0,0,0,0,0",practice,ward_and_allport,"1,3,0,2,0,0,0,0,0",82,3.0,3.0,"89,71,82",22.0,,445,"1,2,3,0,0,0,0,0,0",445.0,,272038,to_hand,poldrack-single-stim,s491
235,344.0,PA_with_intermediate,,"1,3,0,2,0,0,0,0,0",practice,ward_and_allport,"1,3,0,2,0,0,0,0,0",89,3.0,3.0,"89,71,82",22.0,,344,"1,2,3,0,0,0,0,0,0",344.0,,272384,to_board,poldrack-single-stim,s491
236,4040.0,,True,,test,ward_and_allport,,-1,3.0,3.0,none,,9751.0,-1,,1000.0,,276440,feedback,poldrack-single-stim,s491
237,4698.0,PA_with_intermediate,,"0,0,0,1,2,0,0,0,0",practice,ward_and_allport,"2,3,0,1,0,0,0,0,0",71,3.0,1.0,71,23.0,,4698,"0,0,0,1,2,3,0,0,0",4698.0,,281156,to_hand,poldrack-single-stim,s491
238,564.0,PA_with_intermediate,,"0,0,0,1,2,0,3,0,0",practice,ward_and_allport,"2,3,0,1,0,0,0,0,0",82,3.0,1.0,"89,71,82",23.0,,564,"0,0,0,1,2,3,0,0,0",564.0,,281722,to_board,poldrack-single-stim,s491
239,462.0,PA_with_intermediate,,"0,0,0,1,0,0,3,0,0",practice,ward_and_allport,"2,3,0,1,0,0,0,0,0",71,3.0,2.0,"71,82",23.0,,462,"0,0,0,1,2,3,0,0,0",462.0,,282203,to_hand,poldrack-single-stim,s491
240,336.0,PA_with_intermediate,,"2,0,0,1,0,0,3,0,0",practice,ward_and_allport,"2,3,0,1,0,0,0,0,0",89,3.0,2.0,"89,71,82",23.0,,336,"0,0,0,1,2,3,0,0,0",336.0,,282541,to_board,poldrack-single-stim,s491
241,496.0,PA_with_intermediate,,"2,0,0,1,0,0,0,0,0",practice,ward_and_allport,"2,3,0,1,0,0,0,0,0",82,3.0,3.0,"89,71,82",23.0,,496,"0,0,0,1,2,3,0,0,0",496.0,,283053,to_hand,poldrack-single-stim,s491
242,312.0,PA_with_intermediate,,"2,3,0,1,0,0,0,0,0",practice,ward_and_allport,"2,3,0,1,0,0,0,0,0",89,3.0,3.0,"89,71,82",23.0,,312,"0,0,0,1,2,3,0,0,0",312.0,,283367,to_board,poldrack-single-stim,s491
243,2136.0,,True,,test,ward_and_allport,,-1,3.0,3.0,none,,9080.0,-1,,1000.0,,285520,feedback,poldrack-single-stim,s491
244,3759.0,PA_with_intermediate,,"0,0,0,0,0,0,1,2,0",practice,ward_and_allport,"2,0,0,0,0,0,1,3,0",82,3.0,1.0,82,24.0,,3759,"0,0,0,0,0,0,1,2,3",3759.0,,289294,to_hand,poldrack-single-stim,s491
245,974.0,PA_with_intermediate,,"0,0,0,3,0,0,1,2,0",practice,ward_and_allport,"2,0,0,0,0,0,1,3,0",71,3.0,1.0,"89,71,82",24.0,,974,"0,0,0,0,0,0,1,2,3",974.0,,290270,to_board,poldrack-single-stim,s491
246,380.0,PA_with_intermediate,,"0,0,0,3,0,0,1,0,0",practice,ward_and_allport,"2,0,0,0,0,0,1,3,0",82,3.0,2.0,"71,82",24.0,,380,"0,0,0,0,0,0,1,2,3",380.0,,290668,to_hand,poldrack-single-stim,s491
247,583.0,PA_with_intermediate,,"2,0,0,3,0,0,1,0,0",practice,ward_and_allport,"2,0,0,0,0,0,1,3,0",89,3.0,2.0,"89,71,82",24.0,,583,"0,0,0,0,0,0,1,2,3",583.0,,291254,to_board,poldrack-single-stim,s491
248,327.0,PA_with_intermediate,,"2,0,0,0,0,0,1,0,0",practice,ward_and_allport,"2,0,0,0,0,0,1,3,0",71,3.0,3.0,"89,71,82",24.0,,327,"0,0,0,0,0,0,1,2,3",327.0,,291596,to_hand,poldrack-single-stim,s491
249,465.0,PA_with_intermediate,,"2,0,0,0,0,0,1,3,0",practice,ward_and_allport,"2,0,0,0,0,0,1,3,0",82,3.0,3.0,"89,71,82",24.0,,465,"0,0,0,0,0,0,1,2,3",465.0,,292063,to_board,poldrack-single-stim,s491
250,2408.0,,True,,test,ward_and_allport,,-1,3.0,3.0,none,,8970.0,-1,,1000.0,,294490,feedback,poldrack-single-stim,s491
251,2826.0,PA_without_intermediate,,"0,0,0,1,2,0,0,0,0",practice,ward_and_allport,"3,2,0,0,0,0,1,0,0",71,3.0,1.0,71,25.0,,2826,"0,0,0,1,2,3,0,0,0",2826.0,,297336,to_hand,poldrack-single-stim,s491
252,386.0,PA_without_intermediate,,"3,0,0,1,2,0,0,0,0",practice,ward_and_allport,"3,2,0,0,0,0,1,0,0",89,3.0,1.0,"89,71,82",25.0,,386,"0,0,0,1,2,3,0,0,0",386.0,,297724,to_board,poldrack-single-stim,s491
253,615.0,PA_without_intermediate,,"3,0,0,1,0,0,0,0,0",practice,ward_and_allport,"3,2,0,0,0,0,1,0,0",71,3.0,2.0,"89,71",25.0,,615,"0,0,0,1,2,3,0,0,0",615.0,,298356,to_hand,poldrack-single-stim,s491
254,581.0,PA_without_intermediate,,"3,2,0,1,0,0,0,0,0",practice,ward_and_allport,"3,2,0,0,0,0,1,0,0",89,3.0,2.0,"89,71,82",25.0,,581,"0,0,0,1,2,3,0,0,0",581.0,,298940,to_board,poldrack-single-stim,s491
255,328.0,PA_without_intermediate,,"3,2,0,0,0,0,0,0,0",practice,ward_and_allport,"3,2,0,0,0,0,1,0,0",71,3.0,3.0,"89,71",25.0,,328,"0,0,0,1,2,3,0,0,0",328.0,,299287,to_hand,poldrack-single-stim,s491
256,233.0,PA_without_intermediate,,"3,2,0,0,0,0,1,0,0",practice,ward_and_allport,"3,2,0,0,0,0,1,0,0",82,3.0,3.0,"89,71,82",25.0,,233,"0,0,0,1,2,3,0,0,0",233.0,,299523,to_board,poldrack-single-stim,s491
257,2680.0,,True,,test,ward_and_allport,,-1,3.0,3.0,none,,7734.0,-1,,1000.0,,302224,feedback,poldrack-single-stim,s491
258,3190.0,PA_with_intermediate,,"0,0,0,0,0,0,1,2,0",practice,ward_and_allport,"0,0,0,2,0,0,1,3,0",82,3.0,1.0,82,26.0,,3190,"0,0,0,0,0,0,1,2,3",3190.0,,305432,to_hand,poldrack-single-stim,s491
259,2152.0,PA_with_intermediate,,"3,0,0,0,0,0,1,2,0",practice,ward_and_allport,"0,0,0,2,0,0,1,3,0",89,3.0,1.0,"89,71,82",26.0,,2152,"0,0,0,0,0,0,1,2,3",2152.0,,307586,to_board,poldrack-single-stim,s491
260,415.0,PA_with_intermediate,,"3,0,0,0,0,0,1,0,0",practice,ward_and_allport,"0,0,0,2,0,0,1,3,0",82,3.0,2.0,"89,82",26.0,,415,"0,0,0,0,0,0,1,2,3",415.0,,308019,to_hand,poldrack-single-stim,s491
261,329.0,PA_with_intermediate,,"3,0,0,2,0,0,1,0,0",practice,ward_and_allport,"0,0,0,2,0,0,1,3,0",71,3.0,2.0,"89,71,82",26.0,,329,"0,0,0,0,0,0,1,2,3",329.0,,308351,to_board,poldrack-single-stim,s491
262,568.0,PA_with_intermediate,,"0,0,0,2,0,0,1,0,0",practice,ward_and_allport,"0,0,0,2,0,0,1,3,0",89,3.0,3.0,"89,71,82",26.0,,568,"0,0,0,0,0,0,1,2,3",568.0,,308938,to_hand,poldrack-single-stim,s491
263,275.0,PA_with_intermediate,,"0,0,0,2,0,0,1,3,0",practice,ward_and_allport,"0,0,0,2,0,0,1,3,0",82,3.0,3.0,"89,71,82",26.0,,275,"0,0,0,0,0,0,1,2,3",275.0,,309215,to_board,poldrack-single-stim,s491
264,4720.0,,True,,test,ward_and_allport,,-1,3.0,3.0,none,,11729.0,-1,,1000.0,,313953,feedback,poldrack-single-stim,s491
265,2642.0,PA_without_intermediate,,"0,0,0,1,2,0,0,0,0",practice,ward_and_allport,"2,0,0,0,0,0,3,1,0",71,3.0,1.0,71,27.0,,2642,"0,0,0,1,2,3,0,0,0",2642.0,,316616,to_hand,poldrack-single-stim,s491
266,710.0,PA_without_intermediate,,"0,0,0,1,2,0,3,0,0",practice,ward_and_allport,"2,0,0,0,0,0,3,1,0",82,3.0,1.0,"89,71,82",27.0,,710,"0,0,0,1,2,3,0,0,0",710.0,,317330,to_board,poldrack-single-stim,s491
267,407.0,PA_without_intermediate,,"0,0,0,1,0,0,3,0,0",practice,ward_and_allport,"2,0,0,0,0,0,3,1,0",71,3.0,2.0,"71,82",27.0,,407,"0,0,0,1,2,3,0,0,0",407.0,,317754,to_hand,poldrack-single-stim,s491
268,323.0,PA_without_intermediate,,"2,0,0,1,0,0,3,0,0",practice,ward_and_allport,"2,0,0,0,0,0,3,1,0",89,3.0,2.0,"89,71,82",27.0,,323,"0,0,0,1,2,3,0,0,0",323.0,,318079,to_board,poldrack-single-stim,s491
269,398.0,PA_without_intermediate,,"2,0,0,0,0,0,3,0,0",practice,ward_and_allport,"2,0,0,0,0,0,3,1,0",71,3.0,3.0,"89,71,82",27.0,,398,"0,0,0,1,2,3,0,0,0",398.0,,318493,to_hand,poldrack-single-stim,s491
270,313.0,PA_without_intermediate,,"2,0,0,0,0,0,3,1,0",practice,ward_and_allport,"2,0,0,0,0,0,3,1,0",82,3.0,3.0,"89,71,82",27.0,,313,"0,0,0,1,2,3,0,0,0",313.0,,318810,to_board,poldrack-single-stim,s491
271,3224.0,,True,,test,ward_and_allport,,-1,3.0,3.0,none,,8101.0,-1,,1000.0,,322054,feedback,poldrack-single-stim,s491
272,2663.0,PA_without_intermediate,,"0,0,0,0,0,0,1,2,0",practice,ward_and_allport,"3,1,0,2,0,0,0,0,0",82,3.0,1.0,82,28.0,,2663,"0,0,0,0,0,0,1,2,3",2663.0,,324739,to_hand,poldrack-single-stim,s491
273,369.0,PA_without_intermediate,,"3,0,0,0,0,0,1,2,0",practice,ward_and_allport,"3,1,0,2,0,0,0,0,0",89,3.0,1.0,"89,71,82",28.0,,369,"0,0,0,0,0,0,1,2,3",369.0,,325110,to_board,poldrack-single-stim,s491
274,4360.0,PA_without_intermediate,,"3,0,0,0,0,0,1,0,0",practice,ward_and_allport,"3,1,0,2,0,0,0,0,0",82,3.0,2.0,"89,82",28.0,,4360,"0,0,0,0,0,0,1,2,3",4360.0,,329492,to_hand,poldrack-single-stim,s491
275,361.0,PA_without_intermediate,,"3,0,0,2,0,0,1,0,0",practice,ward_and_allport,"3,1,0,2,0,0,0,0,0",71,3.0,2.0,"89,71,82",28.0,,361,"0,0,0,0,0,0,1,2,3",361.0,,329855,to_board,poldrack-single-stim,s491
276,483.0,PA_without_intermediate,,"3,0,0,2,0,0,0,0,0",practice,ward_and_allport,"3,1,0,2,0,0,0,0,0",82,3.0,3.0,"89,71,82",28.0,,483,"0,0,0,0,0,0,1,2,3",483.0,,330362,to_hand,poldrack-single-stim,s491
277,289.0,PA_without_intermediate,,"3,1,0,2,0,0,0,0,0",practice,ward_and_allport,"3,1,0,2,0,0,0,0,0",89,3.0,3.0,"89,71,82",28.0,,289,"0,0,0,0,0,0,1,2,3",289.0,,330654,to_board,poldrack-single-stim,s491
278,2272.0,,True,,test,ward_and_allport,,-1,3.0,3.0,none,,10895.0,-1,,1000.0,,332949,feedback,poldrack-single-stim,s491
279,2836.0,PA_with_intermediate,,"0,0,0,1,2,0,0,0,0",practice,ward_and_allport,"0,0,0,1,0,0,2,3,0",71,3.0,1.0,71,29.0,,2836,"0,0,0,1,2,3,0,0,0",2836.0,,335806,to_hand,poldrack-single-stim,s491
280,892.0,PA_with_intermediate,,"3,0,0,1,2,0,0,0,0",practice,ward_and_allport,"0,0,0,1,0,0,2,3,0",89,3.0,1.0,"89,71,82",29.0,,892,"0,0,0,1,2,3,0,0,0",892.0,,336700,to_board,poldrack-single-stim,s491
281,422.0,PA_with_intermediate,,"3,0,0,1,0,0,0,0,0",practice,ward_and_allport,"0,0,0,1,0,0,2,3,0",71,3.0,2.0,"89,71",29.0,,422,"0,0,0,1,2,3,0,0,0",422.0,,337146,to_hand,poldrack-single-stim,s491
282,401.0,PA_with_intermediate,,"3,0,0,1,0,0,2,0,0",practice,ward_and_allport,"0,0,0,1,0,0,2,3,0",82,3.0,2.0,"89,71,82",29.0,,401,"0,0,0,1,2,3,0,0,0",401.0,,337549,to_board,poldrack-single-stim,s491
283,999.0,PA_with_intermediate,,"0,0,0,1,0,0,2,0,0",practice,ward_and_allport,"0,0,0,1,0,0,2,3,0",89,3.0,3.0,"89,71,82",29.0,,999,"0,0,0,1,2,3,0,0,0",999.0,,338572,to_hand,poldrack-single-stim,s491
284,209.0,PA_with_intermediate,,"0,0,0,1,0,0,2,3,0",practice,ward_and_allport,"0,0,0,1,0,0,2,3,0",82,3.0,3.0,"89,71,82",29.0,,209,"0,0,0,1,2,3,0,0,0",209.0,,338784,to_board,poldrack-single-stim,s491
285,3632.0,,True,,test,ward_and_allport,,-1,3.0,3.0,none,,9485.0,-1,,1000.0,,342434,feedback,poldrack-single-stim,s491
286,5000.0,,,,,ward_and_allport,,-1,,,none,,,-1,,5000.0,,347437,reminder,poldrack-single-stim,s491
287,3204.0,PA_without_intermediate,,"1,2,0,0,0,0,0,0,0",practice,ward_and_allport,"0,0,0,3,1,0,2,0,0",89,3.0,1.0,89,30.0,,3204,"1,2,3,0,0,0,0,0,0",3204.0,,350662,to_hand,poldrack-single-stim,s491
288,696.0,PA_without_intermediate,,"1,2,0,3,0,0,0,0,0",practice,ward_and_allport,"0,0,0,3,1,0,2,0,0",71,3.0,1.0,"89,71,82",30.0,,696,"1,2,3,0,0,0,0,0,0",696.0,,351360,to_board,poldrack-single-stim,s491
289,362.0,PA_without_intermediate,,"1,0,0,3,0,0,0,0,0",practice,ward_and_allport,"0,0,0,3,1,0,2,0,0",89,3.0,2.0,"89,71",30.0,,362,"1,2,3,0,0,0,0,0,0",362.0,,351747,to_hand,poldrack-single-stim,s491
290,367.0,PA_without_intermediate,,"1,0,0,3,0,0,2,0,0",practice,ward_and_allport,"0,0,0,3,1,0,2,0,0",82,3.0,2.0,"89,71,82",30.0,,367,"1,2,3,0,0,0,0,0,0",367.0,,352116,to_board,poldrack-single-stim,s491
291,654.0,PA_without_intermediate,,"0,0,0,3,0,0,2,0,0",practice,ward_and_allport,"0,0,0,3,1,0,2,0,0",89,3.0,3.0,"89,71,82",30.0,,654,"1,2,3,0,0,0,0,0,0",654.0,,352791,to_hand,poldrack-single-stim,s491
292,238.0,PA_without_intermediate,,"0,0,0,3,1,0,2,0,0",practice,ward_and_allport,"0,0,0,3,1,0,2,0,0",71,3.0,3.0,"89,71,82",30.0,,238,"1,2,3,0,0,0,0,0,0",238.0,,353031,to_board,poldrack-single-stim,s491
293,2408.0,,True,,test,ward_and_allport,,-1,3.0,3.0,none,,13025.0,-1,,1000.0,,355459,feedback,poldrack-single-stim,s491
294,3823.0,PA_without_intermediate,,"0,0,0,0,0,0,1,2,0",practice,ward_and_allport,"2,0,0,3,1,0,0,0,0",82,3.0,1.0,82,31.0,,3823,"0,0,0,0,0,0,1,2,3",3823.0,,359298,to_hand,poldrack-single-stim,s491
295,370.0,PA_without_intermediate,,"0,0,0,3,0,0,1,2,0",practice,ward_and_allport,"2,0,0,3,1,0,0,0,0",71,3.0,1.0,"89,71,82",31.0,,370,"0,0,0,0,0,0,1,2,3",370.0,,359670,to_board,poldrack-single-stim,s491
296,814.0,PA_without_intermediate,,"0,0,0,3,0,0,1,0,0",practice,ward_and_allport,"2,0,0,3,1,0,0,0,0",82,3.0,2.0,"71,82",31.0,,814,"0,0,0,0,0,0,1,2,3",814.0,,360504,to_hand,poldrack-single-stim,s491
297,242.0,PA_without_intermediate,,"2,0,0,3,0,0,1,0,0",practice,ward_and_allport,"2,0,0,3,1,0,0,0,0",89,3.0,2.0,"89,71,82",31.0,,242,"0,0,0,0,0,0,1,2,3",242.0,,360748,to_board,poldrack-single-stim,s491
298,410.0,PA_without_intermediate,,"2,0,0,3,0,0,0,0,0",practice,ward_and_allport,"2,0,0,3,1,0,0,0,0",82,3.0,3.0,"89,71,82",31.0,,410,"0,0,0,0,0,0,1,2,3",410.0,,361179,to_hand,poldrack-single-stim,s491
299,275.0,PA_without_intermediate,,"2,0,0,3,1,0,0,0,0",practice,ward_and_allport,"2,0,0,3,1,0,0,0,0",71,3.0,3.0,"89,71,82",31.0,,275,"0,0,0,0,0,0,1,2,3",275.0,,361456,to_board,poldrack-single-stim,s491
300,2000.0,,True,,test,ward_and_allport,,-1,3.0,3.0,none,,8018.0,-1,,1000.0,,363477,feedback,poldrack-single-stim,s491
301,4196.0,PA_with_intermediate,,"0,0,0,1,2,0,0,0,0",practice,ward_and_allport,"2,3,0,1,0,0,0,0,0",71,3.0,1.0,71,32.0,,4196,"0,0,0,1,2,3,0,0,0",4196.0,,367691,to_hand,poldrack-single-stim,s491
302,895.0,PA_with_intermediate,,"0,0,0,1,2,0,3,0,0",practice,ward_and_allport,"2,3,0,1,0,0,0,0,0",82,3.0,1.0,"89,71,82",32.0,,895,"0,0,0,1,2,3,0,0,0",895.0,,368589,to_board,poldrack-single-stim,s491
303,520.0,PA_with_intermediate,,"0,0,0,1,0,0,3,0,0",practice,ward_and_allport,"2,3,0,1,0,0,0,0,0",71,3.0,2.0,"71,82",32.0,,520,"0,0,0,1,2,3,0,0,0",520.0,,369132,to_hand,poldrack-single-stim,s491
304,410.0,PA_with_intermediate,,"2,0,0,1,0,0,3,0,0",practice,ward_and_allport,"2,3,0,1,0,0,0,0,0",89,3.0,2.0,"89,71,82",32.0,,410,"0,0,0,1,2,3,0,0,0",410.0,,369545,to_board,poldrack-single-stim,s491
305,1029.0,PA_with_intermediate,,"2,0,0,1,0,0,0,0,0",practice,ward_and_allport,"2,3,0,1,0,0,0,0,0",82,3.0,3.0,"89,71,82",32.0,,1029,"0,0,0,1,2,3,0,0,0",1029.0,,370596,to_hand,poldrack-single-stim,s491
306,276.0,PA_with_intermediate,,"2,3,0,1,0,0,0,0,0",practice,ward_and_allport,"2,3,0,1,0,0,0,0,0",89,3.0,3.0,"89,71,82",32.0,,276,"0,0,0,1,2,3,0,0,0",276.0,,370874,to_board,poldrack-single-stim,s491
307,2000.0,,True,,test,ward_and_allport,,-1,3.0,3.0,none,,9427.0,-1,,1000.0,,372904,feedback,poldrack-single-stim,s491
308,3755.0,PA_with_intermediate,,"0,0,0,1,2,0,0,0,0",practice,ward_and_allport,"2,0,0,1,3,0,0,0,0",71,3.0,1.0,71,33.0,,3755,"0,0,0,1,2,3,0,0,0",3755.0,,376681,to_hand,poldrack-single-stim,s491
309,345.0,PA_with_intermediate,,"0,0,0,1,2,0,3,0,0",practice,ward_and_allport,"2,0,0,1,3,0,0,0,0",82,3.0,1.0,"89,71,82",33.0,,345,"0,0,0,1,2,3,0,0,0",345.0,,377028,to_board,poldrack-single-stim,s491
310,272.0,PA_with_intermediate,,"0,0,0,1,0,0,3,0,0",practice,ward_and_allport,"2,0,0,1,3,0,0,0,0",71,3.0,2.0,"71,82",33.0,,272,"0,0,0,1,2,3,0,0,0",272.0,,377325,to_hand,poldrack-single-stim,s491
311,312.0,PA_with_intermediate,,"2,0,0,1,0,0,3,0,0",practice,ward_and_allport,"2,0,0,1,3,0,0,0,0",89,3.0,2.0,"89,71,82",33.0,,312,"0,0,0,1,2,3,0,0,0",312.0,,377639,to_board,poldrack-single-stim,s491
312,2385.0,PA_with_intermediate,,"2,0,0,1,0,0,0,0,0",practice,ward_and_allport,"2,0,0,1,3,0,0,0,0",82,3.0,3.0,"89,71,82",33.0,,2385,"0,0,0,1,2,3,0,0,0",2385.0,,380047,to_hand,poldrack-single-stim,s491
313,246.0,PA_with_intermediate,,"2,0,0,1,3,0,0,0,0",practice,ward_and_allport,"2,0,0,1,3,0,0,0,0",71,3.0,3.0,"89,71,82",33.0,,246,"0,0,0,1,2,3,0,0,0",246.0,,380296,to_board,poldrack-single-stim,s491
314,2000.0,,True,,test,ward_and_allport,,-1,3.0,3.0,none,,9417.0,-1,,1000.0,,382320,feedback,poldrack-single-stim,s491
315,4687.0,PA_with_intermediate,,"0,0,0,0,0,0,1,2,0",practice,ward_and_allport,"2,3,0,0,0,0,1,0,0",82,3.0,1.0,82,34.0,,4687,"0,0,0,0,0,0,1,2,3",4687.0,,387029,to_hand,poldrack-single-stim,s491
316,319.0,PA_with_intermediate,,"0,0,0,3,0,0,1,2,0",practice,ward_and_allport,"2,3,0,0,0,0,1,0,0",71,3.0,1.0,"89,71,82",34.0,,319,"0,0,0,0,0,0,1,2,3",319.0,,387351,to_board,poldrack-single-stim,s491
317,307.0,PA_with_intermediate,,"0,0,0,3,0,0,1,0,0",practice,ward_and_allport,"2,3,0,0,0,0,1,0,0",82,3.0,2.0,"71,82",34.0,,307,"0,0,0,0,0,0,1,2,3",307.0,,387681,to_hand,poldrack-single-stim,s491
318,345.0,PA_with_intermediate,,"2,0,0,3,0,0,1,0,0",practice,ward_and_allport,"2,3,0,0,0,0,1,0,0",89,3.0,2.0,"89,71,82",34.0,,345,"0,0,0,0,0,0,1,2,3",345.0,,388028,to_board,poldrack-single-stim,s491
319,381.0,PA_with_intermediate,,"2,0,0,0,0,0,1,0,0",practice,ward_and_allport,"2,3,0,0,0,0,1,0,0",71,3.0,3.0,"89,71,82",34.0,,381,"0,0,0,0,0,0,1,2,3",381.0,,388431,to_hand,poldrack-single-stim,s491
320,265.0,PA_with_intermediate,,"2,3,0,0,0,0,1,0,0",practice,ward_and_allport,"2,3,0,0,0,0,1,0,0",89,3.0,3.0,"89,71,82",34.0,,265,"0,0,0,0,0,0,1,2,3",265.0,,388699,to_board,poldrack-single-stim,s491
321,2408.0,,True,,test,ward_and_allport,,-1,3.0,3.0,none,,8811.0,-1,,1000.0,,391132,feedback,poldrack-single-stim,s491
322,3679.0,PA_without_intermediate,,"0,0,0,1,2,0,0,0,0",practice,ward_and_allport,"3,1,0,0,0,0,2,0,0",71,3.0,1.0,71,35.0,,3679,"0,0,0,1,2,3,0,0,0",3679.0,,394830,to_hand,poldrack-single-stim,s491
323,461.0,PA_without_intermediate,,"3,0,0,1,2,0,0,0,0",practice,ward_and_allport,"3,1,0,0,0,0,2,0,0",89,3.0,1.0,"89,71,82",35.0,,461,"0,0,0,1,2,3,0,0,0",461.0,,395293,to_board,poldrack-single-stim,s491
324,353.0,PA_without_intermediate,,"3,0,0,1,0,0,0,0,0",practice,ward_and_allport,"3,1,0,0,0,0,2,0,0",71,3.0,2.0,"89,71",35.0,,353,"0,0,0,1,2,3,0,0,0",353.0,,395666,to_hand,poldrack-single-stim,s491
325,522.0,PA_without_intermediate,,"3,0,0,1,0,0,2,0,0",practice,ward_and_allport,"3,1,0,0,0,0,2,0,0",82,3.0,2.0,"89,71,82",35.0,,522,"0,0,0,1,2,3,0,0,0",522.0,,396190,to_board,poldrack-single-stim,s491
326,253.0,PA_without_intermediate,,"3,0,0,0,0,0,2,0,0",practice,ward_and_allport,"3,1,0,0,0,0,2,0,0",71,3.0,3.0,"89,71,82",35.0,,253,"0,0,0,1,2,3,0,0,0",253.0,,396466,to_hand,poldrack-single-stim,s491
327,256.0,PA_without_intermediate,,"3,1,0,0,0,0,2,0,0",practice,ward_and_allport,"3,1,0,0,0,0,2,0,0",89,3.0,3.0,"89,71,82",35.0,,256,"0,0,0,1,2,3,0,0,0",256.0,,396726,to_board,poldrack-single-stim,s491
328,2816.0,,True,,test,ward_and_allport,,-1,3.0,3.0,none,,8432.0,-1,,1000.0,,399564,feedback,poldrack-single-stim,s491
329,5047.0,PA_with_intermediate,,"1,2,0,0,0,0,0,0,0",practice,ward_and_allport,"1,0,0,2,3,0,0,0,0",89,3.0,1.0,89,36.0,,5047,"1,2,3,0,0,0,0,0,0",5047.0,,404633,to_hand,poldrack-single-stim,s491
330,405.0,PA_with_intermediate,,"1,2,0,0,0,0,3,0,0",practice,ward_and_allport,"1,0,0,2,3,0,0,0,0",82,3.0,1.0,"89,71,82",36.0,,405,"1,2,3,0,0,0,0,0,0",405.0,,405040,to_board,poldrack-single-stim,s491
331,937.0,PA_with_intermediate,,"1,0,0,0,0,0,3,0,0",practice,ward_and_allport,"1,0,0,2,3,0,0,0,0",89,3.0,2.0,"89,82",36.0,,937,"1,2,3,0,0,0,0,0,0",937.0,,406001,to_hand,poldrack-single-stim,s491
332,381.0,PA_with_intermediate,,"1,0,0,2,0,0,3,0,0",practice,ward_and_allport,"1,0,0,2,3,0,0,0,0",71,3.0,2.0,"89,71,82",36.0,,381,"1,2,3,0,0,0,0,0,0",381.0,,406385,to_board,poldrack-single-stim,s491
333,453.0,PA_with_intermediate,,"1,0,0,2,0,0,0,0,0",practice,ward_and_allport,"1,0,0,2,3,0,0,0,0",82,3.0,3.0,"89,71,82",36.0,,453,"1,2,3,0,0,0,0,0,0",453.0,,406862,to_hand,poldrack-single-stim,s491
334,292.0,PA_with_intermediate,,"1,0,0,2,3,0,0,0,0",practice,ward_and_allport,"1,0,0,2,3,0,0,0,0",71,3.0,3.0,"89,71,82",36.0,,292,"1,2,3,0,0,0,0,0,0",292.0,,407157,to_board,poldrack-single-stim,s491
335,4176.0,,True,,test,ward_and_allport,,-1,3.0,3.0,none,,11792.0,-1,,1000.0,,411356,feedback,poldrack-single-stim,s491
336,3852.0,PA_with_intermediate,,"0,0,0,1,2,0,0,0,0",practice,ward_and_allport,"2,0,0,1,3,0,0,0,0",71,3.0,1.0,71,37.0,,3852,"0,0,0,1,2,3,0,0,0",3852.0,,415232,to_hand,poldrack-single-stim,s491
337,563.0,PA_with_intermediate,,"0,0,0,1,2,0,3,0,0",practice,ward_and_allport,"2,0,0,1,3,0,0,0,0",82,3.0,1.0,"89,71,82",37.0,,563,"0,0,0,1,2,3,0,0,0",563.0,,415797,to_board,poldrack-single-stim,s491
338,322.0,PA_with_intermediate,,"0,0,0,1,0,0,3,0,0",practice,ward_and_allport,"2,0,0,1,3,0,0,0,0",71,3.0,2.0,"71,82",37.0,,322,"0,0,0,1,2,3,0,0,0",322.0,,416142,to_hand,poldrack-single-stim,s491
339,406.0,PA_with_intermediate,,"2,0,0,1,0,0,3,0,0",practice,ward_and_allport,"2,0,0,1,3,0,0,0,0",89,3.0,2.0,"89,71,82",37.0,,406,"0,0,0,1,2,3,0,0,0",406.0,,416550,to_board,poldrack-single-stim,s491
340,340.0,PA_with_intermediate,,"2,0,0,1,0,0,0,0,0",practice,ward_and_allport,"2,0,0,1,3,0,0,0,0",82,3.0,3.0,"89,71,82",37.0,,340,"0,0,0,1,2,3,0,0,0",340.0,,416917,to_hand,poldrack-single-stim,s491
341,192.0,PA_with_intermediate,,"2,0,0,1,3,0,0,0,0",practice,ward_and_allport,"2,0,0,1,3,0,0,0,0",71,3.0,3.0,"89,71,82",37.0,,192,"0,0,0,1,2,3,0,0,0",192.0,,417112,to_board,poldrack-single-stim,s491
342,3360.0,,True,,test,ward_and_allport,,-1,3.0,3.0,none,,9137.0,-1,,1000.0,,420493,feedback,poldrack-single-stim,s491
343,2925.0,PA_with_intermediate,,"0,0,0,0,0,0,1,2,0",practice,ward_and_allport,"2,3,0,0,0,0,1,0,0",82,3.0,1.0,82,38.0,,2925,"0,0,0,0,0,0,1,2,3",2925.0,,423446,to_hand,poldrack-single-stim,s491
344,374.0,PA_with_intermediate,,"0,0,0,3,0,0,1,2,0",practice,ward_and_allport,"2,3,0,0,0,0,1,0,0",71,3.0,1.0,"89,71,82",38.0,,374,"0,0,0,0,0,0,1,2,3",374.0,,423822,to_board,poldrack-single-stim,s491
345,861.0,PA_with_intermediate,,"0,0,0,3,0,0,1,0,0",practice,ward_and_allport,"2,3,0,0,0,0,1,0,0",82,3.0,2.0,"71,82",38.0,,861,"0,0,0,0,0,0,1,2,3",861.0,,424699,to_hand,poldrack-single-stim,s491
346,373.0,PA_with_intermediate,,"2,0,0,3,0,0,1,0,0",practice,ward_and_allport,"2,3,0,0,0,0,1,0,0",89,3.0,2.0,"89,71,82",38.0,,373,"0,0,0,0,0,0,1,2,3",373.0,,425074,to_board,poldrack-single-stim,s491
347,325.0,PA_with_intermediate,,"2,0,0,0,0,0,1,0,0",practice,ward_and_allport,"2,3,0,0,0,0,1,0,0",71,3.0,3.0,"89,71,82",38.0,,325,"0,0,0,0,0,0,1,2,3",325.0,,425426,to_hand,poldrack-single-stim,s491
348,241.0,PA_with_intermediate,,"2,3,0,0,0,0,1,0,0",practice,ward_and_allport,"2,3,0,0,0,0,1,0,0",89,3.0,3.0,"89,71,82",38.0,,241,"0,0,0,0,0,0,1,2,3",241.0,,425669,to_board,poldrack-single-stim,s491
349,2000.0,,True,,test,ward_and_allport,,-1,3.0,3.0,none,,7201.0,-1,,1000.0,,427694,feedback,poldrack-single-stim,s491
350,3522.0,PA_without_intermediate,,"0,0,0,1,2,0,0,0,0",practice,ward_and_allport,"1,0,0,0,0,0,3,2,0",71,3.0,1.0,71,39.0,,3522,"0,0,0,1,2,3,0,0,0",3522.0,,431235,to_hand,poldrack-single-stim,s491
351,426.0,PA_without_intermediate,,"0,0,0,1,2,0,3,0,0",practice,ward_and_allport,"1,0,0,0,0,0,3,2,0",82,3.0,1.0,"89,71,82",39.0,,426,"0,0,0,1,2,3,0,0,0",426.0,,431663,to_board,poldrack-single-stim,s491
352,1530.0,PA_without_intermediate,,"0,0,0,1,0,0,3,0,0",practice,ward_and_allport,"1,0,0,0,0,0,3,2,0",71,3.0,2.0,"71,82",39.0,,1530,"0,0,0,1,2,3,0,0,0",1530.0,,433212,to_hand,poldrack-single-stim,s491
353,382.0,PA_without_intermediate,,"0,0,0,1,0,0,3,2,0",practice,ward_and_allport,"1,0,0,0,0,0,3,2,0",82,3.0,2.0,"89,71,82",39.0,,382,"0,0,0,1,2,3,0,0,0",382.0,,433596,to_board,poldrack-single-stim,s491
354,816.0,PA_without_intermediate,,"0,0,0,0,0,0,3,2,0",practice,ward_and_allport,"1,0,0,0,0,0,3,2,0",71,3.0,3.0,"71,82",39.0,,816,"0,0,0,1,2,3,0,0,0",816.0,,434439,to_hand,poldrack-single-stim,s491
355,430.0,PA_without_intermediate,,"1,0,0,0,0,0,3,2,0",practice,ward_and_allport,"1,0,0,0,0,0,3,2,0",89,3.0,3.0,"89,71,82",39.0,,430,"0,0,0,1,2,3,0,0,0",430.0,,434870,to_board,poldrack-single-stim,s491
356,2408.0,,True,,test,ward_and_allport,,-1,3.0,3.0,none,,9610.0,-1,,1000.0,,437304,feedback,poldrack-single-stim,s491
357,3081.0,PA_with_intermediate,,"1,2,0,0,0,0,0,0,0",practice,ward_and_allport,"1,3,0,0,0,0,2,0,0",89,3.0,1.0,89,40.0,,3081,"1,2,3,0,0,0,0,0,0",3081.0,,440409,to_hand,poldrack-single-stim,s491
358,851.0,PA_with_intermediate,,"1,2,0,3,0,0,0,0,0",practice,ward_and_allport,"1,3,0,0,0,0,2,0,0",71,3.0,1.0,"89,71,82",40.0,,851,"1,2,3,0,0,0,0,0,0",851.0,,441262,to_board,poldrack-single-stim,s491
359,338.0,PA_with_intermediate,,"1,0,0,3,0,0,0,0,0",practice,ward_and_allport,"1,3,0,0,0,0,2,0,0",89,3.0,2.0,"89,71",40.0,,338,"1,2,3,0,0,0,0,0,0",338.0,,441624,to_hand,poldrack-single-stim,s491
360,310.0,PA_with_intermediate,,"1,0,0,3,0,0,2,0,0",practice,ward_and_allport,"1,3,0,0,0,0,2,0,0",82,3.0,2.0,"89,71,82",40.0,,310,"1,2,3,0,0,0,0,0,0",310.0,,441937,to_board,poldrack-single-stim,s491
361,349.0,PA_with_intermediate,,"1,0,0,0,0,0,2,0,0",practice,ward_and_allport,"1,3,0,0,0,0,2,0,0",71,3.0,3.0,"89,71,82",40.0,,349,"1,2,3,0,0,0,0,0,0",349.0,,442313,to_hand,poldrack-single-stim,s491
362,233.0,PA_with_intermediate,,"1,3,0,0,0,0,2,0,0",practice,ward_and_allport,"1,3,0,0,0,0,2,0,0",89,3.0,3.0,"89,71,82",40.0,,233,"1,2,3,0,0,0,0,0,0",233.0,,442549,to_board,poldrack-single-stim,s491
363,2816.0,,True,,test,ward_and_allport,,-1,3.0,3.0,none,,8087.0,-1,,1000.0,,445391,feedback,poldrack-single-stim,s491
364,2636.0,PA_without_intermediate,,"1,2,0,0,0,0,0,0,0",practice,ward_and_allport,"0,0,0,2,0,0,3,1,0",89,3.0,1.0,89,41.0,,2636,"1,2,3,0,0,0,0,0,0",2636.0,,448044,to_hand,poldrack-single-stim,s491
365,293.0,PA_without_intermediate,,"1,2,0,0,0,0,3,0,0",practice,ward_and_allport,"0,0,0,2,0,0,3,1,0",82,3.0,1.0,"89,71,82",41.0,,293,"1,2,3,0,0,0,0,0,0",293.0,,448340,to_board,poldrack-single-stim,s491
366,734.0,PA_without_intermediate,,"1,0,0,0,0,0,3,0,0",practice,ward_and_allport,"0,0,0,2,0,0,3,1,0",89,3.0,2.0,"89,82",41.0,,734,"1,2,3,0,0,0,0,0,0",734.0,,449091,to_hand,poldrack-single-stim,s491
367,252.0,PA_without_intermediate,,"1,0,0,2,0,0,3,0,0",practice,ward_and_allport,"0,0,0,2,0,0,3,1,0",71,3.0,2.0,"89,71,82",41.0,,252,"1,2,3,0,0,0,0,0,0",252.0,,449345,to_board,poldrack-single-stim,s491
368,393.0,PA_without_intermediate,,"0,0,0,2,0,0,3,0,0",practice,ward_and_allport,"0,0,0,2,0,0,3,1,0",89,3.0,3.0,"89,71,82",41.0,,393,"1,2,3,0,0,0,0,0,0",393.0,,449759,to_hand,poldrack-single-stim,s491
369,235.0,PA_without_intermediate,,"0,0,0,2,0,0,3,1,0",practice,ward_and_allport,"0,0,0,2,0,0,3,1,0",82,3.0,3.0,"89,71,82",41.0,,235,"1,2,3,0,0,0,0,0,0",235.0,,449996,to_board,poldrack-single-stim,s491
370,3088.0,,True,,test,ward_and_allport,,-1,3.0,3.0,none,,7723.0,-1,,1000.0,,453114,feedback,poldrack-single-stim,s491
371,3170.0,PA_without_intermediate,,"0,0,0,0,0,0,1,2,0",practice,ward_and_allport,"3,1,0,2,0,0,0,0,0",82,3.0,1.0,82,42.0,,3170,"0,0,0,0,0,0,1,2,3",3170.0,,456311,to_hand,poldrack-single-stim,s491
372,350.0,PA_without_intermediate,,"3,0,0,0,0,0,1,2,0",practice,ward_and_allport,"3,1,0,2,0,0,0,0,0",89,3.0,1.0,"89,71,82",42.0,,350,"0,0,0,0,0,0,1,2,3",350.0,,456664,to_board,poldrack-single-stim,s491
373,381.0,PA_without_intermediate,,"3,0,0,0,0,0,1,0,0",practice,ward_and_allport,"3,1,0,2,0,0,0,0,0",82,3.0,2.0,"89,82",42.0,,381,"0,0,0,0,0,0,1,2,3",381.0,,457067,to_hand,poldrack-single-stim,s491
374,288.0,PA_without_intermediate,,"3,0,0,2,0,0,1,0,0",practice,ward_and_allport,"3,1,0,2,0,0,0,0,0",71,3.0,2.0,"89,71,82",42.0,,288,"0,0,0,0,0,0,1,2,3",288.0,,457357,to_board,poldrack-single-stim,s491
375,328.0,PA_without_intermediate,,"3,0,0,2,0,0,0,0,0",practice,ward_and_allport,"3,1,0,2,0,0,0,0,0",82,3.0,3.0,"89,71,82",42.0,,328,"0,0,0,0,0,0,1,2,3",328.0,,457708,to_hand,poldrack-single-stim,s491
376,312.0,PA_without_intermediate,,"3,1,0,2,0,0,0,0,0",practice,ward_and_allport,"3,1,0,2,0,0,0,0,0",89,3.0,3.0,"89,71,82",42.0,,312,"0,0,0,0,0,0,1,2,3",312.0,,458022,to_board,poldrack-single-stim,s491
377,2136.0,,True,,test,ward_and_allport,,-1,3.0,3.0,none,,7066.0,-1,,1000.0,,460180,feedback,poldrack-single-stim,s491
378,2399.0,PA_without_intermediate,,"1,2,0,0,0,0,0,0,0",practice,ward_and_allport,"0,0,0,1,0,0,3,2,0",89,3.0,1.0,89,43.0,,2399,"1,2,3,0,0,0,0,0,0",2399.0,,462597,to_hand,poldrack-single-stim,s491
379,252.0,PA_without_intermediate,,"1,2,0,0,0,0,3,0,0",practice,ward_and_allport,"0,0,0,1,0,0,3,2,0",82,3.0,1.0,"89,71,82",43.0,,252,"1,2,3,0,0,0,0,0,0",252.0,,462851,to_board,poldrack-single-stim,s491
380,855.0,PA_without_intermediate,,"1,0,0,0,0,0,3,0,0",practice,ward_and_allport,"0,0,0,1,0,0,3,2,0",89,3.0,2.0,"89,82",43.0,,855,"1,2,3,0,0,0,0,0,0",855.0,,463732,to_hand,poldrack-single-stim,s491
381,683.0,PA_without_intermediate,,"1,0,0,0,0,0,3,2,0",practice,ward_and_allport,"0,0,0,1,0,0,3,2,0",82,3.0,2.0,"89,71,82",43.0,,683,"1,2,3,0,0,0,0,0,0",683.0,,464417,to_board,poldrack-single-stim,s491
382,474.0,PA_without_intermediate,,"0,0,0,0,0,0,3,2,0",practice,ward_and_allport,"0,0,0,1,0,0,3,2,0",89,3.0,3.0,"89,82",43.0,,474,"1,2,3,0,0,0,0,0,0",474.0,,464918,to_hand,poldrack-single-stim,s491
383,194.0,PA_without_intermediate,,"0,0,0,1,0,0,3,2,0",practice,ward_and_allport,"0,0,0,1,0,0,3,2,0",71,3.0,3.0,"89,71,82",43.0,,194,"1,2,3,0,0,0,0,0,0",194.0,,465114,to_board,poldrack-single-stim,s491
384,7168.0,,True,,test,ward_and_allport,,-1,3.0,3.0,none,,12126.0,-1,,1000.0,,472306,feedback,poldrack-single-stim,s491
385,2404.0,PA_without_intermediate,,"1,2,0,0,0,0,0,0,0",practice,ward_and_allport,"0,0,0,2,0,0,3,1,0",89,3.0,1.0,89,44.0,,2404,"1,2,3,0,0,0,0,0,0",2404.0,,474733,to_hand,poldrack-single-stim,s491
386,530.0,PA_without_intermediate,,"1,2,0,0,0,0,3,0,0",practice,ward_and_allport,"0,0,0,2,0,0,3,1,0",82,3.0,1.0,"89,71,82",44.0,,530,"1,2,3,0,0,0,0,0,0",530.0,,475265,to_board,poldrack-single-stim,s491
387,337.0,PA_without_intermediate,,"1,0,0,0,0,0,3,0,0",practice,ward_and_allport,"0,0,0,2,0,0,3,1,0",89,3.0,2.0,"89,82",44.0,,337,"1,2,3,0,0,0,0,0,0",337.0,,475629,to_hand,poldrack-single-stim,s491
388,331.0,PA_without_intermediate,,"1,0,0,2,0,0,3,0,0",practice,ward_and_allport,"0,0,0,2,0,0,3,1,0",71,3.0,2.0,"89,71,82",44.0,,331,"1,2,3,0,0,0,0,0,0",331.0,,475962,to_board,poldrack-single-stim,s491
389,298.0,PA_without_intermediate,,"0,0,0,2,0,0,3,0,0",practice,ward_and_allport,"0,0,0,2,0,0,3,1,0",89,3.0,3.0,"89,71,82",44.0,,298,"1,2,3,0,0,0,0,0,0",298.0,,476287,to_hand,poldrack-single-stim,s491
390,240.0,PA_without_intermediate,,"0,0,0,2,0,0,3,1,0",practice,ward_and_allport,"0,0,0,2,0,0,3,1,0",82,3.0,3.0,"89,71,82",44.0,,240,"1,2,3,0,0,0,0,0,0",240.0,,476529,to_board,poldrack-single-stim,s491
391,2816.0,,True,,test,ward_and_allport,,-1,3.0,3.0,none,,7069.0,-1,,1000.0,,479374,feedback,poldrack-single-stim,s491
392,5000.0,,,,,ward_and_allport,,-1,,,none,,,-1,,5000.0,,484378,reminder,poldrack-single-stim,s491
393,4257.0,PA_with_intermediate,,"0,0,0,0,0,0,1,2,0",practice,ward_and_allport,"0,0,0,2,3,0,1,0,0",82,3.0,1.0,82,45.0,,4257,"0,0,0,0,0,0,1,2,3",4257.0,,488658,to_hand,poldrack-single-stim,s491
394,670.0,PA_with_intermediate,,"3,0,0,0,0,0,1,2,0",practice,ward_and_allport,"0,0,0,2,3,0,1,0,0",89,3.0,1.0,"89,71,82",45.0,,670,"0,0,0,0,0,0,1,2,3",670.0,,489331,to_board,poldrack-single-stim,s491
395,848.0,PA_with_intermediate,,"3,0,0,0,0,0,1,0,0",practice,ward_and_allport,"0,0,0,2,3,0,1,0,0",82,3.0,2.0,"89,82",45.0,,848,"0,0,0,0,0,0,1,2,3",848.0,,490206,to_hand,poldrack-single-stim,s491
396,393.0,PA_with_intermediate,,"3,0,0,2,0,0,1,0,0",practice,ward_and_allport,"0,0,0,2,3,0,1,0,0",71,3.0,2.0,"89,71,82",45.0,,393,"0,0,0,0,0,0,1,2,3",393.0,,490601,to_board,poldrack-single-stim,s491
397,1143.0,PA_with_intermediate,,"0,0,0,2,0,0,1,0,0",practice,ward_and_allport,"0,0,0,2,3,0,1,0,0",89,3.0,3.0,"89,71,82",45.0,,1143,"0,0,0,0,0,0,1,2,3",1143.0,,491773,to_hand,poldrack-single-stim,s491
398,237.0,PA_with_intermediate,,"0,0,0,2,3,0,1,0,0",practice,ward_and_allport,"0,0,0,2,3,0,1,0,0",71,3.0,3.0,"89,71,82",45.0,,237,"0,0,0,0,0,0,1,2,3",237.0,,492013,to_board,poldrack-single-stim,s491
399,2952.0,,True,,test,ward_and_allport,,-1,3.0,3.0,none,,15619.0,-1,,1000.0,,494994,feedback,poldrack-single-stim,s491
400,5306.0,PA_with_intermediate,,"0,0,0,1,2,0,0,0,0",practice,ward_and_allport,"0,0,0,1,3,0,2,0,0",71,3.0,1.0,71,46.0,,5306,"0,0,0,1,2,3,0,0,0",5306.0,,500325,to_hand,poldrack-single-stim,s491
401,331.0,PA_with_intermediate,,"3,0,0,1,2,0,0,0,0",practice,ward_and_allport,"0,0,0,1,3,0,2,0,0",89,3.0,1.0,"89,71,82",46.0,,331,"0,0,0,1,2,3,0,0,0",331.0,,500658,to_board,poldrack-single-stim,s491
402,415.0,PA_with_intermediate,,"3,0,0,1,0,0,0,0,0",practice,ward_and_allport,"0,0,0,1,3,0,2,0,0",71,3.0,2.0,"89,71",46.0,,415,"0,0,0,1,2,3,0,0,0",415.0,,501101,to_hand,poldrack-single-stim,s491
403,427.0,PA_with_intermediate,,"3,0,0,1,0,0,2,0,0",practice,ward_and_allport,"0,0,0,1,3,0,2,0,0",82,3.0,2.0,"89,71,82",46.0,,427,"0,0,0,1,2,3,0,0,0",427.0,,501530,to_board,poldrack-single-stim,s491
404,370.0,PA_with_intermediate,,"0,0,0,1,0,0,2,0,0",practice,ward_and_allport,"0,0,0,1,3,0,2,0,0",89,3.0,3.0,"89,71,82",46.0,,370,"0,0,0,1,2,3,0,0,0",370.0,,501930,to_hand,poldrack-single-stim,s491
405,213.0,PA_with_intermediate,,"0,0,0,1,3,0,2,0,0",practice,ward_and_allport,"0,0,0,1,3,0,2,0,0",71,3.0,3.0,"89,71,82",46.0,,213,"0,0,0,1,2,3,0,0,0",213.0,,502145,to_board,poldrack-single-stim,s491
406,2136.0,,True,,test,ward_and_allport,,-1,3.0,3.0,none,,9316.0,-1,,1000.0,,504310,feedback,poldrack-single-stim,s491
407,3294.0,PA_without_intermediate,,"0,0,0,1,2,0,0,0,0",practice,ward_and_allport,"3,1,0,0,0,0,2,0,0",71,3.0,1.0,71,47.0,,3294,"0,0,0,1,2,3,0,0,0",3294.0,,507633,to_hand,poldrack-single-stim,s491
408,297.0,PA_without_intermediate,,"3,0,0,1,2,0,0,0,0",practice,ward_and_allport,"3,1,0,0,0,0,2,0,0",89,3.0,1.0,"89,71,82",47.0,,297,"0,0,0,1,2,3,0,0,0",297.0,,507932,to_board,poldrack-single-stim,s491
409,598.0,PA_without_intermediate,,"3,0,0,1,0,0,0,0,0",practice,ward_and_allport,"3,1,0,0,0,0,2,0,0",71,3.0,2.0,"89,71",47.0,,598,"0,0,0,1,2,3,0,0,0",598.0,,508559,to_hand,poldrack-single-stim,s491
410,324.0,PA_without_intermediate,,"3,0,0,1,0,0,2,0,0",practice,ward_and_allport,"3,1,0,0,0,0,2,0,0",82,3.0,2.0,"89,71,82",47.0,,324,"0,0,0,1,2,3,0,0,0",324.0,,508885,to_board,poldrack-single-stim,s491
411,489.0,PA_without_intermediate,,"3,0,0,0,0,0,2,0,0",practice,ward_and_allport,"3,1,0,0,0,0,2,0,0",71,3.0,3.0,"89,71,82",47.0,,489,"0,0,0,1,2,3,0,0,0",489.0,,509397,to_hand,poldrack-single-stim,s491
412,310.0,PA_without_intermediate,,"3,1,0,0,0,0,2,0,0",practice,ward_and_allport,"3,1,0,0,0,0,2,0,0",89,3.0,3.0,"89,71,82",47.0,,310,"0,0,0,1,2,3,0,0,0",310.0,,509709,to_board,poldrack-single-stim,s491
413,2680.0,,True,,test,ward_and_allport,,-1,3.0,3.0,none,,8103.0,-1,,1000.0,,512412,feedback,poldrack-single-stim,s491
414,24452.0,,,,,ward_and_allport,,32,,,32,,,24452,,24452.0,,536886,end,poldrack-single-stim,s491
