,SS_delay,SS_duration,SS_stimulus,SS_trial_type,correct,correct_response,exp_stage,experiment_exp_id,key_press,passed_check,possible_responses,rt,stopped,text,time_elapsed,trial_id,trial_num,trial_type,worker_id
5,,,,,1.0,89.0,practice,stop_signal,89.0,True,"89,71",872,False,,-91956,stim,0.0,poldrack-categorize,s533
6,,,,,0.0,71.0,practice,stop_signal,89.0,True,"89,71",792,False,,-89350,stim,1.0,poldrack-categorize,s533
7,,,,,1.0,71.0,practice,stop_signal,71.0,True,"89,71",921,False,,-86745,stim,2.0,poldrack-categorize,s533
8,,,,,1.0,71.0,practice,stop_signal,71.0,True,"89,71",499,False,,-84139,stim,3.0,poldrack-categorize,s533
9,,,,,1.0,89.0,practice,stop_signal,89.0,True,"89,71",534,False,,-81534,stim,4.0,poldrack-categorize,s533
10,,,,,1.0,71.0,practice,stop_signal,71.0,True,"89,71",620,False,,-78927,stim,5.0,poldrack-categorize,s533
11,,,,,1.0,89.0,practice,stop_signal,89.0,True,"89,71",633,False,,-76322,stim,6.0,poldrack-categorize,s533
12,,,,,1.0,89.0,practice,stop_signal,89.0,True,"89,71",610,False,,-73718,stim,7.0,poldrack-categorize,s533
13,,,,,1.0,71.0,practice,stop_signal,71.0,True,"89,71",478,False,,-71113,stim,8.0,poldrack-categorize,s533
14,,,,,1.0,89.0,practice,stop_signal,89.0,True,"89,71",952,False,,-68508,stim,9.0,poldrack-categorize,s533
15,,,,,1.0,71.0,practice,stop_signal,71.0,True,"89,71",532,False,,-65904,stim,10.0,poldrack-categorize,s533
16,,,,,1.0,89.0,practice,stop_signal,89.0,True,"89,71",658,False,,-63298,stim,11.0,poldrack-categorize,s533
36,400.0,500.0,<div class = coverbox></div><div class = stopbox><div class = centered-shape id = stop-signal></div><div class = centered-shape id = stop-signal-inner></div></div>,go,1.0,89.0,test,stop_signal,89.0,True,"89,71",721,False,,5394,stim,0.0,stop-signal,s533
37,400.0,500.0,<div class = coverbox></div><div class = stopbox><div class = centered-shape id = stop-signal></div><div class = centered-shape id = stop-signal-inner></div></div>,go,1.0,71.0,test,stop_signal,71.0,True,"89,71",798,False,,7919,stim,1.0,stop-signal,s533
38,400.0,500.0,<div class = coverbox></div><div class = stopbox><div class = centered-shape id = stop-signal></div><div class = centered-shape id = stop-signal-inner></div></div>,stop,1.0,89.0,test,stop_signal,89.0,True,"89,71",562,False,,10851,stim,2.0,stop-signal,s533
39,350.0,500.0,<div class = coverbox></div><div class = stopbox><div class = centered-shape id = stop-signal></div><div class = centered-shape id = stop-signal-inner></div></div>,go,1.0,71.0,test,stop_signal,71.0,True,"89,71",708,False,,13377,stim,3.0,stop-signal,s533
40,350.0,500.0,<div class = coverbox></div><div class = stopbox><div class = centered-shape id = stop-signal></div><div class = centered-shape id = stop-signal-inner></div></div>,go,1.0,89.0,test,stop_signal,89.0,True,"89,71",796,False,,15901,stim,4.0,stop-signal,s533
41,350.0,500.0,<div class = coverbox></div><div class = stopbox><div class = centered-shape id = stop-signal></div><div class = centered-shape id = stop-signal-inner></div></div>,go,1.0,71.0,test,stop_signal,71.0,True,"89,71",531,False,,18155,stim,5.0,stop-signal,s533
42,350.0,500.0,<div class = coverbox></div><div class = stopbox><div class = centered-shape id = stop-signal></div><div class = centered-shape id = stop-signal-inner></div></div>,stop,1.0,89.0,test,stop_signal,89.0,True,"89,71",600,False,,20680,stim,6.0,stop-signal,s533
43,300.0,500.0,<div class = coverbox></div><div class = stopbox><div class = centered-shape id = stop-signal></div><div class = centered-shape id = stop-signal-inner></div></div>,go,1.0,71.0,test,stop_signal,71.0,True,"89,71",603,False,,23069,stim,7.0,stop-signal,s533
44,300.0,500.0,<div class = coverbox></div><div class = stopbox><div class = centered-shape id = stop-signal></div><div class = centered-shape id = stop-signal-inner></div></div>,go,1.0,71.0,test,stop_signal,71.0,True,"89,71",731,False,,25322,stim,8.0,stop-signal,s533
45,300.0,500.0,<div class = coverbox></div><div class = stopbox><div class = centered-shape id = stop-signal></div><div class = centered-shape id = stop-signal-inner></div></div>,go,1.0,89.0,test,stop_signal,89.0,True,"89,71",1847,False,,27710,stim,9.0,stop-signal,s533
46,300.0,500.0,<div class = coverbox></div><div class = stopbox><div class = centered-shape id = stop-signal></div><div class = centered-shape id = stop-signal-inner></div></div>,go,1.0,89.0,test,stop_signal,89.0,True,"89,71",845,False,,29963,stim,10.0,stop-signal,s533
47,300.0,500.0,<div class = coverbox></div><div class = stopbox><div class = centered-shape id = stop-signal></div><div class = centered-shape id = stop-signal-inner></div></div>,stop,0.0,89.0,test,stop_signal,-1.0,True,"89,71",-1,True,,32350,stim,11.0,stop-signal,s533
48,350.0,500.0,<div class = coverbox></div><div class = stopbox><div class = centered-shape id = stop-signal></div><div class = centered-shape id = stop-signal-inner></div></div>,go,1.0,89.0,test,stop_signal,89.0,True,"89,71",750,False,,34876,stim,12.0,stop-signal,s533
49,350.0,500.0,<div class = coverbox></div><div class = stopbox><div class = centered-shape id = stop-signal></div><div class = centered-shape id = stop-signal-inner></div></div>,stop,0.0,89.0,test,stop_signal,-1.0,True,"89,71",-1,True,,37129,stim,13.0,stop-signal,s533
50,400.0,500.0,<div class = coverbox></div><div class = stopbox><div class = centered-shape id = stop-signal></div><div class = centered-shape id = stop-signal-inner></div></div>,stop,0.0,89.0,test,stop_signal,-1.0,True,"89,71",-1,True,,39517,stim,14.0,stop-signal,s533
51,450.0,500.0,<div class = coverbox></div><div class = stopbox><div class = centered-shape id = stop-signal></div><div class = centered-shape id = stop-signal-inner></div></div>,go,1.0,71.0,test,stop_signal,71.0,True,"89,71",596,False,,42179,stim,15.0,stop-signal,s533
52,450.0,500.0,<div class = coverbox></div><div class = stopbox><div class = centered-shape id = stop-signal></div><div class = centered-shape id = stop-signal-inner></div></div>,stop,1.0,89.0,test,stop_signal,89.0,True,"89,71",664,False,,44432,stim,16.0,stop-signal,s533
53,400.0,500.0,<div class = coverbox></div><div class = stopbox><div class = centered-shape id = stop-signal></div><div class = centered-shape id = stop-signal-inner></div></div>,go,1.0,71.0,test,stop_signal,71.0,True,"89,71",936,False,,47636,stim,17.0,stop-signal,s533
54,400.0,500.0,<div class = coverbox></div><div class = stopbox><div class = centered-shape id = stop-signal></div><div class = centered-shape id = stop-signal-inner></div></div>,go,1.0,71.0,test,stop_signal,71.0,True,"89,71",726,False,,50025,stim,18.0,stop-signal,s533
55,400.0,500.0,<div class = coverbox></div><div class = stopbox><div class = centered-shape id = stop-signal></div><div class = centered-shape id = stop-signal-inner></div></div>,go,1.0,89.0,test,stop_signal,89.0,True,"89,71",863,False,,52414,stim,19.0,stop-signal,s533
56,400.0,500.0,<div class = coverbox></div><div class = stopbox><div class = centered-shape id = stop-signal></div><div class = centered-shape id = stop-signal-inner></div></div>,stop,1.0,71.0,test,stop_signal,71.0,True,"89,71",623,False,,54939,stim,20.0,stop-signal,s533
57,350.0,500.0,<div class = coverbox></div><div class = stopbox><div class = centered-shape id = stop-signal></div><div class = centered-shape id = stop-signal-inner></div></div>,go,1.0,89.0,test,stop_signal,89.0,True,"89,71",702,False,,57192,stim,21.0,stop-signal,s533
58,350.0,500.0,<div class = coverbox></div><div class = stopbox><div class = centered-shape id = stop-signal></div><div class = centered-shape id = stop-signal-inner></div></div>,stop,0.0,89.0,test,stop_signal,-1.0,True,"89,71",-1,True,,59445,stim,22.0,stop-signal,s533
59,400.0,500.0,<div class = coverbox></div><div class = stopbox><div class = centered-shape id = stop-signal></div><div class = centered-shape id = stop-signal-inner></div></div>,stop,0.0,89.0,test,stop_signal,-1.0,True,"89,71",-1,True,,61698,stim,23.0,stop-signal,s533
60,450.0,500.0,<div class = coverbox></div><div class = stopbox><div class = centered-shape id = stop-signal></div><div class = centered-shape id = stop-signal-inner></div></div>,go,0.0,89.0,test,stop_signal,71.0,True,"89,71",844,False,,64631,stim,24.0,stop-signal,s533
61,450.0,500.0,<div class = coverbox></div><div class = stopbox><div class = centered-shape id = stop-signal></div><div class = centered-shape id = stop-signal-inner></div></div>,go,1.0,89.0,test,stop_signal,89.0,True,"89,71",801,False,,67157,stim,25.0,stop-signal,s533
62,450.0,500.0,<div class = coverbox></div><div class = stopbox><div class = centered-shape id = stop-signal></div><div class = centered-shape id = stop-signal-inner></div></div>,go,1.0,71.0,test,stop_signal,71.0,True,"89,71",592,False,,69681,stim,26.0,stop-signal,s533
63,450.0,500.0,<div class = coverbox></div><div class = stopbox><div class = centered-shape id = stop-signal></div><div class = centered-shape id = stop-signal-inner></div></div>,go,1.0,71.0,test,stop_signal,71.0,True,"89,71",525,False,,71934,stim,27.0,stop-signal,s533
64,450.0,500.0,<div class = coverbox></div><div class = stopbox><div class = centered-shape id = stop-signal></div><div class = centered-shape id = stop-signal-inner></div></div>,stop,0.0,89.0,test,stop_signal,-1.0,True,"89,71",-1,True,,74460,stim,28.0,stop-signal,s533
65,500.0,500.0,<div class = coverbox></div><div class = stopbox><div class = centered-shape id = stop-signal></div><div class = centered-shape id = stop-signal-inner></div></div>,stop,1.0,71.0,test,stop_signal,71.0,True,"89,71",780,False,,76713,stim,29.0,stop-signal,s533
66,450.0,500.0,<div class = coverbox></div><div class = stopbox><div class = centered-shape id = stop-signal></div><div class = centered-shape id = stop-signal-inner></div></div>,go,1.0,89.0,test,stop_signal,89.0,True,"89,71",1098,False,,79103,stim,30.0,stop-signal,s533
67,450.0,500.0,<div class = coverbox></div><div class = stopbox><div class = centered-shape id = stop-signal></div><div class = centered-shape id = stop-signal-inner></div></div>,stop,1.0,71.0,test,stop_signal,71.0,True,"89,71",725,False,,81355,stim,31.0,stop-signal,s533
68,400.0,500.0,<div class = coverbox></div><div class = stopbox><div class = centered-shape id = stop-signal></div><div class = centered-shape id = stop-signal-inner></div></div>,go,1.0,71.0,test,stop_signal,71.0,True,"89,71",821,False,,84016,stim,32.0,stop-signal,s533
69,400.0,500.0,<div class = coverbox></div><div class = stopbox><div class = centered-shape id = stop-signal></div><div class = centered-shape id = stop-signal-inner></div></div>,go,1.0,71.0,test,stop_signal,71.0,True,"89,71",761,False,,86677,stim,33.0,stop-signal,s533
70,400.0,500.0,<div class = coverbox></div><div class = stopbox><div class = centered-shape id = stop-signal></div><div class = centered-shape id = stop-signal-inner></div></div>,go,1.0,71.0,test,stop_signal,71.0,True,"89,71",910,False,,88930,stim,34.0,stop-signal,s533
71,400.0,500.0,<div class = coverbox></div><div class = stopbox><div class = centered-shape id = stop-signal></div><div class = centered-shape id = stop-signal-inner></div></div>,go,1.0,71.0,test,stop_signal,71.0,True,"89,71",700,False,,91183,stim,35.0,stop-signal,s533
72,400.0,500.0,<div class = coverbox></div><div class = stopbox><div class = centered-shape id = stop-signal></div><div class = centered-shape id = stop-signal-inner></div></div>,go,1.0,71.0,test,stop_signal,71.0,True,"89,71",516,False,,93572,stim,36.0,stop-signal,s533
73,400.0,500.0,<div class = coverbox></div><div class = stopbox><div class = centered-shape id = stop-signal></div><div class = centered-shape id = stop-signal-inner></div></div>,stop,0.0,89.0,test,stop_signal,-1.0,True,"89,71",-1,True,,96369,stim,37.0,stop-signal,s533
74,450.0,500.0,<div class = coverbox></div><div class = stopbox><div class = centered-shape id = stop-signal></div><div class = centered-shape id = stop-signal-inner></div></div>,stop,0.0,71.0,test,stop_signal,-1.0,True,"89,71",-1,True,,98758,stim,38.0,stop-signal,s533
75,500.0,500.0,<div class = coverbox></div><div class = stopbox><div class = centered-shape id = stop-signal></div><div class = centered-shape id = stop-signal-inner></div></div>,stop,0.0,89.0,test,stop_signal,-1.0,True,"89,71",-1,True,,101012,stim,39.0,stop-signal,s533
76,550.0,500.0,<div class = coverbox></div><div class = stopbox><div class = centered-shape id = stop-signal></div><div class = centered-shape id = stop-signal-inner></div></div>,stop,0.0,89.0,test,stop_signal,-1.0,True,"89,71",-1,True,,103265,stim,40.0,stop-signal,s533
77,,,,,0.0,,,stop_signal,-1.0,True,none,-1,True,,110768,rest_block,,poldrack-single-stim,s533
79,600.0,500.0,<div class = coverbox></div><div class = stopbox><div class = centered-shape id = stop-signal></div><div class = centered-shape id = stop-signal-inner></div></div>,stop,1.0,71.0,test,stop_signal,71.0,True,"89,71",624,False,,116023,stim,41.0,stop-signal,s533
80,550.0,500.0,<div class = coverbox></div><div class = stopbox><div class = centered-shape id = stop-signal></div><div class = centered-shape id = stop-signal-inner></div></div>,go,1.0,89.0,test,stop_signal,89.0,True,"89,71",794,False,,118683,stim,42.0,stop-signal,s533
81,550.0,500.0,<div class = coverbox></div><div class = stopbox><div class = centered-shape id = stop-signal></div><div class = centered-shape id = stop-signal-inner></div></div>,go,1.0,89.0,test,stop_signal,89.0,True,"89,71",740,False,,121343,stim,43.0,stop-signal,s533
82,550.0,500.0,<div class = coverbox></div><div class = stopbox><div class = centered-shape id = stop-signal></div><div class = centered-shape id = stop-signal-inner></div></div>,go,1.0,89.0,test,stop_signal,89.0,True,"89,71",935,False,,123596,stim,44.0,stop-signal,s533
83,550.0,500.0,<div class = coverbox></div><div class = stopbox><div class = centered-shape id = stop-signal></div><div class = centered-shape id = stop-signal-inner></div></div>,go,1.0,71.0,test,stop_signal,71.0,True,"89,71",782,False,,126121,stim,45.0,stop-signal,s533
84,550.0,500.0,<div class = coverbox></div><div class = stopbox><div class = centered-shape id = stop-signal></div><div class = centered-shape id = stop-signal-inner></div></div>,go,1.0,89.0,test,stop_signal,89.0,True,"89,71",947,False,,128374,stim,46.0,stop-signal,s533
85,550.0,500.0,<div class = coverbox></div><div class = stopbox><div class = centered-shape id = stop-signal></div><div class = centered-shape id = stop-signal-inner></div></div>,stop,1.0,71.0,test,stop_signal,71.0,True,"89,71",658,False,,130898,stim,47.0,stop-signal,s533
86,500.0,500.0,<div class = coverbox></div><div class = stopbox><div class = centered-shape id = stop-signal></div><div class = centered-shape id = stop-signal-inner></div></div>,go,1.0,89.0,test,stop_signal,89.0,True,"89,71",742,False,,133423,stim,48.0,stop-signal,s533
87,500.0,500.0,<div class = coverbox></div><div class = stopbox><div class = centered-shape id = stop-signal></div><div class = centered-shape id = stop-signal-inner></div></div>,stop,0.0,89.0,test,stop_signal,-1.0,True,"89,71",-1,True,,135948,stim,49.0,stop-signal,s533
88,550.0,500.0,<div class = coverbox></div><div class = stopbox><div class = centered-shape id = stop-signal></div><div class = centered-shape id = stop-signal-inner></div></div>,stop,0.0,71.0,test,stop_signal,-1.0,True,"89,71",-1,True,,138337,stim,50.0,stop-signal,s533
89,600.0,500.0,<div class = coverbox></div><div class = stopbox><div class = centered-shape id = stop-signal></div><div class = centered-shape id = stop-signal-inner></div></div>,stop,1.0,71.0,test,stop_signal,71.0,True,"89,71",799,False,,140862,stim,51.0,stop-signal,s533
90,550.0,500.0,<div class = coverbox></div><div class = stopbox><div class = centered-shape id = stop-signal></div><div class = centered-shape id = stop-signal-inner></div></div>,go,0.0,71.0,test,stop_signal,-1.0,True,"89,71",-1,True,,143388,stim,52.0,stop-signal,s533
91,550.0,500.0,<div class = coverbox></div><div class = stopbox><div class = centered-shape id = stop-signal></div><div class = centered-shape id = stop-signal-inner></div></div>,go,0.0,89.0,test,stop_signal,71.0,True,"89,71",832,False,,145777,stim,53.0,stop-signal,s533
92,550.0,500.0,<div class = coverbox></div><div class = stopbox><div class = centered-shape id = stop-signal></div><div class = centered-shape id = stop-signal-inner></div></div>,go,1.0,71.0,test,stop_signal,71.0,True,"89,71",822,False,,148030,stim,54.0,stop-signal,s533
93,550.0,500.0,<div class = coverbox></div><div class = stopbox><div class = centered-shape id = stop-signal></div><div class = centered-shape id = stop-signal-inner></div></div>,go,1.0,71.0,test,stop_signal,71.0,True,"89,71",793,False,,150555,stim,55.0,stop-signal,s533
94,550.0,500.0,<div class = coverbox></div><div class = stopbox><div class = centered-shape id = stop-signal></div><div class = centered-shape id = stop-signal-inner></div></div>,go,1.0,71.0,test,stop_signal,71.0,True,"89,71",826,False,,153351,stim,56.0,stop-signal,s533
95,550.0,500.0,<div class = coverbox></div><div class = stopbox><div class = centered-shape id = stop-signal></div><div class = centered-shape id = stop-signal-inner></div></div>,stop,0.0,89.0,test,stop_signal,-1.0,True,"89,71",-1,True,,155875,stim,57.0,stop-signal,s533
96,600.0,500.0,<div class = coverbox></div><div class = stopbox><div class = centered-shape id = stop-signal></div><div class = centered-shape id = stop-signal-inner></div></div>,stop,0.0,71.0,test,stop_signal,-1.0,True,"89,71",-1,True,,158264,stim,58.0,stop-signal,s533
97,650.0,500.0,<div class = coverbox></div><div class = stopbox><div class = centered-shape id = stop-signal></div><div class = centered-shape id = stop-signal-inner></div></div>,go,1.0,71.0,test,stop_signal,71.0,True,"89,71",715,False,,160517,stim,59.0,stop-signal,s533
98,650.0,500.0,<div class = coverbox></div><div class = stopbox><div class = centered-shape id = stop-signal></div><div class = centered-shape id = stop-signal-inner></div></div>,stop,0.0,89.0,test,stop_signal,-1.0,True,"89,71",-1,True,,162771,stim,60.0,stop-signal,s533
99,700.0,500.0,<div class = coverbox></div><div class = stopbox><div class = centered-shape id = stop-signal></div><div class = centered-shape id = stop-signal-inner></div></div>,stop,1.0,71.0,test,stop_signal,71.0,True,"89,71",648,False,,165023,stim,61.0,stop-signal,s533
100,650.0,500.0,<div class = coverbox></div><div class = stopbox><div class = centered-shape id = stop-signal></div><div class = centered-shape id = stop-signal-inner></div></div>,stop,1.0,71.0,test,stop_signal,71.0,True,"89,71",901,False,,167276,stim,62.0,stop-signal,s533
101,600.0,500.0,<div class = coverbox></div><div class = stopbox><div class = centered-shape id = stop-signal></div><div class = centered-shape id = stop-signal-inner></div></div>,go,1.0,89.0,test,stop_signal,89.0,True,"89,71",1684,False,,169801,stim,63.0,stop-signal,s533
102,600.0,500.0,<div class = coverbox></div><div class = stopbox><div class = centered-shape id = stop-signal></div><div class = centered-shape id = stop-signal-inner></div></div>,go,1.0,89.0,test,stop_signal,89.0,True,"89,71",832,False,,172053,stim,64.0,stop-signal,s533
103,600.0,500.0,<div class = coverbox></div><div class = stopbox><div class = centered-shape id = stop-signal></div><div class = centered-shape id = stop-signal-inner></div></div>,stop,1.0,89.0,test,stop_signal,89.0,True,"89,71",806,False,,174306,stim,65.0,stop-signal,s533
104,550.0,500.0,<div class = coverbox></div><div class = stopbox><div class = centered-shape id = stop-signal></div><div class = centered-shape id = stop-signal-inner></div></div>,go,1.0,71.0,test,stop_signal,71.0,True,"89,71",723,False,,176558,stim,66.0,stop-signal,s533
105,550.0,500.0,<div class = coverbox></div><div class = stopbox><div class = centered-shape id = stop-signal></div><div class = centered-shape id = stop-signal-inner></div></div>,go,1.0,89.0,test,stop_signal,89.0,True,"89,71",770,False,,178811,stim,67.0,stop-signal,s533
106,550.0,500.0,<div class = coverbox></div><div class = stopbox><div class = centered-shape id = stop-signal></div><div class = centered-shape id = stop-signal-inner></div></div>,go,1.0,89.0,test,stop_signal,89.0,True,"89,71",2069,False,,181200,stim,68.0,stop-signal,s533
107,550.0,500.0,<div class = coverbox></div><div class = stopbox><div class = centered-shape id = stop-signal></div><div class = centered-shape id = stop-signal-inner></div></div>,go,1.0,71.0,test,stop_signal,71.0,True,"89,71",970,False,,183453,stim,69.0,stop-signal,s533
108,550.0,500.0,<div class = coverbox></div><div class = stopbox><div class = centered-shape id = stop-signal></div><div class = centered-shape id = stop-signal-inner></div></div>,stop,1.0,71.0,test,stop_signal,71.0,True,"89,71",554,False,,185705,stim,70.0,stop-signal,s533
109,500.0,500.0,<div class = coverbox></div><div class = stopbox><div class = centered-shape id = stop-signal></div><div class = centered-shape id = stop-signal-inner></div></div>,go,1.0,71.0,test,stop_signal,71.0,True,"89,71",886,False,,187958,stim,71.0,stop-signal,s533
110,500.0,500.0,<div class = coverbox></div><div class = stopbox><div class = centered-shape id = stop-signal></div><div class = centered-shape id = stop-signal-inner></div></div>,stop,0.0,71.0,test,stop_signal,-1.0,True,"89,71",-1,True,,190211,stim,72.0,stop-signal,s533
111,550.0,500.0,<div class = coverbox></div><div class = stopbox><div class = centered-shape id = stop-signal></div><div class = centered-shape id = stop-signal-inner></div></div>,stop,0.0,89.0,test,stop_signal,-1.0,True,"89,71",-1,True,,192735,stim,73.0,stop-signal,s533
112,600.0,500.0,<div class = coverbox></div><div class = stopbox><div class = centered-shape id = stop-signal></div><div class = centered-shape id = stop-signal-inner></div></div>,go,1.0,71.0,test,stop_signal,71.0,True,"89,71",1047,False,,195124,stim,74.0,stop-signal,s533
113,600.0,500.0,<div class = coverbox></div><div class = stopbox><div class = centered-shape id = stop-signal></div><div class = centered-shape id = stop-signal-inner></div></div>,go,1.0,89.0,test,stop_signal,89.0,True,"89,71",962,False,,197648,stim,75.0,stop-signal,s533
114,600.0,500.0,<div class = coverbox></div><div class = stopbox><div class = centered-shape id = stop-signal></div><div class = centered-shape id = stop-signal-inner></div></div>,stop,1.0,71.0,test,stop_signal,71.0,True,"89,71",652,False,,199901,stim,76.0,stop-signal,s533
115,550.0,500.0,<div class = coverbox></div><div class = stopbox><div class = centered-shape id = stop-signal></div><div class = centered-shape id = stop-signal-inner></div></div>,go,1.0,71.0,test,stop_signal,71.0,True,"89,71",985,False,,202289,stim,77.0,stop-signal,s533
116,550.0,500.0,<div class = coverbox></div><div class = stopbox><div class = centered-shape id = stop-signal></div><div class = centered-shape id = stop-signal-inner></div></div>,go,1.0,89.0,test,stop_signal,89.0,True,"89,71",1351,False,,204678,stim,78.0,stop-signal,s533
117,550.0,500.0,<div class = coverbox></div><div class = stopbox><div class = centered-shape id = stop-signal></div><div class = centered-shape id = stop-signal-inner></div></div>,go,1.0,71.0,test,stop_signal,71.0,True,"89,71",512,False,,206931,stim,79.0,stop-signal,s533
118,550.0,500.0,<div class = coverbox></div><div class = stopbox><div class = centered-shape id = stop-signal></div><div class = centered-shape id = stop-signal-inner></div></div>,go,1.0,71.0,test,stop_signal,71.0,True,"89,71",1369,False,,209319,stim,80.0,stop-signal,s533
119,550.0,500.0,<div class = coverbox></div><div class = stopbox><div class = centered-shape id = stop-signal></div><div class = centered-shape id = stop-signal-inner></div></div>,go,1.0,89.0,test,stop_signal,89.0,True,"89,71",965,False,,211709,stim,81.0,stop-signal,s533
120,550.0,500.0,<div class = coverbox></div><div class = stopbox><div class = centered-shape id = stop-signal></div><div class = centered-shape id = stop-signal-inner></div></div>,stop,1.0,71.0,test,stop_signal,71.0,True,"89,71",609,False,,214097,stim,82.0,stop-signal,s533
121,,,,,0.0,,,stop_signal,-1.0,True,none,-1,True,,221600,rest_block,,poldrack-single-stim,s533
123,500.0,500.0,<div class = coverbox></div><div class = stopbox><div class = centered-shape id = stop-signal></div><div class = centered-shape id = stop-signal-inner></div></div>,go,1.0,89.0,test,stop_signal,89.0,True,"89,71",930,False,,227265,stim,83.0,stop-signal,s533
124,500.0,500.0,<div class = coverbox></div><div class = stopbox><div class = centered-shape id = stop-signal></div><div class = centered-shape id = stop-signal-inner></div></div>,go,1.0,89.0,test,stop_signal,89.0,True,"89,71",546,False,,229790,stim,84.0,stop-signal,s533
125,500.0,500.0,<div class = coverbox></div><div class = stopbox><div class = centered-shape id = stop-signal></div><div class = centered-shape id = stop-signal-inner></div></div>,stop,1.0,89.0,test,stop_signal,89.0,True,"89,71",428,False,,232043,stim,85.0,stop-signal,s533
126,450.0,500.0,<div class = coverbox></div><div class = stopbox><div class = centered-shape id = stop-signal></div><div class = centered-shape id = stop-signal-inner></div></div>,stop,0.0,71.0,test,stop_signal,-1.0,True,"89,71",-1,True,,234976,stim,86.0,stop-signal,s533
127,500.0,500.0,<div class = coverbox></div><div class = stopbox><div class = centered-shape id = stop-signal></div><div class = centered-shape id = stop-signal-inner></div></div>,go,1.0,89.0,test,stop_signal,89.0,True,"89,71",720,False,,237229,stim,87.0,stop-signal,s533
128,500.0,500.0,<div class = coverbox></div><div class = stopbox><div class = centered-shape id = stop-signal></div><div class = centered-shape id = stop-signal-inner></div></div>,go,1.0,89.0,test,stop_signal,89.0,True,"89,71",729,False,,239753,stim,88.0,stop-signal,s533
129,500.0,500.0,<div class = coverbox></div><div class = stopbox><div class = centered-shape id = stop-signal></div><div class = centered-shape id = stop-signal-inner></div></div>,stop,1.0,71.0,test,stop_signal,71.0,True,"89,71",826,False,,242006,stim,89.0,stop-signal,s533
130,450.0,500.0,<div class = coverbox></div><div class = stopbox><div class = centered-shape id = stop-signal></div><div class = centered-shape id = stop-signal-inner></div></div>,go,1.0,89.0,test,stop_signal,89.0,True,"89,71",1334,False,,244259,stim,90.0,stop-signal,s533
131,450.0,500.0,<div class = coverbox></div><div class = stopbox><div class = centered-shape id = stop-signal></div><div class = centered-shape id = stop-signal-inner></div></div>,go,1.0,89.0,test,stop_signal,89.0,True,"89,71",651,False,,246512,stim,91.0,stop-signal,s533
132,450.0,500.0,<div class = coverbox></div><div class = stopbox><div class = centered-shape id = stop-signal></div><div class = centered-shape id = stop-signal-inner></div></div>,go,1.0,89.0,test,stop_signal,89.0,True,"89,71",593,False,,248766,stim,92.0,stop-signal,s533
133,450.0,500.0,<div class = coverbox></div><div class = stopbox><div class = centered-shape id = stop-signal></div><div class = centered-shape id = stop-signal-inner></div></div>,go,1.0,71.0,test,stop_signal,71.0,True,"89,71",822,False,,251291,stim,93.0,stop-signal,s533
134,450.0,500.0,<div class = coverbox></div><div class = stopbox><div class = centered-shape id = stop-signal></div><div class = centered-shape id = stop-signal-inner></div></div>,stop,0.0,71.0,test,stop_signal,-1.0,True,"89,71",-1,True,,254360,stim,94.0,stop-signal,s533
135,500.0,500.0,<div class = coverbox></div><div class = stopbox><div class = centered-shape id = stop-signal></div><div class = centered-shape id = stop-signal-inner></div></div>,stop,0.0,89.0,test,stop_signal,-1.0,True,"89,71",-1,True,,256613,stim,95.0,stop-signal,s533
136,550.0,500.0,<div class = coverbox></div><div class = stopbox><div class = centered-shape id = stop-signal></div><div class = centered-shape id = stop-signal-inner></div></div>,go,1.0,71.0,test,stop_signal,71.0,True,"89,71",1436,False,,259002,stim,96.0,stop-signal,s533
137,550.0,500.0,<div class = coverbox></div><div class = stopbox><div class = centered-shape id = stop-signal></div><div class = centered-shape id = stop-signal-inner></div></div>,stop,1.0,89.0,test,stop_signal,89.0,True,"89,71",738,False,,261392,stim,97.0,stop-signal,s533
138,500.0,500.0,<div class = coverbox></div><div class = stopbox><div class = centered-shape id = stop-signal></div><div class = centered-shape id = stop-signal-inner></div></div>,go,1.0,71.0,test,stop_signal,71.0,True,"89,71",746,False,,263917,stim,98.0,stop-signal,s533
139,500.0,500.0,<div class = coverbox></div><div class = stopbox><div class = centered-shape id = stop-signal></div><div class = centered-shape id = stop-signal-inner></div></div>,go,0.0,89.0,test,stop_signal,71.0,True,"89,71",1675,False,,266305,stim,99.0,stop-signal,s533
140,500.0,500.0,<div class = coverbox></div><div class = stopbox><div class = centered-shape id = stop-signal></div><div class = centered-shape id = stop-signal-inner></div></div>,go,1.0,71.0,test,stop_signal,71.0,True,"89,71",718,False,,268694,stim,100.0,stop-signal,s533
141,500.0,500.0,<div class = coverbox></div><div class = stopbox><div class = centered-shape id = stop-signal></div><div class = centered-shape id = stop-signal-inner></div></div>,stop,1.0,71.0,test,stop_signal,71.0,True,"89,71",749,False,,271491,stim,101.0,stop-signal,s533
142,450.0,500.0,<div class = coverbox></div><div class = stopbox><div class = centered-shape id = stop-signal></div><div class = centered-shape id = stop-signal-inner></div></div>,go,1.0,89.0,test,stop_signal,89.0,True,"89,71",723,False,,273879,stim,102.0,stop-signal,s533
143,450.0,500.0,<div class = coverbox></div><div class = stopbox><div class = centered-shape id = stop-signal></div><div class = centered-shape id = stop-signal-inner></div></div>,stop,1.0,71.0,test,stop_signal,71.0,True,"89,71",679,False,,276132,stim,103.0,stop-signal,s533
144,400.0,500.0,<div class = coverbox></div><div class = stopbox><div class = centered-shape id = stop-signal></div><div class = centered-shape id = stop-signal-inner></div></div>,stop,0.0,71.0,test,stop_signal,-1.0,True,"89,71",-1,True,,278656,stim,104.0,stop-signal,s533
145,450.0,500.0,<div class = coverbox></div><div class = stopbox><div class = centered-shape id = stop-signal></div><div class = centered-shape id = stop-signal-inner></div></div>,stop,1.0,71.0,test,stop_signal,71.0,True,"89,71",616,False,,281045,stim,105.0,stop-signal,s533
146,400.0,500.0,<div class = coverbox></div><div class = stopbox><div class = centered-shape id = stop-signal></div><div class = centered-shape id = stop-signal-inner></div></div>,go,1.0,89.0,test,stop_signal,89.0,True,"89,71",778,False,,283434,stim,106.0,stop-signal,s533
147,400.0,500.0,<div class = coverbox></div><div class = stopbox><div class = centered-shape id = stop-signal></div><div class = centered-shape id = stop-signal-inner></div></div>,stop,0.0,89.0,test,stop_signal,-1.0,True,"89,71",-1,True,,285688,stim,107.0,stop-signal,s533
148,450.0,500.0,<div class = coverbox></div><div class = stopbox><div class = centered-shape id = stop-signal></div><div class = centered-shape id = stop-signal-inner></div></div>,go,1.0,89.0,test,stop_signal,89.0,True,"89,71",1115,False,,288076,stim,108.0,stop-signal,s533
149,450.0,500.0,<div class = coverbox></div><div class = stopbox><div class = centered-shape id = stop-signal></div><div class = centered-shape id = stop-signal-inner></div></div>,go,1.0,71.0,test,stop_signal,71.0,True,"89,71",579,False,,290329,stim,109.0,stop-signal,s533
150,450.0,500.0,<div class = coverbox></div><div class = stopbox><div class = centered-shape id = stop-signal></div><div class = centered-shape id = stop-signal-inner></div></div>,stop,0.0,71.0,test,stop_signal,-1.0,True,"89,71",-1,True,,292582,stim,110.0,stop-signal,s533
151,500.0,500.0,<div class = coverbox></div><div class = stopbox><div class = centered-shape id = stop-signal></div><div class = centered-shape id = stop-signal-inner></div></div>,go,1.0,71.0,test,stop_signal,71.0,True,"89,71",964,False,,294836,stim,111.0,stop-signal,s533
152,500.0,500.0,<div class = coverbox></div><div class = stopbox><div class = centered-shape id = stop-signal></div><div class = centered-shape id = stop-signal-inner></div></div>,go,1.0,71.0,test,stop_signal,71.0,True,"89,71",656,False,,297224,stim,112.0,stop-signal,s533
153,500.0,500.0,<div class = coverbox></div><div class = stopbox><div class = centered-shape id = stop-signal></div><div class = centered-shape id = stop-signal-inner></div></div>,stop,1.0,71.0,test,stop_signal,71.0,True,"89,71",681,False,,299477,stim,113.0,stop-signal,s533
154,450.0,500.0,<div class = coverbox></div><div class = stopbox><div class = centered-shape id = stop-signal></div><div class = centered-shape id = stop-signal-inner></div></div>,stop,1.0,89.0,test,stop_signal,89.0,True,"89,71",573,False,,301730,stim,114.0,stop-signal,s533
155,400.0,500.0,<div class = coverbox></div><div class = stopbox><div class = centered-shape id = stop-signal></div><div class = centered-shape id = stop-signal-inner></div></div>,stop,0.0,71.0,test,stop_signal,-1.0,True,"89,71",-1,True,,304119,stim,115.0,stop-signal,s533
156,450.0,500.0,<div class = coverbox></div><div class = stopbox><div class = centered-shape id = stop-signal></div><div class = centered-shape id = stop-signal-inner></div></div>,stop,0.0,89.0,test,stop_signal,-1.0,True,"89,71",-1,True,,306508,stim,116.0,stop-signal,s533
157,500.0,500.0,<div class = coverbox></div><div class = stopbox><div class = centered-shape id = stop-signal></div><div class = centered-shape id = stop-signal-inner></div></div>,go,1.0,89.0,test,stop_signal,89.0,True,"89,71",1671,False,,308760,stim,117.0,stop-signal,s533
158,500.0,500.0,<div class = coverbox></div><div class = stopbox><div class = centered-shape id = stop-signal></div><div class = centered-shape id = stop-signal-inner></div></div>,stop,0.0,89.0,test,stop_signal,-1.0,True,"89,71",-1,True,,311285,stim,118.0,stop-signal,s533
159,550.0,500.0,<div class = coverbox></div><div class = stopbox><div class = centered-shape id = stop-signal></div><div class = centered-shape id = stop-signal-inner></div></div>,go,1.0,71.0,test,stop_signal,71.0,True,"89,71",798,False,,313538,stim,119.0,stop-signal,s533
160,550.0,500.0,<div class = coverbox></div><div class = stopbox><div class = centered-shape id = stop-signal></div><div class = centered-shape id = stop-signal-inner></div></div>,go,1.0,89.0,test,stop_signal,89.0,True,"89,71",1024,False,,315928,stim,120.0,stop-signal,s533
161,550.0,500.0,<div class = coverbox></div><div class = stopbox><div class = centered-shape id = stop-signal></div><div class = centered-shape id = stop-signal-inner></div></div>,go,1.0,71.0,test,stop_signal,71.0,True,"89,71",604,False,,318181,stim,121.0,stop-signal,s533
162,550.0,500.0,<div class = coverbox></div><div class = stopbox><div class = centered-shape id = stop-signal></div><div class = centered-shape id = stop-signal-inner></div></div>,stop,1.0,89.0,test,stop_signal,89.0,True,"89,71",467,False,,320434,stim,122.0,stop-signal,s533
163,500.0,500.0,<div class = coverbox></div><div class = stopbox><div class = centered-shape id = stop-signal></div><div class = centered-shape id = stop-signal-inner></div></div>,go,1.0,89.0,test,stop_signal,89.0,True,"89,71",948,False,,322823,stim,123.0,stop-signal,s533
164,500.0,500.0,<div class = coverbox></div><div class = stopbox><div class = centered-shape id = stop-signal></div><div class = centered-shape id = stop-signal-inner></div></div>,go,1.0,89.0,test,stop_signal,89.0,True,"89,71",646,False,,325348,stim,124.0,stop-signal,s533
