movement_onset	onset	response_time	planning	condition	experiment_exp_id	key_press	problem_id	trial_type	worker_id	junk	duration
7.469	3.009	3.561818181818182	1	UA_with_intermeidate	ward_and_allport	71	0.0	poldrack-single-stim	s639	False	2.985
8.195	7.471	-0.17418181818181813	0	UA_with_intermeidate	ward_and_allport	82	0.0	poldrack-single-stim	s639	False	
8.71	8.198	-0.3861818181818181	0	UA_with_intermeidate	ward_and_allport	71	0.0	poldrack-single-stim	s639	False	
9.129	8.712	-0.48118181818181816	0	UA_with_intermeidate	ward_and_allport	89	0.0	poldrack-single-stim	s639	False	
9.812	9.131	-0.21718181818181814	0	UA_with_intermeidate	ward_and_allport	82	0.0	poldrack-single-stim	s639	False	
10.348	9.813	-0.3631818181818181	0	UA_with_intermeidate	ward_and_allport	89	0.0	poldrack-single-stim	s639	False	
10.352	10.353	-0.8991818181818181	0	UA_with_intermeidate	ward_and_allport	-1	0.0	poldrack-single-stim	s639	True	
16.071	12.855	2.3178181818181818	1	UA_with_intermeidate	ward_and_allport	89	1.0	poldrack-single-stim	s639	False	2.985
16.999	16.073	0.02781818181818187	0	UA_with_intermeidate	ward_and_allport	82	1.0	poldrack-single-stim	s639	False	
17.401	17.0	-0.4971818181818181	0	UA_with_intermeidate	ward_and_allport	71	1.0	poldrack-single-stim	s639	False	
17.728	17.403	-0.5731818181818181	0	UA_with_intermeidate	ward_and_allport	89	1.0	poldrack-single-stim	s639	False	
18.302	17.731	-0.32718181818181813	0	UA_with_intermeidate	ward_and_allport	82	1.0	poldrack-single-stim	s639	False	
18.743	18.304	-0.45918181818181814	0	UA_with_intermeidate	ward_and_allport	89	1.0	poldrack-single-stim	s639	False	
18.745	18.746	-0.8991818181818181	0	UA_with_intermeidate	ward_and_allport	-1	1.0	poldrack-single-stim	s639	True	
25.935	20.847	4.189818181818182	1	UA_without_intermeidate	ward_and_allport	82	2.0	poldrack-single-stim	s639	False	2.985
26.954	25.937	0.11881818181818186	0	UA_without_intermeidate	ward_and_allport	89	2.0	poldrack-single-stim	s639	False	
27.774	26.955	-0.07918181818181813	0	UA_without_intermeidate	ward_and_allport	71	2.0	poldrack-single-stim	s639	False	
28.142	27.775	-0.5311818181818181	0	UA_without_intermeidate	ward_and_allport	89	2.0	poldrack-single-stim	s639	False	
28.967	28.144	-0.07518181818181813	0	UA_without_intermeidate	ward_and_allport	71	2.0	poldrack-single-stim	s639	False	
29.326	28.969	-0.5411818181818181	0	UA_without_intermeidate	ward_and_allport	89	2.0	poldrack-single-stim	s639	False	
29.328	29.329	-0.8991818181818181	0	UA_without_intermeidate	ward_and_allport	-1	2.0	poldrack-single-stim	s639	True	
34.377	31.533	1.945818181818182	1	UA_without_intermeidate	ward_and_allport	71	3.0	poldrack-single-stim	s639	False	2.985
34.634	34.378	-0.6421818181818181	0	UA_without_intermeidate	ward_and_allport	89	3.0	poldrack-single-stim	s639	False	
36.022	34.636	0.4878181818181819	0	UA_without_intermeidate	ward_and_allport	82	3.0	poldrack-single-stim	s639	False	
36.417	36.023	-0.5041818181818182	0	UA_without_intermeidate	ward_and_allport	89	3.0	poldrack-single-stim	s639	False	
36.81	36.419	-0.5071818181818182	0	UA_without_intermeidate	ward_and_allport	71	3.0	poldrack-single-stim	s639	False	
37.12	36.811	-0.5891818181818181	0	UA_without_intermeidate	ward_and_allport	89	3.0	poldrack-single-stim	s639	False	
37.122	37.123	-0.8991818181818181	0	UA_without_intermeidate	ward_and_allport	-1	3.0	poldrack-single-stim	s639	True	
44.798	41.129	2.770818181818182	1	PA_with_intermediate	ward_and_allport	71	0.0	poldrack-single-stim	s639	False	2.985
45.24	44.8	-0.45818181818181813	0	PA_with_intermediate	ward_and_allport	89	0.0	poldrack-single-stim	s639	False	
45.664	45.242	-0.47618181818181815	0	PA_with_intermediate	ward_and_allport	71	0.0	poldrack-single-stim	s639	False	
46.085	45.666	-0.47918181818181815	0	PA_with_intermediate	ward_and_allport	82	0.0	poldrack-single-stim	s639	False	
46.468	46.087	-0.5171818181818181	0	PA_with_intermediate	ward_and_allport	89	0.0	poldrack-single-stim	s639	False	
46.782	46.47	-0.5861818181818181	0	PA_with_intermediate	ward_and_allport	71	0.0	poldrack-single-stim	s639	False	
46.784	46.785	-0.8991818181818181	0	PA_with_intermediate	ward_and_allport	-1	0.0	poldrack-single-stim	s639	True	
56.125	49.196	6.030818181818182	1	PA_without_intermediate	ward_and_allport	71	1.0	poldrack-single-stim	s639	False	2.985
56.455	56.126	-0.5691818181818181	0	PA_without_intermediate	ward_and_allport	89	1.0	poldrack-single-stim	s639	False	
56.83	56.456	-0.5241818181818181	0	PA_without_intermediate	ward_and_allport	71	1.0	poldrack-single-stim	s639	False	
57.249	56.832	-0.48118181818181816	0	PA_without_intermediate	ward_and_allport	82	1.0	poldrack-single-stim	s639	False	
57.643	57.251	-0.5061818181818182	0	PA_without_intermediate	ward_and_allport	71	1.0	poldrack-single-stim	s639	False	
57.992	57.644	-0.5501818181818181	0	PA_without_intermediate	ward_and_allport	89	1.0	poldrack-single-stim	s639	False	
57.995	57.996	-0.8991818181818181	0	PA_without_intermediate	ward_and_allport	-1	1.0	poldrack-single-stim	s639	True	
62.932	60.68	1.353818181818182	1	PA_with_intermediate	ward_and_allport	71	2.0	poldrack-single-stim	s639	False	2.985
63.243	62.933	-0.5881818181818181	0	PA_with_intermediate	ward_and_allport	82	2.0	poldrack-single-stim	s639	False	
63.622	63.245	-0.5211818181818181	0	PA_with_intermediate	ward_and_allport	71	2.0	poldrack-single-stim	s639	False	
63.927	63.623	-0.5941818181818181	0	PA_with_intermediate	ward_and_allport	89	2.0	poldrack-single-stim	s639	False	
64.719	63.929	-0.10818181818181813	0	PA_with_intermediate	ward_and_allport	82	2.0	poldrack-single-stim	s639	False	
65.44	64.72	-0.17818181818181814	0	PA_with_intermediate	ward_and_allport	89	2.0	poldrack-single-stim	s639	False	
65.443	65.444	-0.8991818181818181	0	PA_with_intermediate	ward_and_allport	-1	2.0	poldrack-single-stim	s639	True	
74.38	70.167	3.314818181818182	1	PA_without_intermediate	ward_and_allport	82	3.0	poldrack-single-stim	s639	False	2.985
74.815	74.382	-0.46518181818181814	0	PA_without_intermediate	ward_and_allport	71	3.0	poldrack-single-stim	s639	False	
75.341	74.817	-0.3741818181818181	0	PA_without_intermediate	ward_and_allport	82	3.0	poldrack-single-stim	s639	False	
75.971	75.342	-0.26918181818181813	0	PA_without_intermediate	ward_and_allport	89	3.0	poldrack-single-stim	s639	False	
76.798	75.974	-0.07418181818181813	0	PA_without_intermediate	ward_and_allport	82	3.0	poldrack-single-stim	s639	False	
77.192	76.8	-0.5061818181818182	0	PA_without_intermediate	ward_and_allport	71	3.0	poldrack-single-stim	s639	False	
77.195	77.196	-0.8991818181818181	0	PA_without_intermediate	ward_and_allport	-1	3.0	poldrack-single-stim	s639	True	
83.395	80.423	2.073818181818182	1	PA_without_intermediate	ward_and_allport	71	4.0	poldrack-single-stim	s639	False	2.985
83.919	83.397	-0.3761818181818181	0	PA_without_intermediate	ward_and_allport	82	4.0	poldrack-single-stim	s639	False	
84.276	83.921	-0.5431818181818181	0	PA_without_intermediate	ward_and_allport	71	4.0	poldrack-single-stim	s639	False	
84.584	84.277	-0.5911818181818181	0	PA_without_intermediate	ward_and_allport	82	4.0	poldrack-single-stim	s639	False	
84.914	84.587	-0.5711818181818181	0	PA_without_intermediate	ward_and_allport	71	4.0	poldrack-single-stim	s639	False	
85.382	84.916	-0.4321818181818181	0	PA_without_intermediate	ward_and_allport	89	4.0	poldrack-single-stim	s639	False	
85.385	85.386	-0.8991818181818181	0	PA_without_intermediate	ward_and_allport	-1	4.0	poldrack-single-stim	s639	True	
91.237	87.662	2.6768181818181818	1	PA_with_intermediate	ward_and_allport	71	5.0	poldrack-single-stim	s639	False	2.985
91.686	91.238	-0.4501818181818181	0	PA_with_intermediate	ward_and_allport	82	5.0	poldrack-single-stim	s639	False	
92.049	91.689	-0.5381818181818181	0	PA_with_intermediate	ward_and_allport	71	5.0	poldrack-single-stim	s639	False	
92.358	92.051	-0.5911818181818181	0	PA_with_intermediate	ward_and_allport	89	5.0	poldrack-single-stim	s639	False	
92.852	92.361	-0.40718181818181814	0	PA_with_intermediate	ward_and_allport	82	5.0	poldrack-single-stim	s639	False	
93.187	92.854	-0.5651818181818181	0	PA_with_intermediate	ward_and_allport	71	5.0	poldrack-single-stim	s639	False	
93.19	93.191	-0.8991818181818181	0	PA_with_intermediate	ward_and_allport	-1	5.0	poldrack-single-stim	s639	True	
100.514	96.827	2.788818181818182	1	PA_without_intermediate	ward_and_allport	89	6.0	poldrack-single-stim	s639	False	2.985
100.94	100.515	-0.47318181818181815	0	PA_without_intermediate	ward_and_allport	82	6.0	poldrack-single-stim	s639	False	
102.4	100.944	0.5578181818181819	0	PA_without_intermediate	ward_and_allport	89	6.0	poldrack-single-stim	s639	False	
102.942	102.401	-0.35718181818181816	0	PA_without_intermediate	ward_and_allport	71	6.0	poldrack-single-stim	s639	False	
103.439	102.945	-0.40418181818181814	0	PA_without_intermediate	ward_and_allport	89	6.0	poldrack-single-stim	s639	False	
103.988	103.441	-0.35118181818181815	0	PA_without_intermediate	ward_and_allport	82	6.0	poldrack-single-stim	s639	False	
103.993	103.994	-0.8991818181818181	0	PA_without_intermediate	ward_and_allport	-1	6.0	poldrack-single-stim	s639	True	
110.788	106.405	3.484818181818182	1	PA_without_intermediate	ward_and_allport	82	7.0	poldrack-single-stim	s639	False	2.985
111.194	110.789	-0.4931818181818181	0	PA_without_intermediate	ward_and_allport	71	7.0	poldrack-single-stim	s639	False	
111.55	111.198	-0.5461818181818181	0	PA_without_intermediate	ward_and_allport	82	7.0	poldrack-single-stim	s639	False	
112.12	111.551	-0.32918181818181813	0	PA_without_intermediate	ward_and_allport	71	7.0	poldrack-single-stim	s639	False	
112.66	112.123	-0.3611818181818181	0	PA_without_intermediate	ward_and_allport	82	7.0	poldrack-single-stim	s639	False	
113.172	112.662	-0.38818181818181813	0	PA_without_intermediate	ward_and_allport	89	7.0	poldrack-single-stim	s639	False	
113.174	113.175	-0.8991818181818181	0	PA_without_intermediate	ward_and_allport	-1	7.0	poldrack-single-stim	s639	True	
117.555	115.178	1.478818181818182	1	PA_with_intermediate	ward_and_allport	82	8.0	poldrack-single-stim	s639	False	2.985
118.05	117.557	-0.40518181818181814	0	PA_with_intermediate	ward_and_allport	71	8.0	poldrack-single-stim	s639	False	
118.504	118.054	-0.4481818181818181	0	PA_with_intermediate	ward_and_allport	82	8.0	poldrack-single-stim	s639	False	
118.944	118.505	-0.45918181818181814	0	PA_with_intermediate	ward_and_allport	89	8.0	poldrack-single-stim	s639	False	
119.985	118.947	0.13981818181818187	0	PA_with_intermediate	ward_and_allport	71	8.0	poldrack-single-stim	s639	False	
120.377	119.986	-0.5071818181818182	0	PA_with_intermediate	ward_and_allport	82	8.0	poldrack-single-stim	s639	False	
120.382	120.383	-0.8991818181818181	0	PA_with_intermediate	ward_and_allport	-1	8.0	poldrack-single-stim	s639	True	
127.866	122.388	4.579818181818182	1	PA_with_intermediate	ward_and_allport	89	9.0	poldrack-single-stim	s639	False	2.985
128.272	127.866	-0.4921818181818181	0	PA_with_intermediate	ward_and_allport	71	9.0	poldrack-single-stim	s639	False	
128.905	128.276	-0.26918181818181813	0	PA_with_intermediate	ward_and_allport	89	9.0	poldrack-single-stim	s639	False	
129.564	128.907	-0.24118181818181814	0	PA_with_intermediate	ward_and_allport	82	9.0	poldrack-single-stim	s639	False	
129.953	129.569	-0.5141818181818182	0	PA_with_intermediate	ward_and_allport	71	9.0	poldrack-single-stim	s639	False	
130.379	129.954	-0.47318181818181815	0	PA_with_intermediate	ward_and_allport	82	9.0	poldrack-single-stim	s639	False	
130.383	130.384	-0.8991818181818181	0	PA_with_intermediate	ward_and_allport	-1	9.0	poldrack-single-stim	s639	True	
137.423	132.389	4.135818181818182	1	PA_with_intermediate	ward_and_allport	82	10.0	poldrack-single-stim	s639	False	2.985
137.819	137.424	-0.5031818181818182	0	PA_with_intermediate	ward_and_allport	89	10.0	poldrack-single-stim	s639	False	
138.535	137.824	-0.18718181818181814	0	PA_with_intermediate	ward_and_allport	82	10.0	poldrack-single-stim	s639	False	
139.089	138.537	-0.34618181818181815	0	PA_with_intermediate	ward_and_allport	71	10.0	poldrack-single-stim	s639	False	
139.591	139.094	-0.40118181818181814	0	PA_with_intermediate	ward_and_allport	89	10.0	poldrack-single-stim	s639	False	
140.086	139.592	-0.40418181818181814	0	PA_with_intermediate	ward_and_allport	82	10.0	poldrack-single-stim	s639	False	
140.091	140.092	-0.8991818181818181	0	PA_with_intermediate	ward_and_allport	-1	10.0	poldrack-single-stim	s639	True	
147.902	142.505	4.498818181818182	1	PA_without_intermediate	ward_and_allport	89	11.0	poldrack-single-stim	s639	False	2.985
148.539	147.903	-0.2621818181818181	0	PA_without_intermediate	ward_and_allport	71	11.0	poldrack-single-stim	s639	False	
148.966	148.543	-0.47518181818181815	0	PA_without_intermediate	ward_and_allport	89	11.0	poldrack-single-stim	s639	False	
149.49	148.967	-0.3751818181818181	0	PA_without_intermediate	ward_and_allport	82	11.0	poldrack-single-stim	s639	False	
150.068	149.493	-0.3231818181818181	0	PA_without_intermediate	ward_and_allport	89	11.0	poldrack-single-stim	s639	False	
150.549	150.07	-0.41918181818181816	0	PA_without_intermediate	ward_and_allport	71	11.0	poldrack-single-stim	s639	False	
150.554	150.555	-0.8991818181818181	0	PA_without_intermediate	ward_and_allport	-1	11.0	poldrack-single-stim	s639	True	
157.104	153.377	2.828818181818182	1	PA_with_intermediate	ward_and_allport	71	12.0	poldrack-single-stim	s639	False	2.985
157.382	157.105	-0.6211818181818182	0	PA_with_intermediate	ward_and_allport	89	12.0	poldrack-single-stim	s639	False	
157.804	157.387	-0.48118181818181816	0	PA_with_intermediate	ward_and_allport	71	12.0	poldrack-single-stim	s639	False	
158.197	157.806	-0.5071818181818182	0	PA_with_intermediate	ward_and_allport	82	12.0	poldrack-single-stim	s639	False	
158.669	158.202	-0.4311818181818181	0	PA_with_intermediate	ward_and_allport	89	12.0	poldrack-single-stim	s639	False	
159.123	158.671	-0.4461818181818181	0	PA_with_intermediate	ward_and_allport	82	12.0	poldrack-single-stim	s639	False	
159.127	159.128	-0.8991818181818181	0	PA_with_intermediate	ward_and_allport	-1	12.0	poldrack-single-stim	s639	True	
167.521	163.309	3.3138181818181818	1	PA_with_intermediate	ward_and_allport	71	13.0	poldrack-single-stim	s639	False	2.985
167.836	167.523	-0.5851818181818181	0	PA_with_intermediate	ward_and_allport	89	13.0	poldrack-single-stim	s639	False	
168.204	167.84	-0.5341818181818181	0	PA_with_intermediate	ward_and_allport	71	13.0	poldrack-single-stim	s639	False	
168.548	168.205	-0.5551818181818181	0	PA_with_intermediate	ward_and_allport	82	13.0	poldrack-single-stim	s639	False	
169.049	168.552	-0.40118181818181814	0	PA_with_intermediate	ward_and_allport	89	13.0	poldrack-single-stim	s639	False	
169.371	169.05	-0.5771818181818181	0	PA_with_intermediate	ward_and_allport	71	13.0	poldrack-single-stim	s639	False	
169.377	169.378	-0.8991818181818181	0	PA_with_intermediate	ward_and_allport	-1	13.0	poldrack-single-stim	s639	True	
176.536	172.744	2.893818181818182	1	PA_with_intermediate	ward_and_allport	89	14.0	poldrack-single-stim	s639	False	2.985
176.904	176.537	-0.5311818181818181	0	PA_with_intermediate	ward_and_allport	71	14.0	poldrack-single-stim	s639	False	
177.26	176.909	-0.5471818181818181	0	PA_with_intermediate	ward_and_allport	89	14.0	poldrack-single-stim	s639	False	
177.845	177.261	-0.3141818181818181	0	PA_with_intermediate	ward_and_allport	82	14.0	poldrack-single-stim	s639	False	
178.342	177.85	-0.40618181818181814	0	PA_with_intermediate	ward_and_allport	71	14.0	poldrack-single-stim	s639	False	
178.782	178.344	-0.46018181818181814	0	PA_with_intermediate	ward_and_allport	82	14.0	poldrack-single-stim	s639	False	
178.787	178.788	-0.8991818181818181	0	PA_with_intermediate	ward_and_allport	-1	14.0	poldrack-single-stim	s639	True	
189.746	185.796	3.0518181818181818	1	PA_without_intermediate	ward_and_allport	71	15.0	poldrack-single-stim	s639	False	2.985
190.303	189.746	-0.34118181818181814	0	PA_without_intermediate	ward_and_allport	82	15.0	poldrack-single-stim	s639	False	
190.754	190.308	-0.45218181818181813	0	PA_without_intermediate	ward_and_allport	71	15.0	poldrack-single-stim	s639	False	
191.162	190.756	-0.4921818181818181	0	PA_without_intermediate	ward_and_allport	82	15.0	poldrack-single-stim	s639	False	
191.609	191.167	-0.45618181818181813	0	PA_without_intermediate	ward_and_allport	71	15.0	poldrack-single-stim	s639	False	
191.962	191.61	-0.5461818181818181	0	PA_without_intermediate	ward_and_allport	89	15.0	poldrack-single-stim	s639	False	
191.967	191.968	-0.8991818181818181	0	PA_without_intermediate	ward_and_allport	-1	15.0	poldrack-single-stim	s639	True	
197.866	194.382	2.585818181818182	1	PA_with_intermediate	ward_and_allport	82	16.0	poldrack-single-stim	s639	False	2.985
198.231	197.867	-0.5341818181818181	0	PA_with_intermediate	ward_and_allport	71	16.0	poldrack-single-stim	s639	False	
198.7	198.236	-0.4341818181818181	0	PA_with_intermediate	ward_and_allport	82	16.0	poldrack-single-stim	s639	False	
199.108	198.701	-0.4911818181818181	0	PA_with_intermediate	ward_and_allport	89	16.0	poldrack-single-stim	s639	False	
199.589	199.112	-0.42118181818181816	0	PA_with_intermediate	ward_and_allport	71	16.0	poldrack-single-stim	s639	False	
200.17	199.591	-0.3191818181818181	0	PA_with_intermediate	ward_and_allport	89	16.0	poldrack-single-stim	s639	False	
200.175	200.176	-0.8991818181818181	0	PA_with_intermediate	ward_and_allport	-1	16.0	poldrack-single-stim	s639	True	
206.404	202.997	2.508818181818182	1	PA_without_intermediate	ward_and_allport	82	17.0	poldrack-single-stim	s639	False	2.985
206.766	206.406	-0.5381818181818181	0	PA_without_intermediate	ward_and_allport	89	17.0	poldrack-single-stim	s639	False	
207.484	206.771	-0.18518181818181814	0	PA_without_intermediate	ward_and_allport	82	17.0	poldrack-single-stim	s639	False	
207.916	207.485	-0.46718181818181814	0	PA_without_intermediate	ward_and_allport	71	17.0	poldrack-single-stim	s639	False	
208.306	207.92	-0.5121818181818182	0	PA_without_intermediate	ward_and_allport	82	17.0	poldrack-single-stim	s639	False	
208.683	208.307	-0.5221818181818181	0	PA_without_intermediate	ward_and_allport	89	17.0	poldrack-single-stim	s639	False	
208.689	208.69	-0.8991818181818181	0	PA_without_intermediate	ward_and_allport	-1	17.0	poldrack-single-stim	s639	True	
213.512	211.784	0.8298181818181819	1	PA_without_intermediate	ward_and_allport	71	18.0	poldrack-single-stim	s639	False	2.985
213.854	213.514	-0.5581818181818181	0	PA_without_intermediate	ward_and_allport	82	18.0	poldrack-single-stim	s639	False	
214.299	213.859	-0.45818181818181813	0	PA_without_intermediate	ward_and_allport	71	18.0	poldrack-single-stim	s639	False	
214.616	214.299	-0.5811818181818181	0	PA_without_intermediate	ward_and_allport	89	18.0	poldrack-single-stim	s639	False	
215.027	214.621	-0.4921818181818181	0	PA_without_intermediate	ward_and_allport	71	18.0	poldrack-single-stim	s639	False	
215.445	215.029	-0.48218181818181816	0	PA_without_intermediate	ward_and_allport	82	18.0	poldrack-single-stim	s639	False	
215.451	215.452	-0.8991818181818181	0	PA_without_intermediate	ward_and_allport	-1	18.0	poldrack-single-stim	s639	True	
220.736	217.594	2.243818181818182	1	PA_without_intermediate	ward_and_allport	89	19.0	poldrack-single-stim	s639	False	2.985
221.21	220.738	-0.4261818181818181	0	PA_without_intermediate	ward_and_allport	82	19.0	poldrack-single-stim	s639	False	
221.865	221.216	-0.24918181818181814	0	PA_without_intermediate	ward_and_allport	89	19.0	poldrack-single-stim	s639	False	
222.433	221.867	-0.33218181818181813	0	PA_without_intermediate	ward_and_allport	71	19.0	poldrack-single-stim	s639	False	
222.837	222.439	-0.5001818181818182	0	PA_without_intermediate	ward_and_allport	89	19.0	poldrack-single-stim	s639	False	
223.208	222.838	-0.5281818181818181	0	PA_without_intermediate	ward_and_allport	82	19.0	poldrack-single-stim	s639	False	
223.214	223.215	-0.8991818181818181	0	PA_without_intermediate	ward_and_allport	-1	19.0	poldrack-single-stim	s639	True	
234.225	230.389	2.937818181818182	1	PA_without_intermediate	ward_and_allport	82	20.0	poldrack-single-stim	s639	False	2.985
234.792	234.225	-0.33118181818181813	0	PA_without_intermediate	ward_and_allport	71	20.0	poldrack-single-stim	s639	False	
235.689	234.796	-0.00518181818181813	0	PA_without_intermediate	ward_and_allport	82	20.0	poldrack-single-stim	s639	False	
236.211	235.691	-0.3781818181818181	0	PA_without_intermediate	ward_and_allport	71	20.0	poldrack-single-stim	s639	False	
236.758	236.215	-0.35518181818181815	0	PA_without_intermediate	ward_and_allport	82	20.0	poldrack-single-stim	s639	False	
237.2	236.759	-0.45718181818181813	0	PA_without_intermediate	ward_and_allport	89	20.0	poldrack-single-stim	s639	False	
237.206	237.207	-0.8991818181818181	0	PA_without_intermediate	ward_and_allport	-1	20.0	poldrack-single-stim	s639	True	
244.124	240.029	3.196818181818182	1	PA_with_intermediate	ward_and_allport	89	21.0	poldrack-single-stim	s639	False	2.985
244.625	244.125	-0.39818181818181814	0	PA_with_intermediate	ward_and_allport	82	21.0	poldrack-single-stim	s639	False	
246.093	244.631	0.5638181818181819	0	PA_with_intermediate	ward_and_allport	89	21.0	poldrack-single-stim	s639	False	
246.538	246.094	-0.45418181818181813	0	PA_with_intermediate	ward_and_allport	71	21.0	poldrack-single-stim	s639	False	
247.492	246.545	0.04881818181818187	0	PA_with_intermediate	ward_and_allport	82	21.0	poldrack-single-stim	s639	False	
247.919	247.493	-0.47218181818181815	0	PA_with_intermediate	ward_and_allport	71	21.0	poldrack-single-stim	s639	False	
247.925	247.926	-0.8991818181818181	0	PA_with_intermediate	ward_and_allport	-1	21.0	poldrack-single-stim	s639	True	
255.4	250.885	3.616818181818182	1	PA_with_intermediate	ward_and_allport	89	22.0	poldrack-single-stim	s639	False	2.985
255.781	255.402	-0.5191818181818181	0	PA_with_intermediate	ward_and_allport	71	22.0	poldrack-single-stim	s639	False	
256.215	255.787	-0.47018181818181815	0	PA_with_intermediate	ward_and_allport	89	22.0	poldrack-single-stim	s639	False	
256.649	256.216	-0.46518181818181814	0	PA_with_intermediate	ward_and_allport	82	22.0	poldrack-single-stim	s639	False	
257.107	256.655	-0.4461818181818181	0	PA_with_intermediate	ward_and_allport	71	22.0	poldrack-single-stim	s639	False	
257.46	257.109	-0.5471818181818181	0	PA_with_intermediate	ward_and_allport	89	22.0	poldrack-single-stim	s639	False	
257.467	257.468	-0.8991818181818181	0	PA_with_intermediate	ward_and_allport	-1	22.0	poldrack-single-stim	s639	True	
262.789	259.611	2.279818181818182	1	PA_without_intermediate	ward_and_allport	82	23.0	poldrack-single-stim	s639	False	2.985
263.828	262.79	0.13981818181818187	0	PA_without_intermediate	ward_and_allport	89	23.0	poldrack-single-stim	s639	False	
264.485	263.835	-0.24818181818181814	0	PA_without_intermediate	ward_and_allport	82	23.0	poldrack-single-stim	s639	False	
264.869	264.486	-0.5151818181818182	0	PA_without_intermediate	ward_and_allport	71	23.0	poldrack-single-stim	s639	False	
265.394	264.876	-0.3801818181818181	0	PA_without_intermediate	ward_and_allport	89	23.0	poldrack-single-stim	s639	False	
267.684	265.395	1.390818181818182	0	PA_without_intermediate	ward_and_allport	71	23.0	poldrack-single-stim	s639	False	
268.126	267.69	-0.46218181818181814	0	PA_without_intermediate	ward_and_allport	82	23.0	poldrack-single-stim	s639	False	
268.715	268.127	-0.3101818181818181	0	PA_without_intermediate	ward_and_allport	89	23.0	poldrack-single-stim	s639	False	
269.293	268.721	-0.32618181818181813	0	PA_without_intermediate	ward_and_allport	71	23.0	poldrack-single-stim	s639	False	
269.567	269.293	-0.6241818181818182	0	PA_without_intermediate	ward_and_allport	89	23.0	poldrack-single-stim	s639	False	
272.898	269.573	2.4268181818181818	0	PA_without_intermediate	ward_and_allport	89	23.0	poldrack-single-stim	s639	False	
273.71	272.9	-0.08818181818181813	0	PA_without_intermediate	ward_and_allport	71	23.0	poldrack-single-stim	s639	False	
274.427	273.716	-0.18718181818181814	0	PA_without_intermediate	ward_and_allport	89	23.0	poldrack-single-stim	s639	False	
274.896	274.429	-0.4311818181818181	0	PA_without_intermediate	ward_and_allport	82	23.0	poldrack-single-stim	s639	False	
275.716	274.902	-0.08418181818181814	0	PA_without_intermediate	ward_and_allport	71	23.0	poldrack-single-stim	s639	False	
276.12	275.717	-0.4951818181818181	0	PA_without_intermediate	ward_and_allport	89	23.0	poldrack-single-stim	s639	False	
276.685	276.126	-0.33918181818181814	0	PA_without_intermediate	ward_and_allport	82	23.0	poldrack-single-stim	s639	False	
277.1	276.686	-0.48418181818181816	0	PA_without_intermediate	ward_and_allport	89	23.0	poldrack-single-stim	s639	False	
277.107	277.108	-0.8991818181818181	0	PA_without_intermediate	ward_and_allport	-1	23.0	poldrack-single-stim	s639	True	
284.904	279.796	4.209818181818182	1	PA_without_intermediate	ward_and_allport	82	24.0	poldrack-single-stim	s639	False	2.985
285.397	284.905	-0.40618181818181814	0	PA_without_intermediate	ward_and_allport	89	24.0	poldrack-single-stim	s639	False	
285.983	285.404	-0.3191818181818181	0	PA_without_intermediate	ward_and_allport	82	24.0	poldrack-single-stim	s639	False	
286.445	285.985	-0.4381818181818181	0	PA_without_intermediate	ward_and_allport	89	24.0	poldrack-single-stim	s639	False	
288.243	286.452	0.8928181818181818	0	PA_without_intermediate	ward_and_allport	82	24.0	poldrack-single-stim	s639	False	
288.653	288.243	-0.4881818181818181	0	PA_without_intermediate	ward_and_allport	71	24.0	poldrack-single-stim	s639	False	
288.661	288.662	-0.8991818181818181	0	PA_without_intermediate	ward_and_allport	-1	24.0	poldrack-single-stim	s639	True	
301.234	291.758	8.577818181818182	1	PA_with_intermediate	ward_and_allport	82	25.0	poldrack-single-stim	s639	False	2.985
301.734	301.235	-0.39918181818181814	0	PA_with_intermediate	ward_and_allport	71	25.0	poldrack-single-stim	s639	False	
302.237	301.741	-0.40218181818181814	0	PA_with_intermediate	ward_and_allport	82	25.0	poldrack-single-stim	s639	False	
303.103	302.238	-0.03318181818181813	0	PA_with_intermediate	ward_and_allport	71	25.0	poldrack-single-stim	s639	False	
303.604	303.11	-0.40418181818181814	0	PA_with_intermediate	ward_and_allport	82	25.0	poldrack-single-stim	s639	False	
304.604	303.606	0.09981818181818188	0	PA_with_intermediate	ward_and_allport	89	25.0	poldrack-single-stim	s639	False	
305.398	304.611	-0.11118181818181813	0	PA_with_intermediate	ward_and_allport	71	25.0	poldrack-single-stim	s639	False	
305.754	305.4	-0.5441818181818181	0	PA_with_intermediate	ward_and_allport	82	25.0	poldrack-single-stim	s639	False	
306.48	305.76	-0.17818181818181814	0	PA_with_intermediate	ward_and_allport	71	25.0	poldrack-single-stim	s639	False	
306.869	306.482	-0.5111818181818182	0	PA_with_intermediate	ward_and_allport	89	25.0	poldrack-single-stim	s639	False	
307.414	306.877	-0.3611818181818181	0	PA_with_intermediate	ward_and_allport	82	25.0	poldrack-single-stim	s639	False	
307.742	307.415	-0.5711818181818181	0	PA_with_intermediate	ward_and_allport	71	25.0	poldrack-single-stim	s639	False	
310.228	307.749	1.580818181818182	0	PA_with_intermediate	ward_and_allport	89	25.0	poldrack-single-stim	s639	False	
311.32	310.229	0.19281818181818186	0	PA_with_intermediate	ward_and_allport	71	25.0	poldrack-single-stim	s639	False	
311.767	311.327	-0.45818181818181813	0	PA_with_intermediate	ward_and_allport	89	25.0	poldrack-single-stim	s639	False	
312.496	311.768	-0.17018181818181813	0	PA_with_intermediate	ward_and_allport	82	25.0	poldrack-single-stim	s639	False	
313.148	312.503	-0.2531818181818181	0	PA_with_intermediate	ward_and_allport	71	25.0	poldrack-single-stim	s639	False	
313.435	313.149	-0.6121818181818182	0	PA_with_intermediate	ward_and_allport	82	25.0	poldrack-single-stim	s639	False	
313.443	313.444	-0.8991818181818181	0	PA_with_intermediate	ward_and_allport	-1	25.0	poldrack-single-stim	s639	True	
317.989	315.451	1.639818181818182	1	PA_without_intermediate	ward_and_allport	71	26.0	poldrack-single-stim	s639	False	2.985
318.555	317.991	-0.33418181818181814	0	PA_without_intermediate	ward_and_allport	82	26.0	poldrack-single-stim	s639	False	
319.116	318.562	-0.34418181818181814	0	PA_without_intermediate	ward_and_allport	71	26.0	poldrack-single-stim	s639	False	
319.473	319.117	-0.5421818181818181	0	PA_without_intermediate	ward_and_allport	89	26.0	poldrack-single-stim	s639	False	
319.874	319.481	-0.5051818181818182	0	PA_without_intermediate	ward_and_allport	71	26.0	poldrack-single-stim	s639	False	
320.35	319.874	-0.4221818181818181	0	PA_without_intermediate	ward_and_allport	82	26.0	poldrack-single-stim	s639	False	
320.359	320.36	-0.8991818181818181	0	PA_without_intermediate	ward_and_allport	-1	26.0	poldrack-single-stim	s639	True	
327.773	322.368	4.506818181818182	1	PA_without_intermediate	ward_and_allport	82	27.0	poldrack-single-stim	s639	False	2.985
328.144	327.774	-0.5281818181818181	0	PA_without_intermediate	ward_and_allport	71	27.0	poldrack-single-stim	s639	False	
329.11	328.151	0.06081818181818187	0	PA_without_intermediate	ward_and_allport	82	27.0	poldrack-single-stim	s639	False	
329.692	329.111	-0.3171818181818181	0	PA_without_intermediate	ward_and_allport	89	27.0	poldrack-single-stim	s639	False	
330.132	329.7	-0.46618181818181814	0	PA_without_intermediate	ward_and_allport	82	27.0	poldrack-single-stim	s639	False	
330.418	330.133	-0.6131818181818182	0	PA_without_intermediate	ward_and_allport	71	27.0	poldrack-single-stim	s639	False	
330.426	330.427	-0.8991818181818181	0	PA_without_intermediate	ward_and_allport	-1	27.0	poldrack-single-stim	s639	True	
337.117	332.436	3.782818181818182	1	PA_with_intermediate	ward_and_allport	89	28.0	poldrack-single-stim	s639	False	2.985
337.439	337.119	-0.5781818181818181	0	PA_with_intermediate	ward_and_allport	71	28.0	poldrack-single-stim	s639	False	
337.795	337.447	-0.5501818181818181	0	PA_with_intermediate	ward_and_allport	89	28.0	poldrack-single-stim	s639	False	
338.292	337.797	-0.40318181818181814	0	PA_with_intermediate	ward_and_allport	82	28.0	poldrack-single-stim	s639	False	
338.746	338.3	-0.45218181818181813	0	PA_with_intermediate	ward_and_allport	71	28.0	poldrack-single-stim	s639	False	
339.073	338.746	-0.5711818181818181	0	PA_with_intermediate	ward_and_allport	89	28.0	poldrack-single-stim	s639	False	
339.081	339.082	-0.8991818181818181	0	PA_with_intermediate	ward_and_allport	-1	28.0	poldrack-single-stim	s639	True	
345.223	341.635	2.689818181818182	1	PA_without_intermediate	ward_and_allport	82	29.0	poldrack-single-stim	s639	False	2.985
345.519	345.223	-0.6021818181818182	0	PA_without_intermediate	ward_and_allport	89	29.0	poldrack-single-stim	s639	False	
346.079	345.528	-0.34718181818181815	0	PA_without_intermediate	ward_and_allport	82	29.0	poldrack-single-stim	s639	False	
346.775	346.08	-0.20318181818181813	0	PA_without_intermediate	ward_and_allport	89	29.0	poldrack-single-stim	s639	False	
347.595	346.785	-0.08818181818181813	0	PA_without_intermediate	ward_and_allport	82	29.0	poldrack-single-stim	s639	False	
347.878	347.595	-0.6151818181818182	0	PA_without_intermediate	ward_and_allport	71	29.0	poldrack-single-stim	s639	False	
347.888	347.889	-0.8991818181818181	0	PA_without_intermediate	ward_and_allport	-1	29.0	poldrack-single-stim	s639	True	
358.75	355.174	2.677818181818182	1	PA_with_intermediate	ward_and_allport	82	30.0	poldrack-single-stim	s639	False	2.985
359.164	358.752	-0.4861818181818181	0	PA_with_intermediate	ward_and_allport	71	30.0	poldrack-single-stim	s639	False	
359.881	359.173	-0.19018181818181812	0	PA_with_intermediate	ward_and_allport	82	30.0	poldrack-single-stim	s639	False	
360.342	359.883	-0.4391818181818181	0	PA_with_intermediate	ward_and_allport	89	30.0	poldrack-single-stim	s639	False	
361.039	360.352	-0.21118181818181814	0	PA_with_intermediate	ward_and_allport	71	30.0	poldrack-single-stim	s639	False	
361.424	361.041	-0.5151818181818182	0	PA_with_intermediate	ward_and_allport	89	30.0	poldrack-single-stim	s639	False	
361.434	361.435	-0.8991818181818181	0	PA_with_intermediate	ward_and_allport	-1	30.0	poldrack-single-stim	s639	True	
369.732	365.484	3.349818181818182	1	PA_with_intermediate	ward_and_allport	89	31.0	poldrack-single-stim	s639	False	2.985
370.179	369.733	-0.45218181818181813	0	PA_with_intermediate	ward_and_allport	71	31.0	poldrack-single-stim	s639	False	
370.545	370.189	-0.5421818181818181	0	PA_with_intermediate	ward_and_allport	89	31.0	poldrack-single-stim	s639	False	
372.182	370.547	0.7368181818181818	0	PA_with_intermediate	ward_and_allport	89	31.0	poldrack-single-stim	s639	False	
372.633	372.191	-0.45618181818181813	0	PA_with_intermediate	ward_and_allport	71	31.0	poldrack-single-stim	s639	False	
373.385	372.635	-0.14818181818181814	0	PA_with_intermediate	ward_and_allport	82	31.0	poldrack-single-stim	s639	False	
373.91	373.393	-0.3811818181818181	0	PA_with_intermediate	ward_and_allport	89	31.0	poldrack-single-stim	s639	False	
374.288	373.911	-0.5211818181818181	0	PA_with_intermediate	ward_and_allport	71	31.0	poldrack-single-stim	s639	False	
374.883	374.299	-0.3141818181818181	0	PA_with_intermediate	ward_and_allport	82	31.0	poldrack-single-stim	s639	False	
375.507	374.883	-0.27418181818181814	0	PA_with_intermediate	ward_and_allport	71	31.0	poldrack-single-stim	s639	False	
377.043	375.515	0.6298181818181818	0	PA_with_intermediate	ward_and_allport	71	31.0	poldrack-single-stim	s639	False	
377.471	377.044	-0.47118181818181815	0	PA_with_intermediate	ward_and_allport	89	31.0	poldrack-single-stim	s639	False	
377.478	377.479	-0.8991818181818181	0	PA_with_intermediate	ward_and_allport	-1	31.0	poldrack-single-stim	s639	True	
384.921	379.758	4.264818181818182	1	PA_with_intermediate	ward_and_allport	82	32.0	poldrack-single-stim	s639	False	2.985
385.324	384.922	-0.4961818181818181	0	PA_with_intermediate	ward_and_allport	89	32.0	poldrack-single-stim	s639	False	
385.996	385.329	-0.23118181818181813	0	PA_with_intermediate	ward_and_allport	82	32.0	poldrack-single-stim	s639	False	
386.968	385.996	0.07381818181818187	0	PA_with_intermediate	ward_and_allport	71	32.0	poldrack-single-stim	s639	False	
387.378	386.976	-0.4961818181818181	0	PA_with_intermediate	ward_and_allport	89	32.0	poldrack-single-stim	s639	False	
387.74	387.38	-0.5381818181818181	0	PA_with_intermediate	ward_and_allport	71	32.0	poldrack-single-stim	s639	False	
387.75	387.751	-0.8991818181818181	0	PA_with_intermediate	ward_and_allport	-1	32.0	poldrack-single-stim	s639	True	
393.757	389.898	2.960818181818182	1	PA_with_intermediate	ward_and_allport	82	33.0	poldrack-single-stim	s639	False	2.985
394.016	393.758	-0.6401818181818182	0	PA_with_intermediate	ward_and_allport	89	33.0	poldrack-single-stim	s639	False	
395.17	394.027	0.24481818181818188	0	PA_with_intermediate	ward_and_allport	82	33.0	poldrack-single-stim	s639	False	
395.493	395.172	-0.5771818181818181	0	PA_with_intermediate	ward_and_allport	71	33.0	poldrack-single-stim	s639	False	
395.854	395.503	-0.5471818181818181	0	PA_with_intermediate	ward_and_allport	89	33.0	poldrack-single-stim	s639	False	
396.182	395.855	-0.5711818181818181	0	PA_with_intermediate	ward_and_allport	71	33.0	poldrack-single-stim	s639	False	
396.193	396.194	-0.8991818181818181	0	PA_with_intermediate	ward_and_allport	-1	33.0	poldrack-single-stim	s639	True	
401.408	398.204	2.3058181818181818	1	PA_with_intermediate	ward_and_allport	71	34.0	poldrack-single-stim	s639	False	2.985
401.727	401.409	-0.5801818181818181	0	PA_with_intermediate	ward_and_allport	89	34.0	poldrack-single-stim	s639	False	
402.059	401.734	-0.5731818181818181	0	PA_with_intermediate	ward_and_allport	71	34.0	poldrack-single-stim	s639	False	
402.427	402.059	-0.5301818181818181	0	PA_with_intermediate	ward_and_allport	82	34.0	poldrack-single-stim	s639	False	
402.845	402.437	-0.4901818181818181	0	PA_with_intermediate	ward_and_allport	89	34.0	poldrack-single-stim	s639	False	
403.313	402.846	-0.4311818181818181	0	PA_with_intermediate	ward_and_allport	82	34.0	poldrack-single-stim	s639	False	
403.322	403.323	-0.8991818181818181	0	PA_with_intermediate	ward_and_allport	-1	34.0	poldrack-single-stim	s639	True	
407.707	405.332	1.476818181818182	1	PA_without_intermediate	ward_and_allport	89	35.0	poldrack-single-stim	s639	False	2.985
408.122	407.708	-0.48418181818181816	0	PA_without_intermediate	ward_and_allport	82	35.0	poldrack-single-stim	s639	False	
408.82	408.13	-0.20818181818181813	0	PA_without_intermediate	ward_and_allport	89	35.0	poldrack-single-stim	s639	False	
409.529	408.821	-0.19018181818181812	0	PA_without_intermediate	ward_and_allport	82	35.0	poldrack-single-stim	s639	False	
410.394	409.536	-0.04018181818181813	0	PA_without_intermediate	ward_and_allport	89	35.0	poldrack-single-stim	s639	False	
410.793	410.396	-0.5011818181818182	0	PA_without_intermediate	ward_and_allport	71	35.0	poldrack-single-stim	s639	False	
410.802	410.803	-0.8991818181818181	0	PA_without_intermediate	ward_and_allport	-1	35.0	poldrack-single-stim	s639	True	
418.616	413.22	4.497818181818182	1	PA_with_intermediate	ward_and_allport	82	36.0	poldrack-single-stim	s639	False	2.985
419.105	418.618	-0.41118181818181815	0	PA_with_intermediate	ward_and_allport	71	36.0	poldrack-single-stim	s639	False	
419.6	419.113	-0.41118181818181815	0	PA_with_intermediate	ward_and_allport	82	36.0	poldrack-single-stim	s639	False	
420.077	419.602	-0.4231818181818181	0	PA_with_intermediate	ward_and_allport	89	36.0	poldrack-single-stim	s639	False	
420.758	420.087	-0.22718181818181812	0	PA_with_intermediate	ward_and_allport	71	36.0	poldrack-single-stim	s639	False	
421.34	420.759	-0.3171818181818181	0	PA_with_intermediate	ward_and_allport	82	36.0	poldrack-single-stim	s639	False	
421.35	421.351	-0.8991818181818181	0	PA_with_intermediate	ward_and_allport	-1	36.0	poldrack-single-stim	s639	True	
427.588	425.13	1.559818181818182	1	PA_with_intermediate	ward_and_allport	89	37.0	poldrack-single-stim	s639	False	2.985
428.094	427.59	-0.39418181818181813	0	PA_with_intermediate	ward_and_allport	82	37.0	poldrack-single-stim	s639	False	
428.537	428.104	-0.46518181818181814	0	PA_with_intermediate	ward_and_allport	89	37.0	poldrack-single-stim	s639	False	
428.922	428.537	-0.5131818181818182	0	PA_with_intermediate	ward_and_allport	71	37.0	poldrack-single-stim	s639	False	
429.349	428.933	-0.48218181818181816	0	PA_with_intermediate	ward_and_allport	82	37.0	poldrack-single-stim	s639	False	
429.646	429.35	-0.6021818181818182	0	PA_with_intermediate	ward_and_allport	89	37.0	poldrack-single-stim	s639	False	
429.655	429.656	-0.8991818181818181	0	PA_with_intermediate	ward_and_allport	-1	37.0	poldrack-single-stim	s639	True	
438.859	432.345	5.615818181818182	1	PA_without_intermediate	ward_and_allport	89	38.0	poldrack-single-stim	s639	False	2.985
440.444	438.861	0.6848181818181819	0	PA_without_intermediate	ward_and_allport	71	38.0	poldrack-single-stim	s639	False	
441.231	440.454	-0.12118181818181813	0	PA_without_intermediate	ward_and_allport	89	38.0	poldrack-single-stim	s639	False	
441.623	441.232	-0.5071818181818182	0	PA_without_intermediate	ward_and_allport	71	38.0	poldrack-single-stim	s639	False	
442.191	441.633	-0.34018181818181814	0	PA_without_intermediate	ward_and_allport	89	38.0	poldrack-single-stim	s639	False	
442.647	442.193	-0.4441818181818181	0	PA_without_intermediate	ward_and_allport	82	38.0	poldrack-single-stim	s639	False	
442.658	442.659	-0.8991818181818181	0	PA_without_intermediate	ward_and_allport	-1	38.0	poldrack-single-stim	s639	True	
448.651	445.893	1.859818181818182	1	PA_without_intermediate	ward_and_allport	71	39.0	poldrack-single-stim	s639	False	2.985
448.946	448.653	-0.6051818181818182	0	PA_without_intermediate	ward_and_allport	89	39.0	poldrack-single-stim	s639	False	
449.335	448.954	-0.5171818181818181	0	PA_without_intermediate	ward_and_allport	71	39.0	poldrack-single-stim	s639	False	
449.625	449.336	-0.6091818181818182	0	PA_without_intermediate	ward_and_allport	82	39.0	poldrack-single-stim	s639	False	
449.977	449.636	-0.5571818181818181	0	PA_without_intermediate	ward_and_allport	71	39.0	poldrack-single-stim	s639	False	
450.286	449.979	-0.5911818181818181	0	PA_without_intermediate	ward_and_allport	89	39.0	poldrack-single-stim	s639	False	
450.296	450.297	-0.8991818181818181	0	PA_without_intermediate	ward_and_allport	-1	39.0	poldrack-single-stim	s639	True	
457.075	453.666	2.510818181818182	1	PA_without_intermediate	ward_and_allport	89	40.0	poldrack-single-stim	s639	False	2.985
457.342	457.076	-0.6321818181818182	0	PA_without_intermediate	ward_and_allport	71	40.0	poldrack-single-stim	s639	False	
457.724	457.349	-0.5231818181818181	0	PA_without_intermediate	ward_and_allport	89	40.0	poldrack-single-stim	s639	False	
458.085	457.725	-0.5381818181818181	0	PA_without_intermediate	ward_and_allport	82	40.0	poldrack-single-stim	s639	False	
458.44	458.094	-0.5521818181818181	0	PA_without_intermediate	ward_and_allport	89	40.0	poldrack-single-stim	s639	False	
458.728	458.441	-0.6111818181818182	0	PA_without_intermediate	ward_and_allport	71	40.0	poldrack-single-stim	s639	False	
458.739	458.74	-0.8991818181818181	0	PA_without_intermediate	ward_and_allport	-1	40.0	poldrack-single-stim	s639	True	
463.349	460.751	1.699818181818182	1	PA_without_intermediate	ward_and_allport	71	41.0	poldrack-single-stim	s639	False	2.985
463.591	463.35	-0.6571818181818181	0	PA_without_intermediate	ward_and_allport	89	41.0	poldrack-single-stim	s639	False	
463.875	463.599	-0.6221818181818182	0	PA_without_intermediate	ward_and_allport	71	41.0	poldrack-single-stim	s639	False	
464.103	463.876	-0.6711818181818181	0	PA_without_intermediate	ward_and_allport	89	41.0	poldrack-single-stim	s639	False	
464.484	464.111	-0.5251818181818181	0	PA_without_intermediate	ward_and_allport	71	41.0	poldrack-single-stim	s639	False	
464.95	464.485	-0.4331818181818181	0	PA_without_intermediate	ward_and_allport	82	41.0	poldrack-single-stim	s639	False	
464.958	464.959	-0.8991818181818181	0	PA_without_intermediate	ward_and_allport	-1	41.0	poldrack-single-stim	s639	True	
470.346	467.376	2.071818181818182	1	PA_with_intermediate	ward_and_allport	71	42.0	poldrack-single-stim	s639	False	2.985
470.669	470.347	-0.5761818181818181	0	PA_with_intermediate	ward_and_allport	82	42.0	poldrack-single-stim	s639	False	
470.972	470.676	-0.6021818181818182	0	PA_with_intermediate	ward_and_allport	71	42.0	poldrack-single-stim	s639	False	
471.221	470.973	-0.6501818181818181	0	PA_with_intermediate	ward_and_allport	89	42.0	poldrack-single-stim	s639	False	
471.911	471.232	-0.21918181818181812	0	PA_with_intermediate	ward_and_allport	82	42.0	poldrack-single-stim	s639	False	
472.676	471.913	-0.13518181818181813	0	PA_with_intermediate	ward_and_allport	71	42.0	poldrack-single-stim	s639	False	
472.687	472.688	-0.8991818181818181	0	PA_with_intermediate	ward_and_allport	-1	42.0	poldrack-single-stim	s639	True	
479.272	474.835	3.538818181818182	1	PA_without_intermediate	ward_and_allport	89	43.0	poldrack-single-stim	s639	False	2.985
479.541	479.274	-0.6311818181818182	0	PA_without_intermediate	ward_and_allport	71	43.0	poldrack-single-stim	s639	False	
479.836	479.551	-0.6131818181818182	0	PA_without_intermediate	ward_and_allport	89	43.0	poldrack-single-stim	s639	False	
480.14	479.838	-0.5961818181818181	0	PA_without_intermediate	ward_and_allport	71	43.0	poldrack-single-stim	s639	False	
480.565	480.15	-0.48318181818181816	0	PA_without_intermediate	ward_and_allport	89	43.0	poldrack-single-stim	s639	False	
480.884	480.566	-0.5801818181818181	0	PA_without_intermediate	ward_and_allport	82	43.0	poldrack-single-stim	s639	False	
480.894	480.895	-0.8991818181818181	0	PA_without_intermediate	ward_and_allport	-1	43.0	poldrack-single-stim	s639	True	
487.726	486.032	0.7958181818181819	1	PA_without_intermediate	ward_and_allport	89	44.0	poldrack-single-stim	s639	False	2.985
488.26	487.728	-0.3661818181818181	0	PA_without_intermediate	ward_and_allport	82	44.0	poldrack-single-stim	s639	False	
488.857	488.271	-0.3121818181818181	0	PA_without_intermediate	ward_and_allport	89	44.0	poldrack-single-stim	s639	False	
489.828	488.859	0.07081818181818186	0	PA_without_intermediate	ward_and_allport	82	44.0	poldrack-single-stim	s639	False	
490.359	489.841	-0.3801818181818181	0	PA_without_intermediate	ward_and_allport	89	44.0	poldrack-single-stim	s639	False	
490.698	490.36	-0.5601818181818181	0	PA_without_intermediate	ward_and_allport	71	44.0	poldrack-single-stim	s639	False	
490.709	490.71	-0.8991818181818181	0	PA_without_intermediate	ward_and_allport	-1	44.0	poldrack-single-stim	s639	True	
499.434	497.86	0.6758181818181819	1	PA_without_intermediate	ward_and_allport	71	45.0	poldrack-single-stim	s639	False	2.985
499.832	499.436	-0.5021818181818182	0	PA_without_intermediate	ward_and_allport	89	45.0	poldrack-single-stim	s639	False	
500.382	499.844	-0.3601818181818181	0	PA_without_intermediate	ward_and_allport	71	45.0	poldrack-single-stim	s639	False	
501.443	500.384	0.16081818181818186	0	PA_without_intermediate	ward_and_allport	89	45.0	poldrack-single-stim	s639	False	
501.809	501.455	-0.5441818181818181	0	PA_without_intermediate	ward_and_allport	71	45.0	poldrack-single-stim	s639	False	
502.25	501.811	-0.45918181818181814	0	PA_without_intermediate	ward_and_allport	82	45.0	poldrack-single-stim	s639	False	
502.262	502.263	-0.8991818181818181	0	PA_without_intermediate	ward_and_allport	-1	45.0	poldrack-single-stim	s639	True	
509.777	507.538	1.340818181818182	1	PA_with_intermediate	ward_and_allport	89	46.0	poldrack-single-stim	s639	False	2.985
510.042	509.779	-0.6351818181818182	0	PA_with_intermediate	ward_and_allport	82	46.0	poldrack-single-stim	s639	False	
510.548	510.053	-0.40318181818181814	0	PA_with_intermediate	ward_and_allport	89	46.0	poldrack-single-stim	s639	False	
510.902	510.549	-0.5451818181818181	0	PA_with_intermediate	ward_and_allport	71	46.0	poldrack-single-stim	s639	False	
511.319	510.913	-0.4921818181818181	0	PA_with_intermediate	ward_and_allport	89	46.0	poldrack-single-stim	s639	False	
512.146	511.32	-0.07218181818181812	0	PA_with_intermediate	ward_and_allport	89	46.0	poldrack-single-stim	s639	False	
512.462	512.157	-0.5931818181818181	0	PA_with_intermediate	ward_and_allport	82	46.0	poldrack-single-stim	s639	False	
512.923	512.463	-0.4381818181818181	0	PA_with_intermediate	ward_and_allport	71	46.0	poldrack-single-stim	s639	False	
512.934	512.935	-0.8991818181818181	0	PA_with_intermediate	ward_and_allport	-1	46.0	poldrack-single-stim	s639	True	
519.544	516.985	1.660818181818182	1	PA_with_intermediate	ward_and_allport	71	47.0	poldrack-single-stim	s639	False	2.985
519.954	519.546	-0.4901818181818181	0	PA_with_intermediate	ward_and_allport	82	47.0	poldrack-single-stim	s639	False	
520.301	519.961	-0.5581818181818181	0	PA_with_intermediate	ward_and_allport	71	47.0	poldrack-single-stim	s639	False	
520.582	520.303	-0.6191818181818182	0	PA_with_intermediate	ward_and_allport	89	47.0	poldrack-single-stim	s639	False	
521.097	520.593	-0.39418181818181813	0	PA_with_intermediate	ward_and_allport	82	47.0	poldrack-single-stim	s639	False	
521.497	521.098	-0.4991818181818181	0	PA_with_intermediate	ward_and_allport	89	47.0	poldrack-single-stim	s639	False	
521.509	521.51	-0.8991818181818181	0	PA_with_intermediate	ward_and_allport	-1	47.0	poldrack-single-stim	s639	True	
