block_duration,condition,correct,current_position,exp_stage,experiment_exp_id,goal_state,key_press,min_moves,num_moves_made,possible_responses,problem_id,problem_time,rt,start_state,stim_duration,text,time_elapsed,timing_post_trial,trial_id,trial_type,worker_id
4956.0,UA_with_intermeidate,,"1,0,0,2,0,0,0,0,0",practice,ward_and_allport,"1,2,3,0,0,0,0,0,0",71,3.0,1.0,"89,71",0.0,,4956,"1,0,0,2,3,0,0,0,0",4956.0,,7964,0.0,to_hand,poldrack-single-stim,s558
881.0,UA_with_intermeidate,,"1,0,0,2,0,0,3,0,0",practice,ward_and_allport,"1,2,3,0,0,0,0,0,0",82,3.0,1.0,"89,71,82",0.0,,881,"1,0,0,2,3,0,0,0,0",881.0,,8846,0.0,to_board,poldrack-single-stim,s558
1388.0,UA_with_intermeidate,,"1,0,0,0,0,0,3,0,0",practice,ward_and_allport,"1,2,3,0,0,0,0,0,0",71,3.0,2.0,"89,71,82",0.0,,1388,"1,0,0,2,3,0,0,0,0",1388.0,,10236,0.0,to_hand,poldrack-single-stim,s558
963.0,UA_with_intermeidate,,"1,2,0,0,0,0,3,0,0",practice,ward_and_allport,"1,2,3,0,0,0,0,0,0",89,3.0,2.0,"89,71,82",0.0,,963,"1,0,0,2,3,0,0,0,0",963.0,,11200,0.0,to_board,poldrack-single-stim,s558
852.0,UA_with_intermeidate,,"1,2,0,0,0,0,0,0,0",practice,ward_and_allport,"1,2,3,0,0,0,0,0,0",82,3.0,3.0,"89,82",0.0,,852,"1,0,0,2,3,0,0,0,0",852.0,,12053,0.0,to_hand,poldrack-single-stim,s558
483.0,UA_with_intermeidate,,"1,2,3,0,0,0,0,0,0",practice,ward_and_allport,"1,2,3,0,0,0,0,0,0",89,3.0,3.0,"89,71,82",0.0,,483,"1,0,0,2,3,0,0,0,0",483.0,,12537,0.0,to_board,poldrack-single-stim,s558
2500.0,UA_with_intermeidate,True,,practice,ward_and_allport,,-1,3.0,3.0,none,0.0,12537.0,-1,,1000.0,,15041,0.0,feedback,poldrack-single-stim,s558
5386.0,UA_with_intermeidate,,"1,0,0,3,0,0,0,0,0",practice,ward_and_allport,"1,3,2,0,0,0,0,0,0",89,3.0,1.0,"89,71",1.0,,5386,"1,2,0,3,0,0,0,0,0",5386.0,,20429,0.0,to_hand,poldrack-single-stim,s558
611.0,UA_with_intermeidate,,"1,0,0,3,0,0,2,0,0",practice,ward_and_allport,"1,3,2,0,0,0,0,0,0",82,3.0,1.0,"89,71,82",1.0,,611,"1,2,0,3,0,0,0,0,0",611.0,,21041,0.0,to_board,poldrack-single-stim,s558
497.0,UA_with_intermeidate,,"1,0,0,0,0,0,2,0,0",practice,ward_and_allport,"1,3,2,0,0,0,0,0,0",71,3.0,2.0,"89,71,82",1.0,,497,"1,2,0,3,0,0,0,0,0",497.0,,21539,0.0,to_hand,poldrack-single-stim,s558
541.0,UA_with_intermeidate,,"1,3,0,0,0,0,2,0,0",practice,ward_and_allport,"1,3,2,0,0,0,0,0,0",89,3.0,2.0,"89,71,82",1.0,,541,"1,2,0,3,0,0,0,0,0",541.0,,22082,0.0,to_board,poldrack-single-stim,s558
583.0,UA_with_intermeidate,,"1,3,0,0,0,0,0,0,0",practice,ward_and_allport,"1,3,2,0,0,0,0,0,0",82,3.0,3.0,"89,82",1.0,,583,"1,2,0,3,0,0,0,0,0",583.0,,22666,0.0,to_hand,poldrack-single-stim,s558
412.0,UA_with_intermeidate,,"1,3,2,0,0,0,0,0,0",practice,ward_and_allport,"1,3,2,0,0,0,0,0,0",89,3.0,3.0,"89,71,82",1.0,,412,"1,2,0,3,0,0,0,0,0",412.0,,23079,0.0,to_board,poldrack-single-stim,s558
2100.0,UA_with_intermeidate,True,,practice,ward_and_allport,,-1,3.0,3.0,none,1.0,10140.0,-1,,1000.0,,25181,0.0,feedback,poldrack-single-stim,s558
6815.0,UA_without_intermeidate,,"0,0,0,1,2,0,0,0,0",practice,ward_and_allport,"3,2,1,0,0,0,0,0,0",82,3.0,1.0,"71,82",2.0,,6815,"0,0,0,1,2,0,3,0,0",6815.0,,31998,0.0,to_hand,poldrack-single-stim,s558
438.0,UA_without_intermeidate,,"3,0,0,1,2,0,0,0,0",practice,ward_and_allport,"3,2,1,0,0,0,0,0,0",89,3.0,1.0,"89,71,82",2.0,,438,"0,0,0,1,2,0,3,0,0",438.0,,32438,0.0,to_board,poldrack-single-stim,s558
769.0,UA_without_intermeidate,,"3,0,0,1,0,0,0,0,0",practice,ward_and_allport,"3,2,1,0,0,0,0,0,0",71,3.0,2.0,"89,71",2.0,,769,"0,0,0,1,2,0,3,0,0",769.0,,33210,0.0,to_hand,poldrack-single-stim,s558
417.0,UA_without_intermeidate,,"3,2,0,1,0,0,0,0,0",practice,ward_and_allport,"3,2,1,0,0,0,0,0,0",89,3.0,2.0,"89,71,82",2.0,,417,"0,0,0,1,2,0,3,0,0",417.0,,33627,0.0,to_board,poldrack-single-stim,s558
1276.0,UA_without_intermeidate,,"3,2,0,0,0,0,0,0,0",practice,ward_and_allport,"3,2,1,0,0,0,0,0,0",71,3.0,3.0,"89,71",2.0,,1276,"0,0,0,1,2,0,3,0,0",1276.0,,34904,0.0,to_hand,poldrack-single-stim,s558
281.0,UA_without_intermeidate,,"3,2,1,0,0,0,0,0,0",practice,ward_and_allport,"3,2,1,0,0,0,0,0,0",89,3.0,3.0,"89,71,82",2.0,,281,"0,0,0,1,2,0,3,0,0",281.0,,35186,0.0,to_board,poldrack-single-stim,s558
2200.0,UA_without_intermeidate,True,,practice,ward_and_allport,,-1,3.0,3.0,none,2.0,12209.0,-1,,1000.0,,37390,0.0,feedback,poldrack-single-stim,s558
5570.0,UA_without_intermeidate,,"0,0,0,1,0,0,3,0,0",practice,ward_and_allport,"2,3,1,0,0,0,0,0,0",71,3.0,1.0,"71,82",3.0,,5570,"0,0,0,1,2,0,3,0,0",5570.0,,42962,0.0,to_hand,poldrack-single-stim,s558
588.0,UA_without_intermeidate,,"2,0,0,1,0,0,3,0,0",practice,ward_and_allport,"2,3,1,0,0,0,0,0,0",89,3.0,1.0,"89,71,82",3.0,,588,"0,0,0,1,2,0,3,0,0",588.0,,43551,0.0,to_board,poldrack-single-stim,s558
918.0,UA_without_intermeidate,,"2,0,0,1,0,0,0,0,0",practice,ward_and_allport,"2,3,1,0,0,0,0,0,0",82,3.0,2.0,"89,71,82",3.0,,918,"0,0,0,1,2,0,3,0,0",918.0,,44471,0.0,to_hand,poldrack-single-stim,s558
402.0,UA_without_intermeidate,,"2,3,0,1,0,0,0,0,0",practice,ward_and_allport,"2,3,1,0,0,0,0,0,0",89,3.0,2.0,"89,71,82",3.0,,402,"0,0,0,1,2,0,3,0,0",402.0,,44874,0.0,to_board,poldrack-single-stim,s558
400.0,UA_without_intermeidate,,"2,3,0,0,0,0,0,0,0",practice,ward_and_allport,"2,3,1,0,0,0,0,0,0",71,3.0,3.0,"89,71",3.0,,400,"0,0,0,1,2,0,3,0,0",400.0,,45276,0.0,to_hand,poldrack-single-stim,s558
463.0,UA_without_intermeidate,,"2,3,1,0,0,0,0,0,0",practice,ward_and_allport,"2,3,1,0,0,0,0,0,0",89,3.0,3.0,"89,71,82",3.0,,463,"0,0,0,1,2,0,3,0,0",463.0,,45740,0.0,to_board,poldrack-single-stim,s558
2000.0,UA_without_intermeidate,True,,practice,ward_and_allport,,-1,3.0,3.0,none,3.0,10354.0,-1,,1000.0,,47744,0.0,feedback,poldrack-single-stim,s558
7603.0,PA_with_intermediate,,"1,2,0,0,0,0,0,0,0",test,ward_and_allport,"1,0,0,2,3,0,0,0,0",89,3.0,1.0,89,0.0,,7603,"1,2,3,0,0,0,0,0,0",7603.0,,57351,0.0,to_hand,poldrack-single-stim,s558
580.0,PA_with_intermediate,,"1,2,0,0,0,0,3,0,0",test,ward_and_allport,"1,0,0,2,3,0,0,0,0",82,3.0,1.0,"89,71,82",0.0,,580,"1,2,3,0,0,0,0,0,0",580.0,,57932,0.0,to_board,poldrack-single-stim,s558
1165.0,PA_with_intermediate,,"1,0,0,0,0,0,3,0,0",test,ward_and_allport,"1,0,0,2,3,0,0,0,0",89,3.0,2.0,"89,82",0.0,,1165,"1,2,3,0,0,0,0,0,0",1165.0,,59099,0.0,to_hand,poldrack-single-stim,s558
820.0,PA_with_intermediate,,"1,0,0,2,0,0,3,0,0",test,ward_and_allport,"1,0,0,2,3,0,0,0,0",71,3.0,2.0,"89,71,82",0.0,,820,"1,2,3,0,0,0,0,0,0",820.0,,59919,0.0,to_board,poldrack-single-stim,s558
1716.0,PA_with_intermediate,,"1,0,0,2,0,0,0,0,0",test,ward_and_allport,"1,0,0,2,3,0,0,0,0",82,3.0,3.0,"89,71,82",0.0,,1716,"1,2,3,0,0,0,0,0,0",1716.0,,61638,0.0,to_hand,poldrack-single-stim,s558
405.0,PA_with_intermediate,,"1,0,0,2,3,0,0,0,0",test,ward_and_allport,"1,0,0,2,3,0,0,0,0",71,3.0,3.0,"89,71,82",0.0,,405,"1,2,3,0,0,0,0,0,0",405.0,,62044,0.0,to_board,poldrack-single-stim,s558
3768.0,PA_with_intermediate,True,,test,ward_and_allport,,-1,3.0,3.0,none,0.0,16567.0,-1,,1000.0,,65814,0.0,feedback,poldrack-single-stim,s558
5505.0,PA_with_intermediate,,"1,2,0,0,0,0,0,0,0",test,ward_and_allport,"1,0,0,0,0,0,2,3,0",89,3.0,1.0,89,1.0,,5505,"1,2,3,0,0,0,0,0,0",5505.0,,71321,0.0,to_hand,poldrack-single-stim,s558
619.0,PA_with_intermediate,,"1,2,0,3,0,0,0,0,0",test,ward_and_allport,"1,0,0,0,0,0,2,3,0",71,3.0,1.0,"89,71,82",1.0,,619,"1,2,3,0,0,0,0,0,0",619.0,,71941,0.0,to_board,poldrack-single-stim,s558
864.0,PA_with_intermediate,,"1,0,0,3,0,0,0,0,0",test,ward_and_allport,"1,0,0,0,0,0,2,3,0",89,3.0,2.0,"89,71",1.0,,864,"1,2,3,0,0,0,0,0,0",864.0,,72807,0.0,to_hand,poldrack-single-stim,s558
356.0,PA_with_intermediate,,"1,0,0,3,0,0,2,0,0",test,ward_and_allport,"1,0,0,0,0,0,2,3,0",82,3.0,2.0,"89,71,82",1.0,,356,"1,2,3,0,0,0,0,0,0",356.0,,73164,0.0,to_board,poldrack-single-stim,s558
521.0,PA_with_intermediate,,"1,0,0,0,0,0,2,0,0",test,ward_and_allport,"1,0,0,0,0,0,2,3,0",71,3.0,3.0,"89,71,82",1.0,,521,"1,2,3,0,0,0,0,0,0",521.0,,73688,0.0,to_hand,poldrack-single-stim,s558
442.0,PA_with_intermediate,,"1,0,0,0,0,0,2,3,0",test,ward_and_allport,"1,0,0,0,0,0,2,3,0",82,3.0,3.0,"89,71,82",1.0,,442,"1,2,3,0,0,0,0,0,0",442.0,,74130,0.0,to_board,poldrack-single-stim,s558
2680.0,PA_with_intermediate,True,,test,ward_and_allport,,-1,3.0,3.0,none,1.0,10999.0,-1,,1000.0,,76813,0.0,feedback,poldrack-single-stim,s558
5872.0,PA_without_intermediate,,"0,0,0,0,0,0,1,2,0",test,ward_and_allport,"3,1,0,2,0,0,0,0,0",82,3.0,1.0,82,2.0,,5872,"0,0,0,0,0,0,1,2,3",5872.0,,82687,0.0,to_hand,poldrack-single-stim,s558
570.0,PA_without_intermediate,,"3,0,0,0,0,0,1,2,0",test,ward_and_allport,"3,1,0,2,0,0,0,0,0",89,3.0,1.0,"89,71,82",2.0,,570,"0,0,0,0,0,0,1,2,3",570.0,,83258,0.0,to_board,poldrack-single-stim,s558
2629.0,PA_without_intermediate,,"3,0,0,0,0,0,1,0,0",test,ward_and_allport,"3,1,0,2,0,0,0,0,0",82,3.0,2.0,"89,82",2.0,,2629,"0,0,0,0,0,0,1,2,3",2629.0,,85890,0.0,to_hand,poldrack-single-stim,s558
389.0,PA_without_intermediate,,"3,0,0,2,0,0,1,0,0",test,ward_and_allport,"3,1,0,2,0,0,0,0,0",71,3.0,2.0,"89,71,82",2.0,,389,"0,0,0,0,0,0,1,2,3",389.0,,86280,0.0,to_board,poldrack-single-stim,s558
866.0,PA_without_intermediate,,"3,0,0,2,0,0,0,0,0",test,ward_and_allport,"3,1,0,2,0,0,0,0,0",82,3.0,3.0,"89,71,82",2.0,,866,"0,0,0,0,0,0,1,2,3",866.0,,87149,0.0,to_hand,poldrack-single-stim,s558
446.0,PA_without_intermediate,,"3,1,0,2,0,0,0,0,0",test,ward_and_allport,"3,1,0,2,0,0,0,0,0",89,3.0,3.0,"89,71,82",2.0,,446,"0,0,0,0,0,0,1,2,3",446.0,,87596,0.0,to_board,poldrack-single-stim,s558
3224.0,PA_without_intermediate,True,,test,ward_and_allport,,-1,3.0,3.0,none,2.0,14010.0,-1,,1000.0,,90823,0.0,feedback,poldrack-single-stim,s558
5721.0,PA_without_intermediate,,"1,2,0,0,0,0,0,0,0",test,ward_and_allport,"0,0,0,2,0,0,3,1,0",89,3.0,1.0,89,3.0,,5721,"1,2,3,0,0,0,0,0,0",5721.0,,96547,0.0,to_hand,poldrack-single-stim,s558
594.0,PA_without_intermediate,,"1,2,0,0,0,0,3,0,0",test,ward_and_allport,"0,0,0,2,0,0,3,1,0",82,3.0,1.0,"89,71,82",3.0,,594,"1,2,3,0,0,0,0,0,0",594.0,,97142,0.0,to_board,poldrack-single-stim,s558
681.0,PA_without_intermediate,,"1,0,0,0,0,0,3,0,0",test,ward_and_allport,"0,0,0,2,0,0,3,1,0",89,3.0,2.0,"89,82",3.0,,681,"1,2,3,0,0,0,0,0,0",681.0,,97826,0.0,to_hand,poldrack-single-stim,s558
770.0,PA_without_intermediate,,"1,0,0,2,0,0,3,0,0",test,ward_and_allport,"0,0,0,2,0,0,3,1,0",71,3.0,2.0,"89,71,82",3.0,,770,"1,2,3,0,0,0,0,0,0",770.0,,98597,0.0,to_board,poldrack-single-stim,s558
849.0,PA_without_intermediate,,"0,0,0,2,0,0,3,0,0",test,ward_and_allport,"0,0,0,2,0,0,3,1,0",89,3.0,3.0,"89,71,82",3.0,,849,"1,2,3,0,0,0,0,0,0",849.0,,99448,0.0,to_hand,poldrack-single-stim,s558
392.0,PA_without_intermediate,,"0,0,0,2,0,0,3,1,0",test,ward_and_allport,"0,0,0,2,0,0,3,1,0",82,3.0,3.0,"89,71,82",3.0,,392,"1,2,3,0,0,0,0,0,0",392.0,,99841,0.0,to_board,poldrack-single-stim,s558
3360.0,PA_without_intermediate,True,,test,ward_and_allport,,-1,3.0,3.0,none,3.0,12382.0,-1,,1000.0,,103204,0.0,feedback,poldrack-single-stim,s558
5862.0,PA_without_intermediate,,"1,2,0,0,0,0,0,0,0",test,ward_and_allport,"0,0,0,3,1,0,2,0,0",89,3.0,1.0,89,4.0,,5862,"1,2,3,0,0,0,0,0,0",5862.0,,109069,0.0,to_hand,poldrack-single-stim,s558
506.0,PA_without_intermediate,,"1,2,0,3,0,0,0,0,0",test,ward_and_allport,"0,0,0,3,1,0,2,0,0",71,3.0,1.0,"89,71,82",4.0,,506,"1,2,3,0,0,0,0,0,0",506.0,,109575,0.0,to_board,poldrack-single-stim,s558
1005.0,PA_without_intermediate,,"1,0,0,3,0,0,0,0,0",test,ward_and_allport,"0,0,0,3,1,0,2,0,0",89,3.0,2.0,"89,71",4.0,,1005,"1,2,3,0,0,0,0,0,0",1005.0,,110583,0.0,to_hand,poldrack-single-stim,s558
367.0,PA_without_intermediate,,"1,0,0,3,0,0,2,0,0",test,ward_and_allport,"0,0,0,3,1,0,2,0,0",82,3.0,2.0,"89,71,82",4.0,,367,"1,2,3,0,0,0,0,0,0",367.0,,110950,0.0,to_board,poldrack-single-stim,s558
439.0,PA_without_intermediate,,"0,0,0,3,0,0,2,0,0",test,ward_and_allport,"0,0,0,3,1,0,2,0,0",89,3.0,3.0,"89,71,82",4.0,,439,"1,2,3,0,0,0,0,0,0",439.0,,111391,0.0,to_hand,poldrack-single-stim,s558
341.0,PA_without_intermediate,,"0,0,0,3,1,0,2,0,0",test,ward_and_allport,"0,0,0,3,1,0,2,0,0",71,3.0,3.0,"89,71,82",4.0,,341,"1,2,3,0,0,0,0,0,0",341.0,,111733,0.0,to_board,poldrack-single-stim,s558
2000.0,PA_without_intermediate,True,,test,ward_and_allport,,-1,3.0,3.0,none,4.0,10532.0,-1,,1000.0,,113737,0.0,feedback,poldrack-single-stim,s558
4203.0,PA_without_intermediate,,"1,2,0,0,0,0,0,0,0",test,ward_and_allport,"0,0,0,3,1,0,2,0,0",89,3.0,1.0,89,5.0,,4203,"1,2,3,0,0,0,0,0,0",4203.0,,117943,0.0,to_hand,poldrack-single-stim,s558
470.0,PA_without_intermediate,,"1,2,0,3,0,0,0,0,0",test,ward_and_allport,"0,0,0,3,1,0,2,0,0",71,3.0,1.0,"89,71,82",5.0,,470,"1,2,3,0,0,0,0,0,0",470.0,,118414,0.0,to_board,poldrack-single-stim,s558
386.0,PA_without_intermediate,,"1,0,0,3,0,0,0,0,0",test,ward_and_allport,"0,0,0,3,1,0,2,0,0",89,3.0,2.0,"89,71",5.0,,386,"1,2,3,0,0,0,0,0,0",386.0,,118804,0.0,to_hand,poldrack-single-stim,s558
502.0,PA_without_intermediate,,"1,0,0,3,0,0,2,0,0",test,ward_and_allport,"0,0,0,3,1,0,2,0,0",82,3.0,2.0,"89,71,82",5.0,,502,"1,2,3,0,0,0,0,0,0",502.0,,119307,0.0,to_board,poldrack-single-stim,s558
378.0,PA_without_intermediate,,"0,0,0,3,0,0,2,0,0",test,ward_and_allport,"0,0,0,3,1,0,2,0,0",89,3.0,3.0,"89,71,82",5.0,,378,"1,2,3,0,0,0,0,0,0",378.0,,119688,0.0,to_hand,poldrack-single-stim,s558
322.0,PA_without_intermediate,,"0,0,0,3,1,0,2,0,0",test,ward_and_allport,"0,0,0,3,1,0,2,0,0",71,3.0,3.0,"89,71,82",5.0,,322,"1,2,3,0,0,0,0,0,0",322.0,,120012,0.0,to_board,poldrack-single-stim,s558
2408.0,PA_without_intermediate,True,,test,ward_and_allport,,-1,3.0,3.0,none,5.0,8687.0,-1,,1000.0,,122424,0.0,feedback,poldrack-single-stim,s558
6178.0,PA_with_intermediate,,"0,0,0,0,0,0,1,2,0",test,ward_and_allport,"0,0,0,2,3,0,1,0,0",82,3.0,1.0,82,6.0,,6178,"0,0,0,0,0,0,1,2,3",6178.0,,128605,0.0,to_hand,poldrack-single-stim,s558
475.0,PA_with_intermediate,,"3,0,0,0,0,0,1,2,0",test,ward_and_allport,"0,0,0,2,3,0,1,0,0",89,3.0,1.0,"89,71,82",6.0,,475,"0,0,0,0,0,0,1,2,3",475.0,,129081,0.0,to_board,poldrack-single-stim,s558
878.0,PA_with_intermediate,,"3,0,0,0,0,0,1,0,0",test,ward_and_allport,"0,0,0,2,3,0,1,0,0",82,3.0,2.0,"89,82",6.0,,878,"0,0,0,0,0,0,1,2,3",878.0,,129963,0.0,to_hand,poldrack-single-stim,s558
308.0,PA_with_intermediate,,"3,0,0,2,0,0,1,0,0",test,ward_and_allport,"0,0,0,2,3,0,1,0,0",71,3.0,2.0,"89,71,82",6.0,,308,"0,0,0,0,0,0,1,2,3",308.0,,130272,0.0,to_board,poldrack-single-stim,s558
405.0,PA_with_intermediate,,"0,0,0,2,0,0,1,0,0",test,ward_and_allport,"0,0,0,2,3,0,1,0,0",89,3.0,3.0,"89,71,82",6.0,,405,"0,0,0,0,0,0,1,2,3",405.0,,130680,0.0,to_hand,poldrack-single-stim,s558
204.0,PA_with_intermediate,,"0,0,0,2,3,0,1,0,0",test,ward_and_allport,"0,0,0,2,3,0,1,0,0",71,3.0,3.0,"89,71,82",6.0,,204,"0,0,0,0,0,0,1,2,3",204.0,,130885,0.0,to_board,poldrack-single-stim,s558
2136.0,PA_with_intermediate,True,,test,ward_and_allport,,-1,3.0,3.0,none,6.0,10602.0,-1,,1000.0,,133026,0.0,feedback,poldrack-single-stim,s558
7139.0,PA_without_intermediate,,"0,0,0,0,0,0,1,2,0",test,ward_and_allport,"3,2,0,1,0,0,0,0,0",82,3.0,1.0,82,7.0,,7139,"0,0,0,0,0,0,1,2,3",7139.0,,140169,0.0,to_hand,poldrack-single-stim,s558
331.0,PA_without_intermediate,,"3,0,0,0,0,0,1,2,0",test,ward_and_allport,"3,2,0,1,0,0,0,0,0",89,3.0,1.0,"89,71,82",7.0,,331,"0,0,0,0,0,0,1,2,3",331.0,,140501,0.0,to_board,poldrack-single-stim,s558
2044.0,PA_without_intermediate,,"3,0,0,0,0,0,1,0,0",test,ward_and_allport,"3,2,0,1,0,0,0,0,0",82,3.0,2.0,"89,82",7.0,,2044,"0,0,0,0,0,0,1,2,3",2044.0,,142549,0.0,to_hand,poldrack-single-stim,s558
257.0,PA_without_intermediate,,"3,2,0,0,0,0,1,0,0",test,ward_and_allport,"3,2,0,1,0,0,0,0,0",89,3.0,2.0,"89,71,82",7.0,,257,"0,0,0,0,0,0,1,2,3",257.0,,142807,0.0,to_board,poldrack-single-stim,s558
1347.0,PA_without_intermediate,,"3,2,0,0,0,0,0,0,0",test,ward_and_allport,"3,2,0,1,0,0,0,0,0",82,3.0,3.0,"89,82",7.0,,1347,"0,0,0,0,0,0,1,2,3",1347.0,,144158,0.0,to_hand,poldrack-single-stim,s558
246.0,PA_without_intermediate,,"3,2,0,1,0,0,0,0,0",test,ward_and_allport,"3,2,0,1,0,0,0,0,0",71,3.0,3.0,"89,71,82",7.0,,246,"0,0,0,0,0,0,1,2,3",246.0,,144405,0.0,to_board,poldrack-single-stim,s558
5128.0,PA_without_intermediate,True,,test,ward_and_allport,,-1,3.0,3.0,none,7.0,16511.0,-1,,1000.0,,149537,0.0,feedback,poldrack-single-stim,s558
5456.0,PA_without_intermediate,,"0,0,0,1,2,0,0,0,0",test,ward_and_allport,"1,0,0,0,0,0,3,2,0",71,3.0,1.0,71,8.0,,5456,"0,0,0,1,2,3,0,0,0",5456.0,,154997,0.0,to_hand,poldrack-single-stim,s558
427.0,PA_without_intermediate,,"0,0,0,1,2,0,3,0,0",test,ward_and_allport,"1,0,0,0,0,0,3,2,0",82,3.0,1.0,"89,71,82",8.0,,427,"0,0,0,1,2,3,0,0,0",427.0,,155425,0.0,to_board,poldrack-single-stim,s558
465.0,PA_without_intermediate,,"0,0,0,1,0,0,3,0,0",test,ward_and_allport,"1,0,0,0,0,0,3,2,0",71,3.0,2.0,"71,82",8.0,,465,"0,0,0,1,2,3,0,0,0",465.0,,155893,0.0,to_hand,poldrack-single-stim,s558
371.0,PA_without_intermediate,,"0,0,0,1,0,0,3,2,0",test,ward_and_allport,"1,0,0,0,0,0,3,2,0",82,3.0,2.0,"89,71,82",8.0,,371,"0,0,0,1,2,3,0,0,0",371.0,,156265,0.0,to_board,poldrack-single-stim,s558
1029.0,PA_without_intermediate,,"0,0,0,0,0,0,3,2,0",test,ward_and_allport,"1,0,0,0,0,0,3,2,0",71,3.0,3.0,"71,82",8.0,,1029,"0,0,0,1,2,3,0,0,0",1029.0,,157298,0.0,to_hand,poldrack-single-stim,s558
256.0,PA_without_intermediate,,"1,0,0,0,0,0,3,2,0",test,ward_and_allport,"1,0,0,0,0,0,3,2,0",89,3.0,3.0,"89,71,82",8.0,,256,"0,0,0,1,2,3,0,0,0",256.0,,157555,0.0,to_board,poldrack-single-stim,s558
2136.0,PA_without_intermediate,True,,test,ward_and_allport,,-1,3.0,3.0,none,8.0,10158.0,-1,,1000.0,,159695,0.0,feedback,poldrack-single-stim,s558
5924.0,PA_without_intermediate,,"0,0,0,1,2,0,0,0,0",test,ward_and_allport,"2,0,0,0,0,0,3,1,0",71,3.0,1.0,71,9.0,,5924,"0,0,0,1,2,3,0,0,0",5924.0,,165622,0.0,to_hand,poldrack-single-stim,s558
377.0,PA_without_intermediate,,"0,0,0,1,2,0,3,0,0",test,ward_and_allport,"2,0,0,0,0,0,3,1,0",82,3.0,1.0,"89,71,82",9.0,,377,"0,0,0,1,2,3,0,0,0",377.0,,166000,0.0,to_board,poldrack-single-stim,s558
637.0,PA_without_intermediate,,"0,0,0,1,0,0,3,0,0",test,ward_and_allport,"2,0,0,0,0,0,3,1,0",71,3.0,2.0,"71,82",9.0,,637,"0,0,0,1,2,3,0,0,0",637.0,,166640,0.0,to_hand,poldrack-single-stim,s558
319.0,PA_without_intermediate,,"2,0,0,1,0,0,3,0,0",test,ward_and_allport,"2,0,0,0,0,0,3,1,0",89,3.0,2.0,"89,71,82",9.0,,319,"0,0,0,1,2,3,0,0,0",319.0,,166960,0.0,to_board,poldrack-single-stim,s558
331.0,PA_without_intermediate,,"2,0,0,0,0,0,3,0,0",test,ward_and_allport,"2,0,0,0,0,0,3,1,0",71,3.0,3.0,"89,71,82",9.0,,331,"0,0,0,1,2,3,0,0,0",331.0,,167295,0.0,to_hand,poldrack-single-stim,s558
433.0,PA_without_intermediate,,"2,0,0,0,0,0,3,1,0",test,ward_and_allport,"2,0,0,0,0,0,3,1,0",82,3.0,3.0,"89,71,82",9.0,,433,"0,0,0,1,2,3,0,0,0",433.0,,167728,0.0,to_board,poldrack-single-stim,s558
5264.0,PA_without_intermediate,True,,test,ward_and_allport,,-1,3.0,3.0,none,9.0,13302.0,-1,,1000.0,,172997,0.0,feedback,poldrack-single-stim,s558
10441.0,PA_with_intermediate,,"1,2,0,0,0,0,0,0,0",test,ward_and_allport,"1,3,0,0,0,0,2,0,0",89,3.0,1.0,89,10.0,,10441,"1,2,3,0,0,0,0,0,0",10441.0,,183441,0.0,to_hand,poldrack-single-stim,s558
209.0,PA_with_intermediate,,"1,2,0,3,0,0,0,0,0",test,ward_and_allport,"1,3,0,0,0,0,2,0,0",71,3.0,1.0,"89,71,82",10.0,,209,"1,2,3,0,0,0,0,0,0",209.0,,183651,0.0,to_board,poldrack-single-stim,s558
330.0,PA_with_intermediate,,"1,0,0,3,0,0,0,0,0",test,ward_and_allport,"1,3,0,0,0,0,2,0,0",89,3.0,2.0,"89,71",10.0,,330,"1,2,3,0,0,0,0,0,0",330.0,,183986,0.0,to_hand,poldrack-single-stim,s558
383.0,PA_with_intermediate,,"1,0,0,3,0,0,2,0,0",test,ward_and_allport,"1,3,0,0,0,0,2,0,0",82,3.0,2.0,"89,71,82",10.0,,383,"1,2,3,0,0,0,0,0,0",383.0,,184370,0.0,to_board,poldrack-single-stim,s558
456.0,PA_with_intermediate,,"1,0,0,0,0,0,2,0,0",test,ward_and_allport,"1,3,0,0,0,0,2,0,0",71,3.0,3.0,"89,71,82",10.0,,456,"1,2,3,0,0,0,0,0,0",456.0,,184830,0.0,to_hand,poldrack-single-stim,s558
227.0,PA_with_intermediate,,"1,3,0,0,0,0,2,0,0",test,ward_and_allport,"1,3,0,0,0,0,2,0,0",89,3.0,3.0,"89,71,82",10.0,,227,"1,2,3,0,0,0,0,0,0",227.0,,185057,0.0,to_board,poldrack-single-stim,s558
4040.0,PA_with_intermediate,True,,test,ward_and_allport,,-1,3.0,3.0,none,10.0,16106.0,-1,,1000.0,,189103,0.0,feedback,poldrack-single-stim,s558
4584.0,PA_with_intermediate,,"0,0,0,0,0,0,1,2,0",test,ward_and_allport,"0,0,0,2,3,0,1,0,0",82,3.0,1.0,82,11.0,,4584,"0,0,0,0,0,0,1,2,3",4584.0,,193690,0.0,to_hand,poldrack-single-stim,s558
239.0,PA_with_intermediate,,"3,0,0,0,0,0,1,2,0",test,ward_and_allport,"0,0,0,2,3,0,1,0,0",89,3.0,1.0,"89,71,82",11.0,,239,"0,0,0,0,0,0,1,2,3",239.0,,193931,0.0,to_board,poldrack-single-stim,s558
324.0,PA_with_intermediate,,"3,0,0,0,0,0,1,0,0",test,ward_and_allport,"0,0,0,2,3,0,1,0,0",82,3.0,2.0,"89,82",11.0,,324,"0,0,0,0,0,0,1,2,3",324.0,,194262,0.0,to_hand,poldrack-single-stim,s558
335.0,PA_with_intermediate,,"3,0,0,2,0,0,1,0,0",test,ward_and_allport,"0,0,0,2,3,0,1,0,0",71,3.0,2.0,"89,71,82",11.0,,335,"0,0,0,0,0,0,1,2,3",335.0,,194597,0.0,to_board,poldrack-single-stim,s558
370.0,PA_with_intermediate,,"0,0,0,2,0,0,1,0,0",test,ward_and_allport,"0,0,0,2,3,0,1,0,0",89,3.0,3.0,"89,71,82",11.0,,370,"0,0,0,0,0,0,1,2,3",370.0,,194972,0.0,to_hand,poldrack-single-stim,s558
217.0,PA_with_intermediate,,"0,0,0,2,3,0,1,0,0",test,ward_and_allport,"0,0,0,2,3,0,1,0,0",71,3.0,3.0,"89,71,82",11.0,,217,"0,0,0,0,0,0,1,2,3",217.0,,195190,0.0,to_board,poldrack-single-stim,s558
2136.0,PA_with_intermediate,True,,test,ward_and_allport,,-1,3.0,3.0,none,11.0,8228.0,-1,,1000.0,,197331,0.0,feedback,poldrack-single-stim,s558
5157.0,PA_with_intermediate,,"0,0,0,1,2,0,0,0,0",test,ward_and_allport,"0,0,0,1,0,0,2,3,0",71,3.0,1.0,71,12.0,,5157,"0,0,0,1,2,3,0,0,0",5157.0,,202494,0.0,to_hand,poldrack-single-stim,s558
297.0,PA_with_intermediate,,"3,0,0,1,2,0,0,0,0",test,ward_and_allport,"0,0,0,1,0,0,2,3,0",89,3.0,1.0,"89,71,82",12.0,,297,"0,0,0,1,2,3,0,0,0",297.0,,202792,0.0,to_board,poldrack-single-stim,s558
484.0,PA_with_intermediate,,"3,0,0,1,0,0,0,0,0",test,ward_and_allport,"0,0,0,1,0,0,2,3,0",71,3.0,2.0,"89,71",12.0,,484,"0,0,0,1,2,3,0,0,0",484.0,,203280,0.0,to_hand,poldrack-single-stim,s558
316.0,PA_with_intermediate,,"3,0,0,1,0,0,2,0,0",test,ward_and_allport,"0,0,0,1,0,0,2,3,0",82,3.0,2.0,"89,71,82",12.0,,316,"0,0,0,1,2,3,0,0,0",316.0,,203597,0.0,to_board,poldrack-single-stim,s558
315.0,PA_with_intermediate,,"0,0,0,1,0,0,2,0,0",test,ward_and_allport,"0,0,0,1,0,0,2,3,0",89,3.0,3.0,"89,71,82",12.0,,315,"0,0,0,1,2,3,0,0,0",315.0,,203916,0.0,to_hand,poldrack-single-stim,s558
251.0,PA_with_intermediate,,"0,0,0,1,0,0,2,3,0",test,ward_and_allport,"0,0,0,1,0,0,2,3,0",82,3.0,3.0,"89,71,82",12.0,,251,"0,0,0,1,2,3,0,0,0",251.0,,204168,0.0,to_board,poldrack-single-stim,s558
2408.0,PA_with_intermediate,True,,test,ward_and_allport,,-1,3.0,3.0,none,12.0,9251.0,-1,,1000.0,,206582,0.0,feedback,poldrack-single-stim,s558
3790.0,PA_without_intermediate,,"0,0,0,0,0,0,1,2,0",test,ward_and_allport,"3,2,0,1,0,0,0,0,0",82,3.0,1.0,82,13.0,,3790,"0,0,0,0,0,0,1,2,3",3790.0,,210376,0.0,to_hand,poldrack-single-stim,s558
528.0,PA_without_intermediate,,"3,0,0,0,0,0,1,2,0",test,ward_and_allport,"3,2,0,1,0,0,0,0,0",89,3.0,1.0,"89,71,82",13.0,,528,"0,0,0,0,0,0,1,2,3",528.0,,210905,0.0,to_board,poldrack-single-stim,s558
874.0,PA_without_intermediate,,"3,0,0,0,0,0,1,0,0",test,ward_and_allport,"3,2,0,1,0,0,0,0,0",82,3.0,2.0,"89,82",13.0,,874,"0,0,0,0,0,0,1,2,3",874.0,,211784,0.0,to_hand,poldrack-single-stim,s558
168.0,PA_without_intermediate,,"3,2,0,0,0,0,1,0,0",test,ward_and_allport,"3,2,0,1,0,0,0,0,0",89,3.0,2.0,"89,71,82",13.0,,168,"0,0,0,0,0,0,1,2,3",168.0,,211954,0.0,to_board,poldrack-single-stim,s558
1048.0,PA_without_intermediate,,"3,2,0,0,0,0,0,0,0",test,ward_and_allport,"3,2,0,1,0,0,0,0,0",82,3.0,3.0,"89,82",13.0,,1048,"0,0,0,0,0,0,1,2,3",1048.0,,213006,0.0,to_hand,poldrack-single-stim,s558
153.0,PA_without_intermediate,,"3,2,0,1,0,0,0,0,0",test,ward_and_allport,"3,2,0,1,0,0,0,0,0",71,3.0,3.0,"89,71,82",13.0,,153,"0,0,0,0,0,0,1,2,3",153.0,,213161,0.0,to_board,poldrack-single-stim,s558
2680.0,PA_without_intermediate,True,,test,ward_and_allport,,-1,3.0,3.0,none,13.0,9264.0,-1,,1000.0,,215846,0.0,feedback,poldrack-single-stim,s558
4383.0,PA_with_intermediate,,"0,0,0,0,0,0,1,2,0",test,ward_and_allport,"2,3,0,0,0,0,1,0,0",82,3.0,1.0,82,14.0,,4383,"0,0,0,0,0,0,1,2,3",4383.0,,220233,0.0,to_hand,poldrack-single-stim,s558
203.0,PA_with_intermediate,,"0,0,0,3,0,0,1,2,0",test,ward_and_allport,"2,3,0,0,0,0,1,0,0",71,3.0,1.0,"89,71,82",14.0,,203,"0,0,0,0,0,0,1,2,3",203.0,,220437,0.0,to_board,poldrack-single-stim,s558
395.0,PA_with_intermediate,,"0,0,0,3,0,0,1,0,0",test,ward_and_allport,"2,3,0,0,0,0,1,0,0",82,3.0,2.0,"71,82",14.0,,395,"0,0,0,0,0,0,1,2,3",395.0,,220836,0.0,to_hand,poldrack-single-stim,s558
475.0,PA_with_intermediate,,"2,0,0,3,0,0,1,0,0",test,ward_and_allport,"2,3,0,0,0,0,1,0,0",89,3.0,2.0,"89,71,82",14.0,,475,"0,0,0,0,0,0,1,2,3",475.0,,221313,0.0,to_board,poldrack-single-stim,s558
2040.0,PA_with_intermediate,,"2,0,0,0,0,0,1,0,0",test,ward_and_allport,"2,3,0,0,0,0,1,0,0",71,3.0,3.0,"89,71,82",14.0,,2040,"0,0,0,0,0,0,1,2,3",2040.0,,223357,0.0,to_hand,poldrack-single-stim,s558
180.0,PA_with_intermediate,,"2,3,0,0,0,0,1,0,0",test,ward_and_allport,"2,3,0,0,0,0,1,0,0",89,3.0,3.0,"89,71,82",14.0,,180,"0,0,0,0,0,0,1,2,3",180.0,,223538,0.0,to_board,poldrack-single-stim,s558
4720.0,PA_with_intermediate,True,,test,ward_and_allport,,-1,3.0,3.0,none,14.0,12417.0,-1,,1000.0,,228263,0.0,feedback,poldrack-single-stim,s558
3433.0,PA_without_intermediate,,"0,0,0,1,2,0,0,0,0",test,ward_and_allport,"3,1,0,0,0,0,2,0,0",71,3.0,1.0,71,15.0,,3433,"0,0,0,1,2,3,0,0,0",3433.0,,236701,0.0,to_hand,poldrack-single-stim,s558
256.0,PA_without_intermediate,,"3,0,0,1,2,0,0,0,0",test,ward_and_allport,"3,1,0,0,0,0,2,0,0",89,3.0,1.0,"89,71,82",15.0,,256,"0,0,0,1,2,3,0,0,0",256.0,,236957,0.0,to_board,poldrack-single-stim,s558
769.0,PA_without_intermediate,,"3,0,0,1,0,0,0,0,0",test,ward_and_allport,"3,1,0,0,0,0,2,0,0",71,3.0,2.0,"89,71",15.0,,769,"0,0,0,1,2,3,0,0,0",769.0,,237730,0.0,to_hand,poldrack-single-stim,s558
282.0,PA_without_intermediate,,"3,0,0,1,0,0,2,0,0",test,ward_and_allport,"3,1,0,0,0,0,2,0,0",82,3.0,2.0,"89,71,82",15.0,,282,"0,0,0,1,2,3,0,0,0",282.0,,238013,0.0,to_board,poldrack-single-stim,s558
386.0,PA_without_intermediate,,"3,0,0,0,0,0,2,0,0",test,ward_and_allport,"3,1,0,0,0,0,2,0,0",71,3.0,3.0,"89,71,82",15.0,,386,"0,0,0,1,2,3,0,0,0",386.0,,238404,0.0,to_hand,poldrack-single-stim,s558
207.0,PA_without_intermediate,,"3,1,0,0,0,0,2,0,0",test,ward_and_allport,"3,1,0,0,0,0,2,0,0",89,3.0,3.0,"89,71,82",15.0,,207,"0,0,0,1,2,3,0,0,0",207.0,,238612,0.0,to_board,poldrack-single-stim,s558
3224.0,PA_without_intermediate,True,,test,ward_and_allport,,-1,3.0,3.0,none,15.0,13579.0,-1,,1000.0,,241842,0.0,feedback,poldrack-single-stim,s558
3217.0,PA_without_intermediate,,"0,0,0,1,2,0,0,0,0",test,ward_and_allport,"1,0,0,0,0,0,3,2,0",71,3.0,1.0,71,16.0,,3217,"0,0,0,1,2,3,0,0,0",3217.0,,245063,0.0,to_hand,poldrack-single-stim,s558
239.0,PA_without_intermediate,,"0,0,0,1,2,0,3,0,0",test,ward_and_allport,"1,0,0,0,0,0,3,2,0",82,3.0,1.0,"89,71,82",16.0,,239,"0,0,0,1,2,3,0,0,0",239.0,,245302,0.0,to_board,poldrack-single-stim,s558
250.0,PA_without_intermediate,,"0,0,0,1,0,0,3,0,0",test,ward_and_allport,"1,0,0,0,0,0,3,2,0",71,3.0,2.0,"71,82",16.0,,250,"0,0,0,1,2,3,0,0,0",250.0,,245556,0.0,to_hand,poldrack-single-stim,s558
263.0,PA_without_intermediate,,"0,0,0,1,0,0,3,2,0",test,ward_and_allport,"1,0,0,0,0,0,3,2,0",82,3.0,2.0,"89,71,82",16.0,,263,"0,0,0,1,2,3,0,0,0",263.0,,245820,0.0,to_board,poldrack-single-stim,s558
544.0,PA_without_intermediate,,"0,0,0,0,0,0,3,2,0",test,ward_and_allport,"1,0,0,0,0,0,3,2,0",71,3.0,3.0,"71,82",16.0,,544,"0,0,0,1,2,3,0,0,0",544.0,,246369,0.0,to_hand,poldrack-single-stim,s558
164.0,PA_without_intermediate,,"1,0,0,0,0,0,3,2,0",test,ward_and_allport,"1,0,0,0,0,0,3,2,0",89,3.0,3.0,"89,71,82",16.0,,164,"0,0,0,1,2,3,0,0,0",164.0,,246533,0.0,to_board,poldrack-single-stim,s558
2272.0,PA_without_intermediate,True,,test,ward_and_allport,,-1,3.0,3.0,none,16.0,6970.0,-1,,1000.0,,248811,0.0,feedback,poldrack-single-stim,s558
4666.0,PA_with_intermediate,,"1,2,0,0,0,0,0,0,0",test,ward_and_allport,"1,0,0,0,0,0,2,3,0",89,3.0,1.0,89,17.0,,4666,"1,2,3,0,0,0,0,0,0",4666.0,,253481,0.0,to_hand,poldrack-single-stim,s558
212.0,PA_with_intermediate,,"1,2,0,3,0,0,0,0,0",test,ward_and_allport,"1,0,0,0,0,0,2,3,0",71,3.0,1.0,"89,71,82",17.0,,212,"1,2,3,0,0,0,0,0,0",212.0,,253694,0.0,to_board,poldrack-single-stim,s558
264.0,PA_with_intermediate,,"1,0,0,3,0,0,0,0,0",test,ward_and_allport,"1,0,0,0,0,0,2,3,0",89,3.0,2.0,"89,71",17.0,,264,"1,2,3,0,0,0,0,0,0",264.0,,253962,0.0,to_hand,poldrack-single-stim,s558
277.0,PA_with_intermediate,,"1,0,0,3,0,0,2,0,0",test,ward_and_allport,"1,0,0,0,0,0,2,3,0",82,3.0,2.0,"89,71,82",17.0,,277,"1,2,3,0,0,0,0,0,0",277.0,,254241,0.0,to_board,poldrack-single-stim,s558
351.0,PA_with_intermediate,,"1,0,0,0,0,0,2,0,0",test,ward_and_allport,"1,0,0,0,0,0,2,3,0",71,3.0,3.0,"89,71,82",17.0,,351,"1,2,3,0,0,0,0,0,0",351.0,,254596,0.0,to_hand,poldrack-single-stim,s558
220.0,PA_with_intermediate,,"1,0,0,0,0,0,2,3,0",test,ward_and_allport,"1,0,0,0,0,0,2,3,0",82,3.0,3.0,"89,71,82",17.0,,220,"1,2,3,0,0,0,0,0,0",220.0,,254818,0.0,to_board,poldrack-single-stim,s558
3632.0,PA_with_intermediate,True,,test,ward_and_allport,,-1,3.0,3.0,none,17.0,9644.0,-1,,1000.0,,258456,0.0,feedback,poldrack-single-stim,s558
3299.0,PA_without_intermediate,,"0,0,0,0,0,0,1,2,0",test,ward_and_allport,"1,0,0,3,2,0,0,0,0",82,3.0,1.0,82,18.0,,3299,"0,0,0,0,0,0,1,2,3",3299.0,,261758,0.0,to_hand,poldrack-single-stim,s558
571.0,PA_without_intermediate,,"0,0,0,3,0,0,1,2,0",test,ward_and_allport,"1,0,0,3,2,0,0,0,0",71,3.0,1.0,"89,71,82",18.0,,571,"0,0,0,0,0,0,1,2,3",571.0,,262330,0.0,to_board,poldrack-single-stim,s558
1296.0,PA_without_intermediate,,"0,0,0,3,0,0,1,0,0",test,ward_and_allport,"1,0,0,3,2,0,0,0,0",82,3.0,2.0,"71,82",18.0,,1296,"0,0,0,0,0,0,1,2,3",1296.0,,263631,0.0,to_hand,poldrack-single-stim,s558
228.0,PA_without_intermediate,,"0,0,0,3,2,0,1,0,0",test,ward_and_allport,"1,0,0,3,2,0,0,0,0",71,3.0,2.0,"89,71,82",18.0,,228,"0,0,0,0,0,0,1,2,3",228.0,,263859,0.0,to_board,poldrack-single-stim,s558
926.0,PA_without_intermediate,,"0,0,0,3,2,0,0,0,0",test,ward_and_allport,"1,0,0,3,2,0,0,0,0",82,3.0,3.0,"71,82",18.0,,926,"0,0,0,0,0,0,1,2,3",926.0,,264790,0.0,to_hand,poldrack-single-stim,s558
187.0,PA_without_intermediate,,"1,0,0,3,2,0,0,0,0",test,ward_and_allport,"1,0,0,3,2,0,0,0,0",89,3.0,3.0,"89,71,82",18.0,,187,"0,0,0,0,0,0,1,2,3",187.0,,264978,0.0,to_board,poldrack-single-stim,s558
2408.0,PA_without_intermediate,True,,test,ward_and_allport,,-1,3.0,3.0,none,18.0,8936.0,-1,,1000.0,,267392,0.0,feedback,poldrack-single-stim,s558
4605.0,PA_without_intermediate,,"0,0,0,0,0,0,1,2,0",test,ward_and_allport,"3,1,0,2,0,0,0,0,0",82,3.0,1.0,82,19.0,,4605,"0,0,0,0,0,0,1,2,3",4605.0,,272002,0.0,to_hand,poldrack-single-stim,s558
202.0,PA_without_intermediate,,"3,0,0,0,0,0,1,2,0",test,ward_and_allport,"3,1,0,2,0,0,0,0,0",89,3.0,1.0,"89,71,82",19.0,,202,"0,0,0,0,0,0,1,2,3",202.0,,272205,0.0,to_board,poldrack-single-stim,s558
847.0,PA_without_intermediate,,"3,0,0,0,0,0,1,0,0",test,ward_and_allport,"3,1,0,2,0,0,0,0,0",82,3.0,2.0,"89,82",19.0,,847,"0,0,0,0,0,0,1,2,3",847.0,,273057,0.0,to_hand,poldrack-single-stim,s558
402.0,PA_without_intermediate,,"3,0,0,2,0,0,1,0,0",test,ward_and_allport,"3,1,0,2,0,0,0,0,0",71,3.0,2.0,"89,71,82",19.0,,402,"0,0,0,0,0,0,1,2,3",402.0,,273460,0.0,to_board,poldrack-single-stim,s558
840.0,PA_without_intermediate,,"3,0,0,2,0,0,0,0,0",test,ward_and_allport,"3,1,0,2,0,0,0,0,0",82,3.0,3.0,"89,71,82",19.0,,840,"0,0,0,0,0,0,1,2,3",840.0,,274305,0.0,to_hand,poldrack-single-stim,s558
296.0,PA_without_intermediate,,"3,1,0,2,0,0,0,0,0",test,ward_and_allport,"3,1,0,2,0,0,0,0,0",89,3.0,3.0,"89,71,82",19.0,,296,"0,0,0,0,0,0,1,2,3",296.0,,274601,0.0,to_board,poldrack-single-stim,s558
2000.0,PA_without_intermediate,True,,test,ward_and_allport,,-1,3.0,3.0,none,19.0,9215.0,-1,,1000.0,,276607,0.0,feedback,poldrack-single-stim,s558
5830.0,PA_with_intermediate,,"1,2,0,0,0,0,0,0,0",test,ward_and_allport,"1,3,0,2,0,0,0,0,0",89,3.0,1.0,89,20.0,,5830,"1,2,3,0,0,0,0,0,0",5830.0,,282442,0.0,to_hand,poldrack-single-stim,s558
265.0,PA_with_intermediate,,"1,2,0,0,0,0,3,0,0",test,ward_and_allport,"1,3,0,2,0,0,0,0,0",82,3.0,1.0,"89,71,82",20.0,,265,"1,2,3,0,0,0,0,0,0",265.0,,282708,0.0,to_board,poldrack-single-stim,s558
261.0,PA_with_intermediate,,"1,0,0,0,0,0,3,0,0",test,ward_and_allport,"1,3,0,2,0,0,0,0,0",89,3.0,2.0,"89,82",20.0,,261,"1,2,3,0,0,0,0,0,0",261.0,,282974,0.0,to_hand,poldrack-single-stim,s558
256.0,PA_with_intermediate,,"1,0,0,2,0,0,3,0,0",test,ward_and_allport,"1,3,0,2,0,0,0,0,0",71,3.0,2.0,"89,71,82",20.0,,256,"1,2,3,0,0,0,0,0,0",256.0,,283231,0.0,to_board,poldrack-single-stim,s558
584.0,PA_with_intermediate,,"1,0,0,2,0,0,0,0,0",test,ward_and_allport,"1,3,0,2,0,0,0,0,0",82,3.0,3.0,"89,71,82",20.0,,584,"1,2,3,0,0,0,0,0,0",584.0,,283819,0.0,to_hand,poldrack-single-stim,s558
183.0,PA_with_intermediate,,"1,3,0,2,0,0,0,0,0",test,ward_and_allport,"1,3,0,2,0,0,0,0,0",89,3.0,3.0,"89,71,82",20.0,,183,"1,2,3,0,0,0,0,0,0",183.0,,284004,0.0,to_board,poldrack-single-stim,s558
2000.0,PA_with_intermediate,True,,test,ward_and_allport,,-1,3.0,3.0,none,20.0,9403.0,-1,,1000.0,,286010,0.0,feedback,poldrack-single-stim,s558
5309.0,PA_with_intermediate,,"0,0,0,1,2,0,0,0,0",test,ward_and_allport,"2,3,0,1,0,0,0,0,0",71,3.0,1.0,71,21.0,,5309,"0,0,0,1,2,3,0,0,0",5309.0,,291324,0.0,to_hand,poldrack-single-stim,s558
268.0,PA_with_intermediate,,"0,0,0,1,2,0,3,0,0",test,ward_and_allport,"2,3,0,1,0,0,0,0,0",82,3.0,1.0,"89,71,82",21.0,,268,"0,0,0,1,2,3,0,0,0",268.0,,291593,0.0,to_board,poldrack-single-stim,s558
307.0,PA_with_intermediate,,"0,0,0,1,0,0,3,0,0",test,ward_and_allport,"2,3,0,1,0,0,0,0,0",71,3.0,2.0,"71,82",21.0,,307,"0,0,0,1,2,3,0,0,0",307.0,,291906,0.0,to_hand,poldrack-single-stim,s558
273.0,PA_with_intermediate,,"2,0,0,1,0,0,3,0,0",test,ward_and_allport,"2,3,0,1,0,0,0,0,0",89,3.0,2.0,"89,71,82",21.0,,273,"0,0,0,1,2,3,0,0,0",273.0,,292180,0.0,to_board,poldrack-single-stim,s558
370.0,PA_with_intermediate,,"2,0,0,1,0,0,0,0,0",test,ward_and_allport,"2,3,0,1,0,0,0,0,0",82,3.0,3.0,"89,71,82",21.0,,370,"0,0,0,1,2,3,0,0,0",370.0,,292555,0.0,to_hand,poldrack-single-stim,s558
235.0,PA_with_intermediate,,"2,3,0,1,0,0,0,0,0",test,ward_and_allport,"2,3,0,1,0,0,0,0,0",89,3.0,3.0,"89,71,82",21.0,,235,"0,0,0,1,2,3,0,0,0",235.0,,292790,0.0,to_board,poldrack-single-stim,s558
2000.0,PA_with_intermediate,True,,test,ward_and_allport,,-1,3.0,3.0,none,21.0,8787.0,-1,,1000.0,,294797,0.0,feedback,poldrack-single-stim,s558
10344.0,PA_with_intermediate,,"0,0,0,0,0,0,1,2,0",test,ward_and_allport,"2,0,0,0,0,0,1,3,0",82,3.0,1.0,82,22.0,,10344,"0,0,0,0,0,0,1,2,3",10344.0,,305146,0.0,to_hand,poldrack-single-stim,s558
223.0,PA_with_intermediate,,"0,0,0,3,0,0,1,2,0",test,ward_and_allport,"2,0,0,0,0,0,1,3,0",71,3.0,1.0,"89,71,82",22.0,,223,"0,0,0,0,0,0,1,2,3",223.0,,305370,0.0,to_board,poldrack-single-stim,s558
325.0,PA_with_intermediate,,"0,0,0,3,0,0,1,0,0",test,ward_and_allport,"2,0,0,0,0,0,1,3,0",82,3.0,2.0,"71,82",22.0,,325,"0,0,0,0,0,0,1,2,3",325.0,,305701,0.0,to_hand,poldrack-single-stim,s558
220.0,PA_with_intermediate,,"2,0,0,3,0,0,1,0,0",test,ward_and_allport,"2,0,0,0,0,0,1,3,0",89,3.0,2.0,"89,71,82",22.0,,220,"0,0,0,0,0,0,1,2,3",220.0,,305923,0.0,to_board,poldrack-single-stim,s558
750.0,PA_with_intermediate,,"2,0,0,0,0,0,1,0,0",test,ward_and_allport,"2,0,0,0,0,0,1,3,0",71,3.0,3.0,"89,71,82",22.0,,750,"0,0,0,0,0,0,1,2,3",750.0,,306678,0.0,to_hand,poldrack-single-stim,s558
240.0,PA_with_intermediate,,"2,0,0,0,0,0,1,3,0",test,ward_and_allport,"2,0,0,0,0,0,1,3,0",82,3.0,3.0,"89,71,82",22.0,,240,"0,0,0,0,0,0,1,2,3",240.0,,306919,0.0,to_board,poldrack-single-stim,s558
2408.0,PA_with_intermediate,True,,test,ward_and_allport,,-1,3.0,3.0,none,22.0,14538.0,-1,,1000.0,,309335,0.0,feedback,poldrack-single-stim,s558
4110.0,PA_without_intermediate,,"0,0,0,1,2,0,0,0,0",test,ward_and_allport,"2,0,0,0,0,0,3,1,0",71,3.0,1.0,71,23.0,,4110,"0,0,0,1,2,3,0,0,0",4110.0,,313451,0.0,to_hand,poldrack-single-stim,s558
239.0,PA_without_intermediate,,"0,0,0,1,2,0,3,0,0",test,ward_and_allport,"2,0,0,0,0,0,3,1,0",82,3.0,1.0,"89,71,82",23.0,,239,"0,0,0,1,2,3,0,0,0",239.0,,313691,0.0,to_board,poldrack-single-stim,s558
245.0,PA_without_intermediate,,"0,0,0,1,0,0,3,0,0",test,ward_and_allport,"2,0,0,0,0,0,3,1,0",71,3.0,2.0,"71,82",23.0,,245,"0,0,0,1,2,3,0,0,0",245.0,,313941,0.0,to_hand,poldrack-single-stim,s558
270.0,PA_without_intermediate,,"2,0,0,1,0,0,3,0,0",test,ward_and_allport,"2,0,0,0,0,0,3,1,0",89,3.0,2.0,"89,71,82",23.0,,270,"0,0,0,1,2,3,0,0,0",270.0,,314212,0.0,to_board,poldrack-single-stim,s558
581.0,PA_without_intermediate,,"2,0,0,0,0,0,3,0,0",test,ward_and_allport,"2,0,0,0,0,0,3,1,0",71,3.0,3.0,"89,71,82",23.0,,581,"0,0,0,1,2,3,0,0,0",581.0,,314799,0.0,to_hand,poldrack-single-stim,s558
159.0,PA_without_intermediate,,"2,0,0,0,0,0,3,1,0",test,ward_and_allport,"2,0,0,0,0,0,3,1,0",82,3.0,3.0,"89,71,82",23.0,,159,"0,0,0,1,2,3,0,0,0",159.0,,314959,0.0,to_board,poldrack-single-stim,s558
2816.0,PA_without_intermediate,True,,test,ward_and_allport,,-1,3.0,3.0,none,23.0,8447.0,-1,,1000.0,,317782,0.0,feedback,poldrack-single-stim,s558
6664.0,PA_with_intermediate,,"0,0,0,1,2,0,0,0,0",test,ward_and_allport,"0,0,0,1,3,0,2,0,0",71,3.0,1.0,71,24.0,,6664,"0,0,0,1,2,3,0,0,0",6664.0,,324452,0.0,to_hand,poldrack-single-stim,s558
197.0,PA_with_intermediate,,"3,0,0,1,2,0,0,0,0",test,ward_and_allport,"0,0,0,1,3,0,2,0,0",89,3.0,1.0,"89,71,82",24.0,,197,"0,0,0,1,2,3,0,0,0",197.0,,324651,0.0,to_board,poldrack-single-stim,s558
276.0,PA_with_intermediate,,"3,0,0,1,0,0,0,0,0",test,ward_and_allport,"0,0,0,1,3,0,2,0,0",71,3.0,2.0,"89,71",24.0,,276,"0,0,0,1,2,3,0,0,0",276.0,,324932,0.0,to_hand,poldrack-single-stim,s558
258.0,PA_with_intermediate,,"3,0,0,1,0,0,2,0,0",test,ward_and_allport,"0,0,0,1,3,0,2,0,0",82,3.0,2.0,"89,71,82",24.0,,258,"0,0,0,1,2,3,0,0,0",258.0,,325192,0.0,to_board,poldrack-single-stim,s558
694.0,PA_with_intermediate,,"0,0,0,1,0,0,2,0,0",test,ward_and_allport,"0,0,0,1,3,0,2,0,0",89,3.0,3.0,"89,71,82",24.0,,694,"0,0,0,1,2,3,0,0,0",694.0,,325893,0.0,to_hand,poldrack-single-stim,s558
165.0,PA_with_intermediate,,"0,0,0,1,3,0,2,0,0",test,ward_and_allport,"0,0,0,1,3,0,2,0,0",71,3.0,3.0,"89,71,82",24.0,,165,"0,0,0,1,2,3,0,0,0",165.0,,326058,0.0,to_board,poldrack-single-stim,s558
4176.0,PA_with_intermediate,True,,test,ward_and_allport,,-1,3.0,3.0,none,24.0,12459.0,-1,,1000.0,,330241,0.0,feedback,poldrack-single-stim,s558
4404.0,PA_with_intermediate,,"1,2,0,0,0,0,0,0,0",test,ward_and_allport,"1,3,0,0,0,0,2,0,0",89,3.0,1.0,89,25.0,,4404,"1,2,3,0,0,0,0,0,0",4404.0,,334652,0.0,to_hand,poldrack-single-stim,s558
185.0,PA_with_intermediate,,"1,2,0,3,0,0,0,0,0",test,ward_and_allport,"1,3,0,0,0,0,2,0,0",71,3.0,1.0,"89,71,82",25.0,,185,"1,2,3,0,0,0,0,0,0",185.0,,334838,0.0,to_board,poldrack-single-stim,s558
252.0,PA_with_intermediate,,"1,0,0,3,0,0,0,0,0",test,ward_and_allport,"1,3,0,0,0,0,2,0,0",89,3.0,2.0,"89,71",25.0,,252,"1,2,3,0,0,0,0,0,0",252.0,,335096,0.0,to_hand,poldrack-single-stim,s558
248.0,PA_with_intermediate,,"1,0,0,3,0,0,2,0,0",test,ward_and_allport,"1,3,0,0,0,0,2,0,0",82,3.0,2.0,"89,71,82",25.0,,248,"1,2,3,0,0,0,0,0,0",248.0,,335345,0.0,to_board,poldrack-single-stim,s558
558.0,PA_with_intermediate,,"1,0,0,0,0,0,2,0,0",test,ward_and_allport,"1,3,0,0,0,0,2,0,0",71,3.0,3.0,"89,71,82",25.0,,558,"1,2,3,0,0,0,0,0,0",558.0,,335910,0.0,to_hand,poldrack-single-stim,s558
149.0,PA_with_intermediate,,"1,3,0,0,0,0,2,0,0",test,ward_and_allport,"1,3,0,0,0,0,2,0,0",89,3.0,3.0,"89,71,82",25.0,,149,"1,2,3,0,0,0,0,0,0",149.0,,336060,0.0,to_board,poldrack-single-stim,s558
3360.0,PA_with_intermediate,True,,test,ward_and_allport,,-1,3.0,3.0,none,25.0,9186.0,-1,,1000.0,,339427,0.0,feedback,poldrack-single-stim,s558
4986.0,PA_with_intermediate,,"0,0,0,0,0,0,1,2,0",test,ward_and_allport,"0,0,0,2,0,0,1,3,0",82,3.0,1.0,82,26.0,,4986,"0,0,0,0,0,0,1,2,3",4986.0,,344421,0.0,to_hand,poldrack-single-stim,s558
196.0,PA_with_intermediate,,"3,0,0,0,0,0,1,2,0",test,ward_and_allport,"0,0,0,2,0,0,1,3,0",89,3.0,1.0,"89,71,82",26.0,,196,"0,0,0,0,0,0,1,2,3",196.0,,344618,0.0,to_board,poldrack-single-stim,s558
482.0,PA_with_intermediate,,"3,0,0,0,0,0,1,0,0",test,ward_and_allport,"0,0,0,2,0,0,1,3,0",82,3.0,2.0,"89,82",26.0,,482,"0,0,0,0,0,0,1,2,3",482.0,,345106,0.0,to_hand,poldrack-single-stim,s558
197.0,PA_with_intermediate,,"3,0,0,2,0,0,1,0,0",test,ward_and_allport,"0,0,0,2,0,0,1,3,0",71,3.0,2.0,"89,71,82",26.0,,197,"0,0,0,0,0,0,1,2,3",197.0,,345305,0.0,to_board,poldrack-single-stim,s558
792.0,PA_with_intermediate,,"0,0,0,2,0,0,1,0,0",test,ward_and_allport,"0,0,0,2,0,0,1,3,0",89,3.0,3.0,"89,71,82",26.0,,792,"0,0,0,0,0,0,1,2,3",792.0,,346103,0.0,to_hand,poldrack-single-stim,s558
212.0,PA_with_intermediate,,"0,0,0,2,0,0,1,3,0",test,ward_and_allport,"0,0,0,2,0,0,1,3,0",82,3.0,3.0,"89,71,82",26.0,,212,"0,0,0,0,0,0,1,2,3",212.0,,346317,0.0,to_board,poldrack-single-stim,s558
2000.0,PA_with_intermediate,True,,test,ward_and_allport,,-1,3.0,3.0,none,26.0,8898.0,-1,,1000.0,,348325,0.0,feedback,poldrack-single-stim,s558
2749.0,PA_without_intermediate,,"1,2,0,0,0,0,0,0,0",test,ward_and_allport,"0,0,0,2,0,0,3,1,0",89,3.0,1.0,89,27.0,,2749,"1,2,3,0,0,0,0,0,0",2749.0,,351081,0.0,to_hand,poldrack-single-stim,s558
255.0,PA_without_intermediate,,"1,2,0,0,0,0,3,0,0",test,ward_and_allport,"0,0,0,2,0,0,3,1,0",82,3.0,1.0,"89,71,82",27.0,,255,"1,2,3,0,0,0,0,0,0",255.0,,351336,0.0,to_board,poldrack-single-stim,s558
320.0,PA_without_intermediate,,"1,0,0,0,0,0,3,0,0",test,ward_and_allport,"0,0,0,2,0,0,3,1,0",89,3.0,2.0,"89,82",27.0,,320,"1,2,3,0,0,0,0,0,0",320.0,,351662,0.0,to_hand,poldrack-single-stim,s558
292.0,PA_without_intermediate,,"1,0,0,2,0,0,3,0,0",test,ward_and_allport,"0,0,0,2,0,0,3,1,0",71,3.0,2.0,"89,71,82",27.0,,292,"1,2,3,0,0,0,0,0,0",292.0,,351955,0.0,to_board,poldrack-single-stim,s558
722.0,PA_without_intermediate,,"0,0,0,2,0,0,3,0,0",test,ward_and_allport,"0,0,0,2,0,0,3,1,0",89,3.0,3.0,"89,71,82",27.0,,722,"1,2,3,0,0,0,0,0,0",722.0,,352683,0.0,to_hand,poldrack-single-stim,s558
219.0,PA_without_intermediate,,"0,0,0,2,0,0,3,1,0",test,ward_and_allport,"0,0,0,2,0,0,3,1,0",82,3.0,3.0,"89,71,82",27.0,,219,"1,2,3,0,0,0,0,0,0",219.0,,352903,0.0,to_board,poldrack-single-stim,s558
2408.0,PA_without_intermediate,True,,test,ward_and_allport,,-1,3.0,3.0,none,27.0,6995.0,-1,,1000.0,,355320,0.0,feedback,poldrack-single-stim,s558
3706.0,PA_with_intermediate,,"1,2,0,0,0,0,0,0,0",test,ward_and_allport,"1,0,0,2,3,0,0,0,0",89,3.0,1.0,89,28.0,,3706,"1,2,3,0,0,0,0,0,0",3706.0,,359033,0.0,to_hand,poldrack-single-stim,s558
247.0,PA_with_intermediate,,"1,2,0,0,0,0,3,0,0",test,ward_and_allport,"1,0,0,2,3,0,0,0,0",82,3.0,1.0,"89,71,82",28.0,,247,"1,2,3,0,0,0,0,0,0",247.0,,359282,0.0,to_board,poldrack-single-stim,s558
923.0,PA_with_intermediate,,"1,0,0,0,0,0,3,0,0",test,ward_and_allport,"1,0,0,2,3,0,0,0,0",89,3.0,2.0,"89,82",28.0,,923,"1,2,3,0,0,0,0,0,0",923.0,,360212,0.0,to_hand,poldrack-single-stim,s558
199.0,PA_with_intermediate,,"1,0,0,2,0,0,3,0,0",test,ward_and_allport,"1,0,0,2,3,0,0,0,0",71,3.0,2.0,"89,71,82",28.0,,199,"1,2,3,0,0,0,0,0,0",199.0,,360411,0.0,to_board,poldrack-single-stim,s558
624.0,PA_with_intermediate,,"1,0,0,2,0,0,0,0,0",test,ward_and_allport,"1,0,0,2,3,0,0,0,0",82,3.0,3.0,"89,71,82",28.0,,624,"1,2,3,0,0,0,0,0,0",624.0,,361041,0.0,to_hand,poldrack-single-stim,s558
135.0,PA_with_intermediate,,"1,0,0,2,3,0,0,0,0",test,ward_and_allport,"1,0,0,2,3,0,0,0,0",71,3.0,3.0,"89,71,82",28.0,,135,"1,2,3,0,0,0,0,0,0",135.0,,361177,0.0,to_board,poldrack-single-stim,s558
2816.0,PA_with_intermediate,True,,test,ward_and_allport,,-1,3.0,3.0,none,28.0,8682.0,-1,,1000.0,,364002,0.0,feedback,poldrack-single-stim,s558
5622.0,PA_without_intermediate,,"1,2,0,0,0,0,0,0,0",test,ward_and_allport,"0,0,0,3,2,0,1,0,0",89,3.0,1.0,89,29.0,,5622,"1,2,3,0,0,0,0,0,0",5622.0,,369631,0.0,to_hand,poldrack-single-stim,s558
196.0,PA_without_intermediate,,"1,2,0,3,0,0,0,0,0",test,ward_and_allport,"0,0,0,3,2,0,1,0,0",71,3.0,1.0,"89,71,82",29.0,,196,"1,2,3,0,0,0,0,0,0",196.0,,369828,0.0,to_board,poldrack-single-stim,s558
899.0,PA_without_intermediate,,"1,0,0,3,0,0,0,0,0",test,ward_and_allport,"0,0,0,3,2,0,1,0,0",89,3.0,2.0,"89,71",29.0,,899,"1,2,3,0,0,0,0,0,0",899.0,,370735,0.0,to_hand,poldrack-single-stim,s558
159.0,PA_without_intermediate,,"1,0,0,3,2,0,0,0,0",test,ward_and_allport,"0,0,0,3,2,0,1,0,0",71,3.0,2.0,"89,71,82",29.0,,159,"1,2,3,0,0,0,0,0,0",159.0,,370894,0.0,to_board,poldrack-single-stim,s558
366.0,PA_without_intermediate,,"0,0,0,3,2,0,0,0,0",test,ward_and_allport,"0,0,0,3,2,0,1,0,0",89,3.0,3.0,"89,71",29.0,,366,"1,2,3,0,0,0,0,0,0",366.0,,371267,0.0,to_hand,poldrack-single-stim,s558
208.0,PA_without_intermediate,,"0,0,0,3,2,0,1,0,0",test,ward_and_allport,"0,0,0,3,2,0,1,0,0",82,3.0,3.0,"89,71,82",29.0,,208,"1,2,3,0,0,0,0,0,0",208.0,,371476,0.0,to_board,poldrack-single-stim,s558
3088.0,PA_without_intermediate,True,,test,ward_and_allport,,-1,3.0,3.0,none,29.0,10570.0,-1,,1000.0,,374572,0.0,feedback,poldrack-single-stim,s558
3387.0,PA_without_intermediate,,"0,0,0,0,0,0,1,2,0",test,ward_and_allport,"2,0,0,3,1,0,0,0,0",82,3.0,1.0,82,30.0,,3387,"0,0,0,0,0,0,1,2,3",3387.0,,382969,0.0,to_hand,poldrack-single-stim,s558
209.0,PA_without_intermediate,,"0,0,0,3,0,0,1,2,0",test,ward_and_allport,"2,0,0,3,1,0,0,0,0",71,3.0,1.0,"89,71,82",30.0,,209,"0,0,0,0,0,0,1,2,3",209.0,,383178,0.0,to_board,poldrack-single-stim,s558
1066.0,PA_without_intermediate,,"0,0,0,3,0,0,1,0,0",test,ward_and_allport,"2,0,0,3,1,0,0,0,0",82,3.0,2.0,"71,82",30.0,,1066,"0,0,0,0,0,0,1,2,3",1066.0,,384251,0.0,to_hand,poldrack-single-stim,s558
202.0,PA_without_intermediate,,"2,0,0,3,0,0,1,0,0",test,ward_and_allport,"2,0,0,3,1,0,0,0,0",89,3.0,2.0,"89,71,82",30.0,,202,"0,0,0,0,0,0,1,2,3",202.0,,384454,0.0,to_board,poldrack-single-stim,s558
964.0,PA_without_intermediate,,"2,0,0,3,0,0,0,0,0",test,ward_and_allport,"2,0,0,3,1,0,0,0,0",82,3.0,3.0,"89,71,82",30.0,,964,"0,0,0,0,0,0,1,2,3",964.0,,385425,0.0,to_hand,poldrack-single-stim,s558
158.0,PA_without_intermediate,,"2,0,0,3,1,0,0,0,0",test,ward_and_allport,"2,0,0,3,1,0,0,0,0",71,3.0,3.0,"89,71,82",30.0,,158,"0,0,0,0,0,0,1,2,3",158.0,,385584,0.0,to_board,poldrack-single-stim,s558
2136.0,PA_without_intermediate,True,,test,ward_and_allport,,-1,3.0,3.0,none,30.0,13156.0,-1,,1000.0,,387728,0.0,feedback,poldrack-single-stim,s558
3218.0,PA_without_intermediate,,"0,0,0,1,2,0,0,0,0",test,ward_and_allport,"3,2,0,0,0,0,1,0,0",71,3.0,1.0,71,31.0,,3218,"0,0,0,1,2,3,0,0,0",3218.0,,390954,0.0,to_hand,poldrack-single-stim,s558
223.0,PA_without_intermediate,,"3,0,0,1,2,0,0,0,0",test,ward_and_allport,"3,2,0,0,0,0,1,0,0",89,3.0,1.0,"89,71,82",31.0,,223,"0,0,0,1,2,3,0,0,0",223.0,,391177,0.0,to_board,poldrack-single-stim,s558
302.0,PA_without_intermediate,,"3,0,0,1,0,0,0,0,0",test,ward_and_allport,"3,2,0,0,0,0,1,0,0",71,3.0,2.0,"89,71",31.0,,302,"0,0,0,1,2,3,0,0,0",302.0,,391486,0.0,to_hand,poldrack-single-stim,s558
276.0,PA_without_intermediate,,"3,2,0,1,0,0,0,0,0",test,ward_and_allport,"3,2,0,0,0,0,1,0,0",89,3.0,2.0,"89,71,82",31.0,,276,"0,0,0,1,2,3,0,0,0",276.0,,391764,0.0,to_board,poldrack-single-stim,s558
422.0,PA_without_intermediate,,"3,2,0,0,0,0,0,0,0",test,ward_and_allport,"3,2,0,0,0,0,1,0,0",71,3.0,3.0,"89,71",31.0,,422,"0,0,0,1,2,3,0,0,0",422.0,,392193,0.0,to_hand,poldrack-single-stim,s558
248.0,PA_without_intermediate,,"3,2,0,0,0,0,1,0,0",test,ward_and_allport,"3,2,0,0,0,0,1,0,0",82,3.0,3.0,"89,71,82",31.0,,248,"0,0,0,1,2,3,0,0,0",248.0,,392442,0.0,to_board,poldrack-single-stim,s558
7168.0,PA_without_intermediate,True,,test,ward_and_allport,,-1,3.0,3.0,none,31.0,11891.0,-1,,1000.0,,399619,0.0,feedback,poldrack-single-stim,s558
2939.0,PA_without_intermediate,,"1,2,0,0,0,0,0,0,0",test,ward_and_allport,"0,0,0,1,0,0,3,2,0",89,3.0,1.0,89,32.0,,2939,"1,2,3,0,0,0,0,0,0",2939.0,,402565,0.0,to_hand,poldrack-single-stim,s558
212.0,PA_without_intermediate,,"1,2,0,0,0,0,3,0,0",test,ward_and_allport,"0,0,0,1,0,0,3,2,0",82,3.0,1.0,"89,71,82",32.0,,212,"1,2,3,0,0,0,0,0,0",212.0,,402777,0.0,to_board,poldrack-single-stim,s558
287.0,PA_without_intermediate,,"1,0,0,0,0,0,3,0,0",test,ward_and_allport,"0,0,0,1,0,0,3,2,0",89,3.0,2.0,"89,82",32.0,,287,"1,2,3,0,0,0,0,0,0",287.0,,403072,0.0,to_hand,poldrack-single-stim,s558
260.0,PA_without_intermediate,,"1,0,0,0,0,0,3,2,0",test,ward_and_allport,"0,0,0,1,0,0,3,2,0",82,3.0,2.0,"89,71,82",32.0,,260,"1,2,3,0,0,0,0,0,0",260.0,,403332,0.0,to_board,poldrack-single-stim,s558
542.0,PA_without_intermediate,,"0,0,0,0,0,0,3,2,0",test,ward_and_allport,"0,0,0,1,0,0,3,2,0",89,3.0,3.0,"89,82",32.0,,542,"1,2,3,0,0,0,0,0,0",542.0,,403883,0.0,to_hand,poldrack-single-stim,s558
154.0,PA_without_intermediate,,"0,0,0,1,0,0,3,2,0",test,ward_and_allport,"0,0,0,1,0,0,3,2,0",71,3.0,3.0,"89,71,82",32.0,,154,"1,2,3,0,0,0,0,0,0",154.0,,404037,0.0,to_board,poldrack-single-stim,s558
2816.0,PA_without_intermediate,True,,test,ward_and_allport,,-1,3.0,3.0,none,32.0,7244.0,-1,,1000.0,,406863,0.0,feedback,poldrack-single-stim,s558
6604.0,PA_with_intermediate,,"0,0,0,0,0,0,1,2,0",test,ward_and_allport,"2,0,0,0,0,0,1,3,0",82,3.0,1.0,82,33.0,,6604,"0,0,0,0,0,0,1,2,3",6604.0,,413476,0.0,to_hand,poldrack-single-stim,s558
169.0,PA_with_intermediate,,"0,0,0,3,0,0,1,2,0",test,ward_and_allport,"2,0,0,0,0,0,1,3,0",71,3.0,1.0,"89,71,82",33.0,,169,"0,0,0,0,0,0,1,2,3",169.0,,413645,0.0,to_board,poldrack-single-stim,s558
291.0,PA_with_intermediate,,"0,0,0,3,0,0,1,0,0",test,ward_and_allport,"2,0,0,0,0,0,1,3,0",82,3.0,2.0,"71,82",33.0,,291,"0,0,0,0,0,0,1,2,3",291.0,,413942,0.0,to_hand,poldrack-single-stim,s558
260.0,PA_with_intermediate,,"2,0,0,3,0,0,1,0,0",test,ward_and_allport,"2,0,0,0,0,0,1,3,0",89,3.0,2.0,"89,71,82",33.0,,260,"0,0,0,0,0,0,1,2,3",260.0,,414203,0.0,to_board,poldrack-single-stim,s558
1325.0,PA_with_intermediate,,"2,0,0,0,0,0,1,0,0",test,ward_and_allport,"2,0,0,0,0,0,1,3,0",71,3.0,3.0,"89,71,82",33.0,,1325,"0,0,0,0,0,0,1,2,3",1325.0,,415535,0.0,to_hand,poldrack-single-stim,s558
167.0,PA_with_intermediate,,"2,0,0,0,0,0,1,3,0",test,ward_and_allport,"2,0,0,0,0,0,1,3,0",82,3.0,3.0,"89,71,82",33.0,,167,"0,0,0,0,0,0,1,2,3",167.0,,415703,0.0,to_board,poldrack-single-stim,s558
2952.0,PA_with_intermediate,True,,test,ward_and_allport,,-1,3.0,3.0,none,33.0,11803.0,-1,,1000.0,,418666,0.0,feedback,poldrack-single-stim,s558
3513.0,PA_with_intermediate,,"0,0,0,1,2,0,0,0,0",test,ward_and_allport,"2,0,0,1,3,0,0,0,0",71,3.0,1.0,71,34.0,,3513,"0,0,0,1,2,3,0,0,0",3513.0,,422188,0.0,to_hand,poldrack-single-stim,s558
216.0,PA_with_intermediate,,"0,0,0,1,2,0,3,0,0",test,ward_and_allport,"2,0,0,1,3,0,0,0,0",82,3.0,1.0,"89,71,82",34.0,,216,"0,0,0,1,2,3,0,0,0",216.0,,422405,0.0,to_board,poldrack-single-stim,s558
269.0,PA_with_intermediate,,"0,0,0,1,0,0,3,0,0",test,ward_and_allport,"2,0,0,1,3,0,0,0,0",71,3.0,2.0,"71,82",34.0,,269,"0,0,0,1,2,3,0,0,0",269.0,,422681,0.0,to_hand,poldrack-single-stim,s558
241.0,PA_with_intermediate,,"2,0,0,1,0,0,3,0,0",test,ward_and_allport,"2,0,0,1,3,0,0,0,0",89,3.0,2.0,"89,71,82",34.0,,241,"0,0,0,1,2,3,0,0,0",241.0,,422923,0.0,to_board,poldrack-single-stim,s558
476.0,PA_with_intermediate,,"2,0,0,1,0,0,0,0,0",test,ward_and_allport,"2,0,0,1,3,0,0,0,0",82,3.0,3.0,"89,71,82",34.0,,476,"0,0,0,1,2,3,0,0,0",476.0,,423406,0.0,to_hand,poldrack-single-stim,s558
147.0,PA_with_intermediate,,"2,0,0,1,3,0,0,0,0",test,ward_and_allport,"2,0,0,1,3,0,0,0,0",71,3.0,3.0,"89,71,82",34.0,,147,"0,0,0,1,2,3,0,0,0",147.0,,423554,0.0,to_board,poldrack-single-stim,s558
2136.0,PA_with_intermediate,True,,test,ward_and_allport,,-1,3.0,3.0,none,34.0,7034.0,-1,,1000.0,,425700,0.0,feedback,poldrack-single-stim,s558
3523.0,PA_without_intermediate,,"0,0,0,1,2,0,0,0,0",test,ward_and_allport,"3,2,0,0,0,0,1,0,0",71,3.0,1.0,71,35.0,,3523,"0,0,0,1,2,3,0,0,0",3523.0,,429233,0.0,to_hand,poldrack-single-stim,s558
201.0,PA_without_intermediate,,"3,0,0,1,2,0,0,0,0",test,ward_and_allport,"3,2,0,0,0,0,1,0,0",89,3.0,1.0,"89,71,82",35.0,,201,"0,0,0,1,2,3,0,0,0",201.0,,429434,0.0,to_board,poldrack-single-stim,s558
973.0,PA_without_intermediate,,"3,0,0,1,0,0,0,0,0",test,ward_and_allport,"3,2,0,0,0,0,1,0,0",71,3.0,2.0,"89,71",35.0,,973,"0,0,0,1,2,3,0,0,0",973.0,,430414,0.0,to_hand,poldrack-single-stim,s558
194.0,PA_without_intermediate,,"3,2,0,1,0,0,0,0,0",test,ward_and_allport,"3,2,0,0,0,0,1,0,0",89,3.0,2.0,"89,71,82",35.0,,194,"0,0,0,1,2,3,0,0,0",194.0,,430608,0.0,to_board,poldrack-single-stim,s558
349.0,PA_without_intermediate,,"3,2,0,0,0,0,0,0,0",test,ward_and_allport,"3,2,0,0,0,0,1,0,0",71,3.0,3.0,"89,71",35.0,,349,"0,0,0,1,2,3,0,0,0",349.0,,430965,0.0,to_hand,poldrack-single-stim,s558
255.0,PA_without_intermediate,,"3,2,0,0,0,0,1,0,0",test,ward_and_allport,"3,2,0,0,0,0,1,0,0",82,3.0,3.0,"89,71,82",35.0,,255,"0,0,0,1,2,3,0,0,0",255.0,,431220,0.0,to_board,poldrack-single-stim,s558
2680.0,PA_without_intermediate,True,,test,ward_and_allport,,-1,3.0,3.0,none,35.0,8211.0,-1,,1000.0,,433911,0.0,feedback,poldrack-single-stim,s558
2829.0,PA_without_intermediate,,"1,2,0,0,0,0,0,0,0",test,ward_and_allport,"0,0,0,1,0,0,3,2,0",89,3.0,1.0,89,36.0,,2829,"1,2,3,0,0,0,0,0,0",2829.0,,436749,0.0,to_hand,poldrack-single-stim,s558
215.0,PA_without_intermediate,,"1,2,0,0,0,0,3,0,0",test,ward_and_allport,"0,0,0,1,0,0,3,2,0",82,3.0,1.0,"89,71,82",36.0,,215,"1,2,3,0,0,0,0,0,0",215.0,,436965,0.0,to_board,poldrack-single-stim,s558
254.0,PA_without_intermediate,,"1,0,0,0,0,0,3,0,0",test,ward_and_allport,"0,0,0,1,0,0,3,2,0",89,3.0,2.0,"89,82",36.0,,254,"1,2,3,0,0,0,0,0,0",254.0,,437227,0.0,to_hand,poldrack-single-stim,s558
257.0,PA_without_intermediate,,"1,0,0,0,0,0,3,2,0",test,ward_and_allport,"0,0,0,1,0,0,3,2,0",82,3.0,2.0,"89,71,82",36.0,,257,"1,2,3,0,0,0,0,0,0",257.0,,437485,0.0,to_board,poldrack-single-stim,s558
652.0,PA_without_intermediate,,"0,0,0,0,0,0,3,2,0",test,ward_and_allport,"0,0,0,1,0,0,3,2,0",89,3.0,3.0,"89,82",36.0,,652,"1,2,3,0,0,0,0,0,0",652.0,,438145,0.0,to_hand,poldrack-single-stim,s558
151.0,PA_without_intermediate,,"0,0,0,1,0,0,3,2,0",test,ward_and_allport,"0,0,0,1,0,0,3,2,0",71,3.0,3.0,"89,71,82",36.0,,151,"1,2,3,0,0,0,0,0,0",151.0,,438298,0.0,to_board,poldrack-single-stim,s558
3088.0,PA_without_intermediate,True,,test,ward_and_allport,,-1,3.0,3.0,none,36.0,7484.0,-1,,1000.0,,441395,0.0,feedback,poldrack-single-stim,s558
3601.0,PA_with_intermediate,,"0,0,0,1,2,0,0,0,0",test,ward_and_allport,"2,0,0,1,3,0,0,0,0",71,3.0,1.0,71,37.0,,3601,"0,0,0,1,2,3,0,0,0",3601.0,,445004,0.0,to_hand,poldrack-single-stim,s558
223.0,PA_with_intermediate,,"0,0,0,1,2,0,3,0,0",test,ward_and_allport,"2,0,0,1,3,0,0,0,0",82,3.0,1.0,"89,71,82",37.0,,223,"0,0,0,1,2,3,0,0,0",223.0,,445228,0.0,to_board,poldrack-single-stim,s558
283.0,PA_with_intermediate,,"0,0,0,1,0,0,3,0,0",test,ward_and_allport,"2,0,0,1,3,0,0,0,0",71,3.0,2.0,"71,82",37.0,,283,"0,0,0,1,2,3,0,0,0",283.0,,445517,0.0,to_hand,poldrack-single-stim,s558
241.0,PA_with_intermediate,,"2,0,0,1,0,0,3,0,0",test,ward_and_allport,"2,0,0,1,3,0,0,0,0",89,3.0,2.0,"89,71,82",37.0,,241,"0,0,0,1,2,3,0,0,0",241.0,,445760,0.0,to_board,poldrack-single-stim,s558
409.0,PA_with_intermediate,,"2,0,0,1,0,0,0,0,0",test,ward_and_allport,"2,0,0,1,3,0,0,0,0",82,3.0,3.0,"89,71,82",37.0,,409,"0,0,0,1,2,3,0,0,0",409.0,,446177,0.0,to_hand,poldrack-single-stim,s558
159.0,PA_with_intermediate,,"2,0,0,1,3,0,0,0,0",test,ward_and_allport,"2,0,0,1,3,0,0,0,0",71,3.0,3.0,"89,71,82",37.0,,159,"0,0,0,1,2,3,0,0,0",159.0,,446337,0.0,to_board,poldrack-single-stim,s558
2000.0,PA_with_intermediate,True,,test,ward_and_allport,,-1,3.0,3.0,none,37.0,6952.0,-1,,1000.0,,448347,0.0,feedback,poldrack-single-stim,s558
3342.0,PA_without_intermediate,,"0,0,0,1,2,0,0,0,0",test,ward_and_allport,"3,1,0,0,0,0,2,0,0",71,3.0,1.0,71,38.0,,3342,"0,0,0,1,2,3,0,0,0",3342.0,,451699,0.0,to_hand,poldrack-single-stim,s558
214.0,PA_without_intermediate,,"3,0,0,1,2,0,0,0,0",test,ward_and_allport,"3,1,0,0,0,0,2,0,0",89,3.0,1.0,"89,71,82",38.0,,214,"0,0,0,1,2,3,0,0,0",214.0,,451914,0.0,to_board,poldrack-single-stim,s558
287.0,PA_without_intermediate,,"3,0,0,1,0,0,0,0,0",test,ward_and_allport,"3,1,0,0,0,0,2,0,0",71,3.0,2.0,"89,71",38.0,,287,"0,0,0,1,2,3,0,0,0",287.0,,452209,0.0,to_hand,poldrack-single-stim,s558
207.0,PA_without_intermediate,,"3,0,0,1,0,0,2,0,0",test,ward_and_allport,"3,1,0,0,0,0,2,0,0",82,3.0,2.0,"89,71,82",38.0,,207,"0,0,0,1,2,3,0,0,0",207.0,,452417,0.0,to_board,poldrack-single-stim,s558
437.0,PA_without_intermediate,,"3,0,0,0,0,0,2,0,0",test,ward_and_allport,"3,1,0,0,0,0,2,0,0",71,3.0,3.0,"89,71,82",38.0,,437,"0,0,0,1,2,3,0,0,0",437.0,,452864,0.0,to_hand,poldrack-single-stim,s558
168.0,PA_without_intermediate,,"3,1,0,0,0,0,2,0,0",test,ward_and_allport,"3,1,0,0,0,0,2,0,0",89,3.0,3.0,"89,71,82",38.0,,168,"0,0,0,1,2,3,0,0,0",168.0,,453034,0.0,to_board,poldrack-single-stim,s558
2000.0,PA_without_intermediate,True,,test,ward_and_allport,,-1,3.0,3.0,none,38.0,6697.0,-1,,1000.0,,455044,0.0,feedback,poldrack-single-stim,s558
3693.0,PA_without_intermediate,,"1,2,0,0,0,0,0,0,0",test,ward_and_allport,"0,0,0,3,2,0,1,0,0",89,3.0,1.0,89,39.0,,3693,"1,2,3,0,0,0,0,0,0",3693.0,,458743,0.0,to_hand,poldrack-single-stim,s558
184.0,PA_without_intermediate,,"1,2,0,3,0,0,0,0,0",test,ward_and_allport,"0,0,0,3,2,0,1,0,0",71,3.0,1.0,"89,71,82",39.0,,184,"1,2,3,0,0,0,0,0,0",184.0,,458929,0.0,to_board,poldrack-single-stim,s558
599.0,PA_without_intermediate,,"1,0,0,3,0,0,0,0,0",test,ward_and_allport,"0,0,0,3,2,0,1,0,0",89,3.0,2.0,"89,71",39.0,,599,"1,2,3,0,0,0,0,0,0",599.0,,459534,0.0,to_hand,poldrack-single-stim,s558
174.0,PA_without_intermediate,,"1,0,0,3,2,0,0,0,0",test,ward_and_allport,"0,0,0,3,2,0,1,0,0",71,3.0,2.0,"89,71,82",39.0,,174,"1,2,3,0,0,0,0,0,0",174.0,,459709,0.0,to_board,poldrack-single-stim,s558
663.0,PA_without_intermediate,,"0,0,0,3,2,0,0,0,0",test,ward_and_allport,"0,0,0,3,2,0,1,0,0",89,3.0,3.0,"89,71",39.0,,663,"1,2,3,0,0,0,0,0,0",663.0,,460380,0.0,to_hand,poldrack-single-stim,s558
162.0,PA_without_intermediate,,"0,0,0,3,2,0,1,0,0",test,ward_and_allport,"0,0,0,3,2,0,1,0,0",82,3.0,3.0,"89,71,82",39.0,,162,"1,2,3,0,0,0,0,0,0",162.0,,460543,0.0,to_board,poldrack-single-stim,s558
2000.0,PA_without_intermediate,True,,test,ward_and_allport,,-1,3.0,3.0,none,39.0,7510.0,-1,,1000.0,,462554,0.0,feedback,poldrack-single-stim,s558
3726.0,PA_with_intermediate,,"1,2,0,0,0,0,0,0,0",test,ward_and_allport,"1,3,0,2,0,0,0,0,0",89,3.0,1.0,89,40.0,,3726,"1,2,3,0,0,0,0,0,0",3726.0,,466290,0.0,to_hand,poldrack-single-stim,s558
191.0,PA_with_intermediate,,"1,2,0,0,0,0,3,0,0",test,ward_and_allport,"1,3,0,2,0,0,0,0,0",82,3.0,1.0,"89,71,82",40.0,,191,"1,2,3,0,0,0,0,0,0",191.0,,466482,0.0,to_board,poldrack-single-stim,s558
246.0,PA_with_intermediate,,"1,0,0,0,0,0,3,0,0",test,ward_and_allport,"1,3,0,2,0,0,0,0,0",89,3.0,2.0,"89,82",40.0,,246,"1,2,3,0,0,0,0,0,0",246.0,,466738,0.0,to_hand,poldrack-single-stim,s558
197.0,PA_with_intermediate,,"1,0,0,2,0,0,3,0,0",test,ward_and_allport,"1,3,0,2,0,0,0,0,0",71,3.0,2.0,"89,71,82",40.0,,197,"1,2,3,0,0,0,0,0,0",197.0,,466935,0.0,to_board,poldrack-single-stim,s558
1463.0,PA_with_intermediate,,"1,0,0,2,0,0,0,0,0",test,ward_and_allport,"1,3,0,2,0,0,0,0,0",82,3.0,3.0,"89,71,82",40.0,,1463,"1,2,3,0,0,0,0,0,0",1463.0,,468407,0.0,to_hand,poldrack-single-stim,s558
133.0,PA_with_intermediate,,"1,3,0,2,0,0,0,0,0",test,ward_and_allport,"1,3,0,2,0,0,0,0,0",89,3.0,3.0,"89,71,82",40.0,,133,"1,2,3,0,0,0,0,0,0",133.0,,468541,0.0,to_board,poldrack-single-stim,s558
2544.0,PA_with_intermediate,True,,test,ward_and_allport,,-1,3.0,3.0,none,40.0,8539.0,-1,,1000.0,,471093,0.0,feedback,poldrack-single-stim,s558
12155.0,PA_without_intermediate,,"0,0,0,0,0,0,1,2,0",test,ward_and_allport,"2,0,0,3,1,0,0,0,0",82,3.0,1.0,82,41.0,,12155,"0,0,0,0,0,0,1,2,3",12155.0,,483255,0.0,to_hand,poldrack-single-stim,s558
186.0,PA_without_intermediate,,"0,0,0,3,0,0,1,2,0",test,ward_and_allport,"2,0,0,3,1,0,0,0,0",71,3.0,1.0,"89,71,82",41.0,,186,"0,0,0,0,0,0,1,2,3",186.0,,483441,0.0,to_board,poldrack-single-stim,s558
536.0,PA_without_intermediate,,"0,0,0,3,0,0,1,0,0",test,ward_and_allport,"2,0,0,3,1,0,0,0,0",82,3.0,2.0,"71,82",41.0,,536,"0,0,0,0,0,0,1,2,3",536.0,,483984,0.0,to_hand,poldrack-single-stim,s558
191.0,PA_without_intermediate,,"2,0,0,3,0,0,1,0,0",test,ward_and_allport,"2,0,0,3,1,0,0,0,0",89,3.0,2.0,"89,71,82",41.0,,191,"0,0,0,0,0,0,1,2,3",191.0,,484175,0.0,to_board,poldrack-single-stim,s558
1382.0,PA_without_intermediate,,"2,0,0,0,0,0,1,0,0",test,ward_and_allport,"2,0,0,3,1,0,0,0,0",71,3.0,3.0,"89,71,82",41.0,,1382,"0,0,0,0,0,0,1,2,3",1382.0,,485567,0.0,to_hand,poldrack-single-stim,s558
30.0,PA_without_intermediate,,"2,0,0,0,0,0,1,3,0",test,ward_and_allport,"2,0,0,3,1,0,0,0,0",82,3.0,3.0,"89,71,82",41.0,,30,"0,0,0,0,0,0,1,2,3",30.0,,485598,0.0,to_board,poldrack-single-stim,s558
2543.0,PA_without_intermediate,,"2,0,0,0,0,0,1,0,0",test,ward_and_allport,"2,0,0,3,1,0,0,0,0",82,3.0,4.0,"89,82",41.0,,2543,"0,0,0,0,0,0,1,2,3",2543.0,,488150,0.0,to_hand,poldrack-single-stim,s558
157.0,PA_without_intermediate,,"2,0,0,3,0,0,1,0,0",test,ward_and_allport,"2,0,0,3,1,0,0,0,0",71,3.0,4.0,"89,71,82",41.0,,157,"0,0,0,0,0,0,1,2,3",157.0,,488308,0.0,to_board,poldrack-single-stim,s558
474.0,PA_without_intermediate,,"2,0,0,3,0,0,0,0,0",test,ward_and_allport,"2,0,0,3,1,0,0,0,0",82,3.0,5.0,"89,71,82",41.0,,474,"0,0,0,0,0,0,1,2,3",474.0,,488791,0.0,to_hand,poldrack-single-stim,s558
197.0,PA_without_intermediate,,"2,0,0,3,1,0,0,0,0",test,ward_and_allport,"2,0,0,3,1,0,0,0,0",71,3.0,5.0,"89,71,82",41.0,,197,"0,0,0,0,0,0,1,2,3",197.0,,488989,0.0,to_board,poldrack-single-stim,s558
2272.0,PA_without_intermediate,True,,test,ward_and_allport,,-1,3.0,5.0,none,41.0,20178.0,-1,,1000.0,,491271,0.0,feedback,poldrack-single-stim,s558
4150.0,PA_with_intermediate,,"0,0,0,0,0,0,1,2,0",test,ward_and_allport,"2,3,0,0,0,0,1,0,0",82,3.0,1.0,82,42.0,,4150,"0,0,0,0,0,0,1,2,3",4150.0,,495428,0.0,to_hand,poldrack-single-stim,s558
260.0,PA_with_intermediate,,"0,0,0,3,0,0,1,2,0",test,ward_and_allport,"2,3,0,0,0,0,1,0,0",71,3.0,1.0,"89,71,82",42.0,,260,"0,0,0,0,0,0,1,2,3",260.0,,495689,0.0,to_board,poldrack-single-stim,s558
581.0,PA_with_intermediate,,"0,0,0,3,0,0,1,0,0",test,ward_and_allport,"2,3,0,0,0,0,1,0,0",82,3.0,2.0,"71,82",42.0,,581,"0,0,0,0,0,0,1,2,3",581.0,,496277,0.0,to_hand,poldrack-single-stim,s558
200.0,PA_with_intermediate,,"2,0,0,3,0,0,1,0,0",test,ward_and_allport,"2,3,0,0,0,0,1,0,0",89,3.0,2.0,"89,71,82",42.0,,200,"0,0,0,0,0,0,1,2,3",200.0,,496478,0.0,to_board,poldrack-single-stim,s558
561.0,PA_with_intermediate,,"2,0,0,0,0,0,1,0,0",test,ward_and_allport,"2,3,0,0,0,0,1,0,0",71,3.0,3.0,"89,71,82",42.0,,561,"0,0,0,0,0,0,1,2,3",561.0,,497048,0.0,to_hand,poldrack-single-stim,s558
170.0,PA_with_intermediate,,"2,3,0,0,0,0,1,0,0",test,ward_and_allport,"2,3,0,0,0,0,1,0,0",89,3.0,3.0,"89,71,82",42.0,,170,"0,0,0,0,0,0,1,2,3",170.0,,497219,0.0,to_board,poldrack-single-stim,s558
4040.0,PA_with_intermediate,True,,test,ward_and_allport,,-1,3.0,3.0,none,42.0,10000.0,-1,,1000.0,,501271,0.0,feedback,poldrack-single-stim,s558
3439.0,PA_with_intermediate,,"0,0,0,1,2,0,0,0,0",test,ward_and_allport,"2,3,0,1,0,0,0,0,0",71,3.0,1.0,71,43.0,,3439,"0,0,0,1,2,3,0,0,0",3439.0,,504720,0.0,to_hand,poldrack-single-stim,s558
266.0,PA_with_intermediate,,"0,0,0,1,2,0,3,0,0",test,ward_and_allport,"2,3,0,1,0,0,0,0,0",82,3.0,1.0,"89,71,82",43.0,,266,"0,0,0,1,2,3,0,0,0",266.0,,504987,0.0,to_board,poldrack-single-stim,s558
822.0,PA_with_intermediate,,"0,0,0,1,0,0,3,0,0",test,ward_and_allport,"2,3,0,1,0,0,0,0,0",71,3.0,2.0,"71,82",43.0,,822,"0,0,0,1,2,3,0,0,0",822.0,,505816,0.0,to_hand,poldrack-single-stim,s558
227.0,PA_with_intermediate,,"2,0,0,1,0,0,3,0,0",test,ward_and_allport,"2,3,0,1,0,0,0,0,0",89,3.0,2.0,"89,71,82",43.0,,227,"0,0,0,1,2,3,0,0,0",227.0,,506044,0.0,to_board,poldrack-single-stim,s558
1036.0,PA_with_intermediate,,"2,0,0,1,0,0,0,0,0",test,ward_and_allport,"2,3,0,1,0,0,0,0,0",82,3.0,3.0,"89,71,82",43.0,,1036,"0,0,0,1,2,3,0,0,0",1036.0,,507087,0.0,to_hand,poldrack-single-stim,s558
104.0,PA_with_intermediate,,"2,3,0,1,0,0,0,0,0",test,ward_and_allport,"2,3,0,1,0,0,0,0,0",89,3.0,3.0,"89,71,82",43.0,,104,"0,0,0,1,2,3,0,0,0",104.0,,507191,0.0,to_board,poldrack-single-stim,s558
2272.0,PA_with_intermediate,True,,test,ward_and_allport,,-1,3.0,3.0,none,43.0,8203.0,-1,,1000.0,,509474,0.0,feedback,poldrack-single-stim,s558
6409.0,PA_with_intermediate,,"0,0,0,0,0,0,1,2,0",test,ward_and_allport,"0,0,0,2,0,0,1,3,0",82,3.0,1.0,82,44.0,,6409,"0,0,0,0,0,0,1,2,3",6409.0,,515893,0.0,to_hand,poldrack-single-stim,s558
176.0,PA_with_intermediate,,"3,0,0,0,0,0,1,2,0",test,ward_and_allport,"0,0,0,2,0,0,1,3,0",89,3.0,1.0,"89,71,82",44.0,,176,"0,0,0,0,0,0,1,2,3",176.0,,516070,0.0,to_board,poldrack-single-stim,s558
491.0,PA_with_intermediate,,"3,0,0,0,0,0,1,0,0",test,ward_and_allport,"0,0,0,2,0,0,1,3,0",82,3.0,2.0,"89,82",44.0,,491,"0,0,0,0,0,0,1,2,3",491.0,,516571,0.0,to_hand,poldrack-single-stim,s558
164.0,PA_with_intermediate,,"3,0,0,2,0,0,1,0,0",test,ward_and_allport,"0,0,0,2,0,0,1,3,0",71,3.0,2.0,"89,71,82",44.0,,164,"0,0,0,0,0,0,1,2,3",164.0,,516736,0.0,to_board,poldrack-single-stim,s558
380.0,PA_with_intermediate,,"0,0,0,2,0,0,1,0,0",test,ward_and_allport,"0,0,0,2,0,0,1,3,0",89,3.0,3.0,"89,71,82",44.0,,380,"0,0,0,0,0,0,1,2,3",380.0,,517127,0.0,to_hand,poldrack-single-stim,s558
227.0,PA_with_intermediate,,"0,0,0,2,0,0,1,3,0",test,ward_and_allport,"0,0,0,2,0,0,1,3,0",82,3.0,3.0,"89,71,82",44.0,,227,"0,0,0,0,0,0,1,2,3",227.0,,517354,0.0,to_board,poldrack-single-stim,s558
2136.0,PA_with_intermediate,True,,test,ward_and_allport,,-1,3.0,3.0,none,44.0,10028.0,-1,,1000.0,,519502,0.0,feedback,poldrack-single-stim,s558
5128.0,PA_with_intermediate,,"0,0,0,1,2,0,0,0,0",test,ward_and_allport,"0,0,0,1,3,0,2,0,0",71,3.0,1.0,71,45.0,,5128,"0,0,0,1,2,3,0,0,0",5128.0,,529642,0.0,to_hand,poldrack-single-stim,s558
245.0,PA_with_intermediate,,"3,0,0,1,2,0,0,0,0",test,ward_and_allport,"0,0,0,1,3,0,2,0,0",89,3.0,1.0,"89,71,82",45.0,,245,"0,0,0,1,2,3,0,0,0",245.0,,529888,0.0,to_board,poldrack-single-stim,s558
389.0,PA_with_intermediate,,"3,0,0,1,0,0,0,0,0",test,ward_and_allport,"0,0,0,1,3,0,2,0,0",71,3.0,2.0,"89,71",45.0,,389,"0,0,0,1,2,3,0,0,0",389.0,,530287,0.0,to_hand,poldrack-single-stim,s558
281.0,PA_with_intermediate,,"3,0,0,1,0,0,2,0,0",test,ward_and_allport,"0,0,0,1,3,0,2,0,0",82,3.0,2.0,"89,71,82",45.0,,281,"0,0,0,1,2,3,0,0,0",281.0,,530569,0.0,to_board,poldrack-single-stim,s558
310.0,PA_with_intermediate,,"0,0,0,1,0,0,2,0,0",test,ward_and_allport,"0,0,0,1,3,0,2,0,0",89,3.0,3.0,"89,71,82",45.0,,310,"0,0,0,1,2,3,0,0,0",310.0,,530891,0.0,to_hand,poldrack-single-stim,s558
222.0,PA_with_intermediate,,"0,0,0,1,3,0,2,0,0",test,ward_and_allport,"0,0,0,1,3,0,2,0,0",71,3.0,3.0,"89,71,82",45.0,,222,"0,0,0,1,2,3,0,0,0",222.0,,531113,0.0,to_board,poldrack-single-stim,s558
2000.0,PA_with_intermediate,True,,test,ward_and_allport,,-1,3.0,3.0,none,45.0,13624.0,-1,,1000.0,,533126,0.0,feedback,poldrack-single-stim,s558
4303.0,PA_with_intermediate,,"0,0,0,1,2,0,0,0,0",test,ward_and_allport,"0,0,0,1,0,0,2,3,0",71,3.0,1.0,71,46.0,,4303,"0,0,0,1,2,3,0,0,0",4303.0,,537440,0.0,to_hand,poldrack-single-stim,s558
240.0,PA_with_intermediate,,"3,0,0,1,2,0,0,0,0",test,ward_and_allport,"0,0,0,1,0,0,2,3,0",89,3.0,1.0,"89,71,82",46.0,,240,"0,0,0,1,2,3,0,0,0",240.0,,537681,0.0,to_board,poldrack-single-stim,s558
254.0,PA_with_intermediate,,"3,0,0,1,0,0,0,0,0",test,ward_and_allport,"0,0,0,1,0,0,2,3,0",71,3.0,2.0,"89,71",46.0,,254,"0,0,0,1,2,3,0,0,0",254.0,,537943,0.0,to_hand,poldrack-single-stim,s558
248.0,PA_with_intermediate,,"3,0,0,1,0,0,2,0,0",test,ward_and_allport,"0,0,0,1,0,0,2,3,0",82,3.0,2.0,"89,71,82",46.0,,248,"0,0,0,1,2,3,0,0,0",248.0,,538191,0.0,to_board,poldrack-single-stim,s558
272.0,PA_with_intermediate,,"0,0,0,1,0,0,2,0,0",test,ward_and_allport,"0,0,0,1,0,0,2,3,0",89,3.0,3.0,"89,71,82",46.0,,272,"0,0,0,1,2,3,0,0,0",272.0,,538471,0.0,to_hand,poldrack-single-stim,s558
228.0,PA_with_intermediate,,"0,0,0,1,0,0,2,3,0",test,ward_and_allport,"0,0,0,1,0,0,2,3,0",82,3.0,3.0,"89,71,82",46.0,,228,"0,0,0,1,2,3,0,0,0",228.0,,538699,0.0,to_board,poldrack-single-stim,s558
2000.0,PA_with_intermediate,True,,test,ward_and_allport,,-1,3.0,3.0,none,46.0,7584.0,-1,,1000.0,,540710,0.0,feedback,poldrack-single-stim,s558
3315.0,PA_without_intermediate,,"0,0,0,0,0,0,1,2,0",test,ward_and_allport,"1,0,0,3,2,0,0,0,0",82,3.0,1.0,82,47.0,,3315,"0,0,0,0,0,0,1,2,3",3315.0,,544036,0.0,to_hand,poldrack-single-stim,s558
177.0,PA_without_intermediate,,"0,0,0,3,0,0,1,2,0",test,ward_and_allport,"1,0,0,3,2,0,0,0,0",71,3.0,1.0,"89,71,82",47.0,,177,"0,0,0,0,0,0,1,2,3",177.0,,544213,0.0,to_board,poldrack-single-stim,s558
373.0,PA_without_intermediate,,"0,0,0,3,0,0,1,0,0",test,ward_and_allport,"1,0,0,3,2,0,0,0,0",82,3.0,2.0,"71,82",47.0,,373,"0,0,0,0,0,0,1,2,3",373.0,,544597,0.0,to_hand,poldrack-single-stim,s558
197.0,PA_without_intermediate,,"0,0,0,3,2,0,1,0,0",test,ward_and_allport,"1,0,0,3,2,0,0,0,0",71,3.0,2.0,"89,71,82",47.0,,197,"0,0,0,0,0,0,1,2,3",197.0,,544795,0.0,to_board,poldrack-single-stim,s558
307.0,PA_without_intermediate,,"0,0,0,3,2,0,0,0,0",test,ward_and_allport,"1,0,0,3,2,0,0,0,0",82,3.0,3.0,"71,82",47.0,,307,"0,0,0,0,0,0,1,2,3",307.0,,545113,0.0,to_hand,poldrack-single-stim,s558
181.0,PA_without_intermediate,,"1,0,0,3,2,0,0,0,0",test,ward_and_allport,"1,0,0,3,2,0,0,0,0",89,3.0,3.0,"89,71,82",47.0,,181,"0,0,0,0,0,0,1,2,3",181.0,,545295,0.0,to_board,poldrack-single-stim,s558
2408.0,PA_without_intermediate,True,,test,ward_and_allport,,-1,3.0,3.0,none,47.0,7006.0,-1,,1000.0,,547716,0.0,feedback,poldrack-single-stim,s558
