SS_delay,SS_duration,SS_stimulus,SS_trial_type,block_duration,correct,correct_response,exp_stage,experiment_exp_id,feedback_duration,key_press,passed_check,possible_responses,rt,stim_duration,stopped,text,time_elapsed,timing_post_trial,trial_id,trial_num,trial_type,worker_id
,,,,1850.0,1.0,89.0,practice,stop_signal,500.0,89.0,True,"89,71",751,850.0,False,,-62027,250.0,stim,0.0,poldrack-categorize,s590
,,,,1850.0,1.0,71.0,practice,stop_signal,500.0,71.0,True,"89,71",660,850.0,False,,-59418,250.0,stim,1.0,poldrack-categorize,s590
,,,,1850.0,1.0,71.0,practice,stop_signal,500.0,71.0,True,"89,71",591,850.0,False,,-56815,250.0,stim,2.0,poldrack-categorize,s590
,,,,1850.0,1.0,71.0,practice,stop_signal,500.0,71.0,True,"89,71",761,850.0,False,,-54212,250.0,stim,3.0,poldrack-categorize,s590
,,,,1850.0,1.0,71.0,practice,stop_signal,500.0,71.0,True,"89,71",517,850.0,False,,-51604,250.0,stim,4.0,poldrack-categorize,s590
,,,,1850.0,1.0,71.0,practice,stop_signal,500.0,71.0,True,"89,71",569,850.0,False,,-48991,250.0,stim,5.0,poldrack-categorize,s590
,,,,1850.0,1.0,89.0,practice,stop_signal,500.0,89.0,True,"89,71",924,850.0,False,,-46383,250.0,stim,6.0,poldrack-categorize,s590
,,,,1850.0,1.0,89.0,practice,stop_signal,500.0,89.0,True,"89,71",467,850.0,False,,-43775,250.0,stim,7.0,poldrack-categorize,s590
,,,,1850.0,1.0,89.0,practice,stop_signal,500.0,89.0,True,"89,71",790,850.0,False,,-41167,250.0,stim,8.0,poldrack-categorize,s590
,,,,1850.0,1.0,71.0,practice,stop_signal,500.0,71.0,True,"89,71",579,850.0,False,,-38564,250.0,stim,9.0,poldrack-categorize,s590
,,,,1850.0,1.0,89.0,practice,stop_signal,500.0,89.0,True,"89,71",611,850.0,False,,-35956,250.0,stim,10.0,poldrack-categorize,s590
,,,,1850.0,1.0,89.0,practice,stop_signal,500.0,89.0,True,"89,71",855,850.0,False,,-33353,250.0,stim,11.0,poldrack-categorize,s590
300.0,500.0,<div class = coverbox></div><div class = stopbox><div class = centered-shape id = stop-signal></div><div class = centered-shape id = stop-signal-inner></div></div>,go,2522.0,1.0,71.0,test,stop_signal,,71.0,True,"89,71",682,850.0,False,,5540,0.0,stim,0.0,stop-signal,s590
300.0,500.0,<div class = coverbox></div><div class = stopbox><div class = centered-shape id = stop-signal></div><div class = centered-shape id = stop-signal-inner></div></div>,go,2250.0,1.0,89.0,test,stop_signal,,89.0,True,"89,71",585,850.0,False,,7792,0.0,stim,1.0,stop-signal,s590
300.0,500.0,<div class = coverbox></div><div class = stopbox><div class = centered-shape id = stop-signal></div><div class = centered-shape id = stop-signal-inner></div></div>,stop,2250.0,1.0,71.0,test,stop_signal,,71.0,True,"89,71",585,850.0,False,,10046,0.0,stim,2.0,stop-signal,s590
250.0,500.0,<div class = coverbox></div><div class = stopbox><div class = centered-shape id = stop-signal></div><div class = centered-shape id = stop-signal-inner></div></div>,go,2250.0,1.0,89.0,test,stop_signal,,89.0,True,"89,71",599,850.0,False,,12302,0.0,stim,3.0,stop-signal,s590
250.0,500.0,<div class = coverbox></div><div class = stopbox><div class = centered-shape id = stop-signal></div><div class = centered-shape id = stop-signal-inner></div></div>,go,2250.0,1.0,71.0,test,stop_signal,,71.0,True,"89,71",646,850.0,False,,14553,0.0,stim,4.0,stop-signal,s590
250.0,500.0,<div class = coverbox></div><div class = stopbox><div class = centered-shape id = stop-signal></div><div class = centered-shape id = stop-signal-inner></div></div>,go,2386.0,0.0,71.0,test,stop_signal,,89.0,True,"89,71",465,850.0,False,,16942,0.0,stim,5.0,stop-signal,s590
250.0,500.0,<div class = coverbox></div><div class = stopbox><div class = centered-shape id = stop-signal></div><div class = centered-shape id = stop-signal-inner></div></div>,go,2250.0,1.0,89.0,test,stop_signal,,89.0,True,"89,71",547,850.0,False,,19198,0.0,stim,6.0,stop-signal,s590
250.0,500.0,<div class = coverbox></div><div class = stopbox><div class = centered-shape id = stop-signal></div><div class = centered-shape id = stop-signal-inner></div></div>,stop,2250.0,1.0,71.0,test,stop_signal,,71.0,True,"89,71",654,850.0,False,,21453,0.0,stim,7.0,stop-signal,s590
200.0,500.0,<div class = coverbox></div><div class = stopbox><div class = centered-shape id = stop-signal></div><div class = centered-shape id = stop-signal-inner></div></div>,go,2250.0,1.0,71.0,test,stop_signal,,71.0,True,"89,71",611,850.0,False,,23705,0.0,stim,8.0,stop-signal,s590
200.0,500.0,<div class = coverbox></div><div class = stopbox><div class = centered-shape id = stop-signal></div><div class = centered-shape id = stop-signal-inner></div></div>,stop,2250.0,0.0,71.0,test,stop_signal,,-1.0,True,"89,71",-1,850.0,True,,25961,0.0,stim,9.0,stop-signal,s590
250.0,500.0,<div class = coverbox></div><div class = stopbox><div class = centered-shape id = stop-signal></div><div class = centered-shape id = stop-signal-inner></div></div>,stop,2522.0,1.0,71.0,test,stop_signal,,71.0,True,"89,71",618,850.0,False,,28489,0.0,stim,10.0,stop-signal,s590
200.0,500.0,<div class = coverbox></div><div class = stopbox><div class = centered-shape id = stop-signal></div><div class = centered-shape id = stop-signal-inner></div></div>,go,2386.0,1.0,89.0,test,stop_signal,,89.0,True,"89,71",616,850.0,False,,30879,0.0,stim,11.0,stop-signal,s590
200.0,500.0,<div class = coverbox></div><div class = stopbox><div class = centered-shape id = stop-signal></div><div class = centered-shape id = stop-signal-inner></div></div>,go,2522.0,1.0,71.0,test,stop_signal,,71.0,True,"89,71",441,850.0,False,,33407,0.0,stim,12.0,stop-signal,s590
200.0,500.0,<div class = coverbox></div><div class = stopbox><div class = centered-shape id = stop-signal></div><div class = centered-shape id = stop-signal-inner></div></div>,stop,2250.0,0.0,89.0,test,stop_signal,,-1.0,True,"89,71",-1,850.0,True,,35663,0.0,stim,13.0,stop-signal,s590
250.0,500.0,<div class = coverbox></div><div class = stopbox><div class = centered-shape id = stop-signal></div><div class = centered-shape id = stop-signal-inner></div></div>,go,2386.0,1.0,71.0,test,stop_signal,,71.0,True,"89,71",504,850.0,False,,38052,0.0,stim,14.0,stop-signal,s590
250.0,500.0,<div class = coverbox></div><div class = stopbox><div class = centered-shape id = stop-signal></div><div class = centered-shape id = stop-signal-inner></div></div>,go,2386.0,1.0,89.0,test,stop_signal,,89.0,True,"89,71",567,850.0,False,,40442,0.0,stim,15.0,stop-signal,s590
250.0,500.0,<div class = coverbox></div><div class = stopbox><div class = centered-shape id = stop-signal></div><div class = centered-shape id = stop-signal-inner></div></div>,go,2250.0,1.0,89.0,test,stop_signal,,89.0,True,"89,71",555,850.0,False,,42694,0.0,stim,16.0,stop-signal,s590
250.0,500.0,<div class = coverbox></div><div class = stopbox><div class = centered-shape id = stop-signal></div><div class = centered-shape id = stop-signal-inner></div></div>,go,2386.0,1.0,71.0,test,stop_signal,,71.0,True,"89,71",495,850.0,False,,45082,0.0,stim,17.0,stop-signal,s590
250.0,500.0,<div class = coverbox></div><div class = stopbox><div class = centered-shape id = stop-signal></div><div class = centered-shape id = stop-signal-inner></div></div>,go,2386.0,1.0,89.0,test,stop_signal,,89.0,True,"89,71",800,850.0,False,,47471,0.0,stim,18.0,stop-signal,s590
250.0,500.0,<div class = coverbox></div><div class = stopbox><div class = centered-shape id = stop-signal></div><div class = centered-shape id = stop-signal-inner></div></div>,stop,2386.0,0.0,71.0,test,stop_signal,,-1.0,True,"89,71",-1,850.0,True,,49861,0.0,stim,19.0,stop-signal,s590
300.0,500.0,<div class = coverbox></div><div class = stopbox><div class = centered-shape id = stop-signal></div><div class = centered-shape id = stop-signal-inner></div></div>,go,2658.0,1.0,71.0,test,stop_signal,,71.0,True,"89,71",475,850.0,False,,52522,0.0,stim,20.0,stop-signal,s590
300.0,500.0,<div class = coverbox></div><div class = stopbox><div class = centered-shape id = stop-signal></div><div class = centered-shape id = stop-signal-inner></div></div>,go,2522.0,1.0,89.0,test,stop_signal,,89.0,True,"89,71",533,850.0,False,,55050,0.0,stim,21.0,stop-signal,s590
300.0,500.0,<div class = coverbox></div><div class = stopbox><div class = centered-shape id = stop-signal></div><div class = centered-shape id = stop-signal-inner></div></div>,stop,2250.0,1.0,89.0,test,stop_signal,,89.0,True,"89,71",578,850.0,False,,57306,0.0,stim,22.0,stop-signal,s590
250.0,500.0,<div class = coverbox></div><div class = stopbox><div class = centered-shape id = stop-signal></div><div class = centered-shape id = stop-signal-inner></div></div>,stop,2930.0,1.0,71.0,test,stop_signal,,71.0,True,"89,71",533,850.0,False,,60239,0.0,stim,23.0,stop-signal,s590
200.0,500.0,<div class = coverbox></div><div class = stopbox><div class = centered-shape id = stop-signal></div><div class = centered-shape id = stop-signal-inner></div></div>,go,2250.0,1.0,89.0,test,stop_signal,,89.0,True,"89,71",449,850.0,False,,62494,0.0,stim,24.0,stop-signal,s590
200.0,500.0,<div class = coverbox></div><div class = stopbox><div class = centered-shape id = stop-signal></div><div class = centered-shape id = stop-signal-inner></div></div>,go,2522.0,1.0,71.0,test,stop_signal,,71.0,True,"89,71",640,850.0,False,,65019,0.0,stim,25.0,stop-signal,s590
200.0,500.0,<div class = coverbox></div><div class = stopbox><div class = centered-shape id = stop-signal></div><div class = centered-shape id = stop-signal-inner></div></div>,stop,2250.0,0.0,89.0,test,stop_signal,,-1.0,True,"89,71",-1,850.0,True,,67276,0.0,stim,26.0,stop-signal,s590
250.0,500.0,<div class = coverbox></div><div class = stopbox><div class = centered-shape id = stop-signal></div><div class = centered-shape id = stop-signal-inner></div></div>,go,2250.0,1.0,89.0,test,stop_signal,,89.0,True,"89,71",545,850.0,False,,69531,0.0,stim,27.0,stop-signal,s590
250.0,500.0,<div class = coverbox></div><div class = stopbox><div class = centered-shape id = stop-signal></div><div class = centered-shape id = stop-signal-inner></div></div>,go,2250.0,1.0,71.0,test,stop_signal,,71.0,True,"89,71",544,850.0,False,,71787,0.0,stim,28.0,stop-signal,s590
250.0,500.0,<div class = coverbox></div><div class = stopbox><div class = centered-shape id = stop-signal></div><div class = centered-shape id = stop-signal-inner></div></div>,go,2250.0,1.0,71.0,test,stop_signal,,71.0,True,"89,71",534,850.0,False,,74038,0.0,stim,29.0,stop-signal,s590
250.0,500.0,<div class = coverbox></div><div class = stopbox><div class = centered-shape id = stop-signal></div><div class = centered-shape id = stop-signal-inner></div></div>,go,2522.0,1.0,71.0,test,stop_signal,,71.0,True,"89,71",449,850.0,False,,76565,0.0,stim,30.0,stop-signal,s590
250.0,500.0,<div class = coverbox></div><div class = stopbox><div class = centered-shape id = stop-signal></div><div class = centered-shape id = stop-signal-inner></div></div>,stop,3066.0,0.0,89.0,test,stop_signal,,-1.0,True,"89,71",-1,850.0,True,,79634,0.0,stim,31.0,stop-signal,s590
300.0,500.0,<div class = coverbox></div><div class = stopbox><div class = centered-shape id = stop-signal></div><div class = centered-shape id = stop-signal-inner></div></div>,stop,2250.0,1.0,89.0,test,stop_signal,,89.0,True,"89,71",438,850.0,False,,81889,0.0,stim,32.0,stop-signal,s590
250.0,500.0,<div class = coverbox></div><div class = stopbox><div class = centered-shape id = stop-signal></div><div class = centered-shape id = stop-signal-inner></div></div>,go,2386.0,1.0,71.0,test,stop_signal,,71.0,True,"89,71",925,850.0,False,,84278,0.0,stim,33.0,stop-signal,s590
250.0,500.0,<div class = coverbox></div><div class = stopbox><div class = centered-shape id = stop-signal></div><div class = centered-shape id = stop-signal-inner></div></div>,stop,2386.0,1.0,71.0,test,stop_signal,,71.0,True,"89,71",585,850.0,False,,86668,0.0,stim,34.0,stop-signal,s590
200.0,500.0,<div class = coverbox></div><div class = stopbox><div class = centered-shape id = stop-signal></div><div class = centered-shape id = stop-signal-inner></div></div>,go,2522.0,1.0,71.0,test,stop_signal,,71.0,True,"89,71",534,850.0,False,,89196,0.0,stim,35.0,stop-signal,s590
200.0,500.0,<div class = coverbox></div><div class = stopbox><div class = centered-shape id = stop-signal></div><div class = centered-shape id = stop-signal-inner></div></div>,go,2386.0,1.0,89.0,test,stop_signal,,89.0,True,"89,71",655,850.0,False,,91584,0.0,stim,36.0,stop-signal,s590
200.0,500.0,<div class = coverbox></div><div class = stopbox><div class = centered-shape id = stop-signal></div><div class = centered-shape id = stop-signal-inner></div></div>,go,2386.0,1.0,71.0,test,stop_signal,,71.0,True,"89,71",642,850.0,False,,93974,0.0,stim,37.0,stop-signal,s590
200.0,500.0,<div class = coverbox></div><div class = stopbox><div class = centered-shape id = stop-signal></div><div class = centered-shape id = stop-signal-inner></div></div>,stop,2794.0,1.0,89.0,test,stop_signal,,89.0,True,"89,71",638,850.0,False,,96770,0.0,stim,38.0,stop-signal,s590
150.0,500.0,<div class = coverbox></div><div class = stopbox><div class = centered-shape id = stop-signal></div><div class = centered-shape id = stop-signal-inner></div></div>,go,2386.0,1.0,89.0,test,stop_signal,,89.0,True,"89,71",734,850.0,False,,99159,0.0,stim,39.0,stop-signal,s590
150.0,500.0,<div class = coverbox></div><div class = stopbox><div class = centered-shape id = stop-signal></div><div class = centered-shape id = stop-signal-inner></div></div>,stop,2250.0,1.0,71.0,test,stop_signal,,71.0,True,"89,71",885,850.0,False,,101415,0.0,stim,40.0,stop-signal,s590
,,,,7500.0,0.0,,,stop_signal,,-1.0,True,none,-1,7500.0,True,,108919,1000.0,rest_block,,poldrack-single-stim,s590
100.0,500.0,<div class = coverbox></div><div class = stopbox><div class = centered-shape id = stop-signal></div><div class = centered-shape id = stop-signal-inner></div></div>,stop,2522.0,0.0,89.0,test,stop_signal,,-1.0,True,"89,71",-1,850.0,True,,114450,0.0,stim,41.0,stop-signal,s590
150.0,500.0,<div class = coverbox></div><div class = stopbox><div class = centered-shape id = stop-signal></div><div class = centered-shape id = stop-signal-inner></div></div>,stop,2386.0,0.0,89.0,test,stop_signal,,-1.0,True,"89,71",-1,850.0,True,,116838,0.0,stim,42.0,stop-signal,s590
200.0,500.0,<div class = coverbox></div><div class = stopbox><div class = centered-shape id = stop-signal></div><div class = centered-shape id = stop-signal-inner></div></div>,go,2386.0,1.0,89.0,test,stop_signal,,89.0,True,"89,71",498,850.0,False,,119229,0.0,stim,43.0,stop-signal,s590
200.0,500.0,<div class = coverbox></div><div class = stopbox><div class = centered-shape id = stop-signal></div><div class = centered-shape id = stop-signal-inner></div></div>,stop,2250.0,0.0,89.0,test,stop_signal,,-1.0,True,"89,71",-1,850.0,True,,121485,0.0,stim,44.0,stop-signal,s590
250.0,500.0,<div class = coverbox></div><div class = stopbox><div class = centered-shape id = stop-signal></div><div class = centered-shape id = stop-signal-inner></div></div>,go,2386.0,1.0,71.0,test,stop_signal,,71.0,True,"89,71",557,850.0,False,,123874,0.0,stim,45.0,stop-signal,s590
250.0,500.0,<div class = coverbox></div><div class = stopbox><div class = centered-shape id = stop-signal></div><div class = centered-shape id = stop-signal-inner></div></div>,go,2250.0,1.0,71.0,test,stop_signal,,71.0,True,"89,71",757,850.0,False,,126126,0.0,stim,46.0,stop-signal,s590
250.0,500.0,<div class = coverbox></div><div class = stopbox><div class = centered-shape id = stop-signal></div><div class = centered-shape id = stop-signal-inner></div></div>,stop,2250.0,0.0,89.0,test,stop_signal,,-1.0,True,"89,71",-1,850.0,True,,128381,0.0,stim,47.0,stop-signal,s590
300.0,500.0,<div class = coverbox></div><div class = stopbox><div class = centered-shape id = stop-signal></div><div class = centered-shape id = stop-signal-inner></div></div>,go,2250.0,1.0,89.0,test,stop_signal,,89.0,True,"89,71",506,850.0,False,,130637,0.0,stim,48.0,stop-signal,s590
300.0,500.0,<div class = coverbox></div><div class = stopbox><div class = centered-shape id = stop-signal></div><div class = centered-shape id = stop-signal-inner></div></div>,go,2386.0,1.0,71.0,test,stop_signal,,71.0,True,"89,71",604,850.0,False,,133029,0.0,stim,49.0,stop-signal,s590
300.0,500.0,<div class = coverbox></div><div class = stopbox><div class = centered-shape id = stop-signal></div><div class = centered-shape id = stop-signal-inner></div></div>,stop,2250.0,0.0,71.0,test,stop_signal,,-1.0,True,"89,71",-1,850.0,True,,135284,0.0,stim,50.0,stop-signal,s590
350.0,500.0,<div class = coverbox></div><div class = stopbox><div class = centered-shape id = stop-signal></div><div class = centered-shape id = stop-signal-inner></div></div>,stop,2250.0,1.0,71.0,test,stop_signal,,71.0,True,"89,71",700,850.0,False,,137539,0.0,stim,51.0,stop-signal,s590
300.0,500.0,<div class = coverbox></div><div class = stopbox><div class = centered-shape id = stop-signal></div><div class = centered-shape id = stop-signal-inner></div></div>,stop,2386.0,0.0,89.0,test,stop_signal,,-1.0,True,"89,71",-1,850.0,True,,139929,0.0,stim,52.0,stop-signal,s590
350.0,500.0,<div class = coverbox></div><div class = stopbox><div class = centered-shape id = stop-signal></div><div class = centered-shape id = stop-signal-inner></div></div>,stop,2386.0,1.0,89.0,test,stop_signal,,89.0,True,"89,71",528,850.0,False,,142318,0.0,stim,53.0,stop-signal,s590
300.0,500.0,<div class = coverbox></div><div class = stopbox><div class = centered-shape id = stop-signal></div><div class = centered-shape id = stop-signal-inner></div></div>,go,2250.0,1.0,71.0,test,stop_signal,,71.0,True,"89,71",571,850.0,False,,144574,0.0,stim,54.0,stop-signal,s590
300.0,500.0,<div class = coverbox></div><div class = stopbox><div class = centered-shape id = stop-signal></div><div class = centered-shape id = stop-signal-inner></div></div>,stop,2522.0,0.0,89.0,test,stop_signal,,-1.0,True,"89,71",-1,850.0,True,,147102,0.0,stim,55.0,stop-signal,s590
350.0,500.0,<div class = coverbox></div><div class = stopbox><div class = centered-shape id = stop-signal></div><div class = centered-shape id = stop-signal-inner></div></div>,go,2250.0,1.0,89.0,test,stop_signal,,89.0,True,"89,71",625,850.0,False,,149353,0.0,stim,56.0,stop-signal,s590
350.0,500.0,<div class = coverbox></div><div class = stopbox><div class = centered-shape id = stop-signal></div><div class = centered-shape id = stop-signal-inner></div></div>,go,2386.0,1.0,89.0,test,stop_signal,,89.0,True,"89,71",768,850.0,False,,151741,0.0,stim,57.0,stop-signal,s590
350.0,500.0,<div class = coverbox></div><div class = stopbox><div class = centered-shape id = stop-signal></div><div class = centered-shape id = stop-signal-inner></div></div>,go,2250.0,1.0,89.0,test,stop_signal,,89.0,True,"89,71",494,850.0,False,,153993,0.0,stim,58.0,stop-signal,s590
350.0,500.0,<div class = coverbox></div><div class = stopbox><div class = centered-shape id = stop-signal></div><div class = centered-shape id = stop-signal-inner></div></div>,stop,2250.0,1.0,89.0,test,stop_signal,,89.0,True,"89,71",458,850.0,False,,156244,0.0,stim,59.0,stop-signal,s590
300.0,500.0,<div class = coverbox></div><div class = stopbox><div class = centered-shape id = stop-signal></div><div class = centered-shape id = stop-signal-inner></div></div>,go,2386.0,1.0,89.0,test,stop_signal,,89.0,True,"89,71",499,850.0,False,,158633,0.0,stim,60.0,stop-signal,s590
300.0,500.0,<div class = coverbox></div><div class = stopbox><div class = centered-shape id = stop-signal></div><div class = centered-shape id = stop-signal-inner></div></div>,go,2522.0,1.0,71.0,test,stop_signal,,71.0,True,"89,71",729,850.0,False,,161157,0.0,stim,61.0,stop-signal,s590
300.0,500.0,<div class = coverbox></div><div class = stopbox><div class = centered-shape id = stop-signal></div><div class = centered-shape id = stop-signal-inner></div></div>,go,2386.0,1.0,71.0,test,stop_signal,,71.0,True,"89,71",530,850.0,False,,163545,0.0,stim,62.0,stop-signal,s590
300.0,500.0,<div class = coverbox></div><div class = stopbox><div class = centered-shape id = stop-signal></div><div class = centered-shape id = stop-signal-inner></div></div>,go,2522.0,1.0,89.0,test,stop_signal,,89.0,True,"89,71",573,850.0,False,,166074,0.0,stim,63.0,stop-signal,s590
300.0,500.0,<div class = coverbox></div><div class = stopbox><div class = centered-shape id = stop-signal></div><div class = centered-shape id = stop-signal-inner></div></div>,stop,2930.0,1.0,89.0,test,stop_signal,,89.0,True,"89,71",510,850.0,False,,169007,0.0,stim,64.0,stop-signal,s590
250.0,500.0,<div class = coverbox></div><div class = stopbox><div class = centered-shape id = stop-signal></div><div class = centered-shape id = stop-signal-inner></div></div>,go,2522.0,1.0,89.0,test,stop_signal,,89.0,True,"89,71",562,850.0,False,,171535,0.0,stim,65.0,stop-signal,s590
250.0,500.0,<div class = coverbox></div><div class = stopbox><div class = centered-shape id = stop-signal></div><div class = centered-shape id = stop-signal-inner></div></div>,go,2522.0,0.0,71.0,test,stop_signal,,89.0,True,"89,71",613,850.0,False,,174059,0.0,stim,66.0,stop-signal,s590
250.0,500.0,<div class = coverbox></div><div class = stopbox><div class = centered-shape id = stop-signal></div><div class = centered-shape id = stop-signal-inner></div></div>,go,2250.0,1.0,89.0,test,stop_signal,,89.0,True,"89,71",556,850.0,False,,176313,0.0,stim,67.0,stop-signal,s590
250.0,500.0,<div class = coverbox></div><div class = stopbox><div class = centered-shape id = stop-signal></div><div class = centered-shape id = stop-signal-inner></div></div>,stop,2522.0,0.0,89.0,test,stop_signal,,-1.0,True,"89,71",-1,850.0,True,,178841,0.0,stim,68.0,stop-signal,s590
300.0,500.0,<div class = coverbox></div><div class = stopbox><div class = centered-shape id = stop-signal></div><div class = centered-shape id = stop-signal-inner></div></div>,go,2386.0,1.0,71.0,test,stop_signal,,71.0,True,"89,71",382,850.0,False,,181231,0.0,stim,69.0,stop-signal,s590
300.0,500.0,<div class = coverbox></div><div class = stopbox><div class = centered-shape id = stop-signal></div><div class = centered-shape id = stop-signal-inner></div></div>,go,2250.0,1.0,89.0,test,stop_signal,,89.0,True,"89,71",647,850.0,False,,183487,0.0,stim,70.0,stop-signal,s590
300.0,500.0,<div class = coverbox></div><div class = stopbox><div class = centered-shape id = stop-signal></div><div class = centered-shape id = stop-signal-inner></div></div>,go,2386.0,1.0,71.0,test,stop_signal,,71.0,True,"89,71",684,850.0,False,,185877,0.0,stim,71.0,stop-signal,s590
300.0,500.0,<div class = coverbox></div><div class = stopbox><div class = centered-shape id = stop-signal></div><div class = centered-shape id = stop-signal-inner></div></div>,go,2250.0,0.0,71.0,test,stop_signal,,-1.0,True,"89,71",-1,850.0,True,,188129,0.0,stim,72.0,stop-signal,s590
300.0,500.0,<div class = coverbox></div><div class = stopbox><div class = centered-shape id = stop-signal></div><div class = centered-shape id = stop-signal-inner></div></div>,stop,2386.0,1.0,89.0,test,stop_signal,,89.0,True,"89,71",614,850.0,False,,190517,0.0,stim,73.0,stop-signal,s590
250.0,500.0,<div class = coverbox></div><div class = stopbox><div class = centered-shape id = stop-signal></div><div class = centered-shape id = stop-signal-inner></div></div>,go,2522.0,1.0,89.0,test,stop_signal,,89.0,True,"89,71",1021,850.0,False,,193045,0.0,stim,74.0,stop-signal,s590
250.0,500.0,<div class = coverbox></div><div class = stopbox><div class = centered-shape id = stop-signal></div><div class = centered-shape id = stop-signal-inner></div></div>,stop,2250.0,1.0,89.0,test,stop_signal,,89.0,True,"89,71",826,850.0,False,,195296,0.0,stim,75.0,stop-signal,s590
200.0,500.0,<div class = coverbox></div><div class = stopbox><div class = centered-shape id = stop-signal></div><div class = centered-shape id = stop-signal-inner></div></div>,stop,2386.0,0.0,71.0,test,stop_signal,,-1.0,True,"89,71",-1,850.0,True,,197685,0.0,stim,76.0,stop-signal,s590
250.0,500.0,<div class = coverbox></div><div class = stopbox><div class = centered-shape id = stop-signal></div><div class = centered-shape id = stop-signal-inner></div></div>,go,2658.0,1.0,89.0,test,stop_signal,,89.0,True,"89,71",616,850.0,False,,200347,0.0,stim,77.0,stop-signal,s590
250.0,500.0,<div class = coverbox></div><div class = stopbox><div class = centered-shape id = stop-signal></div><div class = centered-shape id = stop-signal-inner></div></div>,stop,2250.0,0.0,71.0,test,stop_signal,,-1.0,True,"89,71",-1,850.0,True,,202602,0.0,stim,78.0,stop-signal,s590
300.0,500.0,<div class = coverbox></div><div class = stopbox><div class = centered-shape id = stop-signal></div><div class = centered-shape id = stop-signal-inner></div></div>,go,3202.0,1.0,89.0,test,stop_signal,,89.0,True,"89,71",783,850.0,False,,205808,0.0,stim,79.0,stop-signal,s590
300.0,500.0,<div class = coverbox></div><div class = stopbox><div class = centered-shape id = stop-signal></div><div class = centered-shape id = stop-signal-inner></div></div>,go,2386.0,0.0,89.0,test,stop_signal,,-1.0,True,"89,71",-1,850.0,True,,208197,0.0,stim,80.0,stop-signal,s590
300.0,500.0,<div class = coverbox></div><div class = stopbox><div class = centered-shape id = stop-signal></div><div class = centered-shape id = stop-signal-inner></div></div>,go,2386.0,1.0,71.0,test,stop_signal,,71.0,True,"89,71",541,850.0,False,,210587,0.0,stim,81.0,stop-signal,s590
300.0,500.0,<div class = coverbox></div><div class = stopbox><div class = centered-shape id = stop-signal></div><div class = centered-shape id = stop-signal-inner></div></div>,stop,2522.0,0.0,71.0,test,stop_signal,,-1.0,True,"89,71",-1,850.0,True,,213115,0.0,stim,82.0,stop-signal,s590
,,,,7500.0,0.0,,,stop_signal,,-1.0,True,none,-1,7500.0,True,,220620,1000.0,rest_block,,poldrack-single-stim,s590
350.0,500.0,<div class = coverbox></div><div class = stopbox><div class = centered-shape id = stop-signal></div><div class = centered-shape id = stop-signal-inner></div></div>,go,2250.0,1.0,89.0,test,stop_signal,,89.0,True,"89,71",814,850.0,False,,225879,0.0,stim,83.0,stop-signal,s590
350.0,500.0,<div class = coverbox></div><div class = stopbox><div class = centered-shape id = stop-signal></div><div class = centered-shape id = stop-signal-inner></div></div>,stop,2250.0,1.0,89.0,test,stop_signal,,89.0,True,"89,71",746,850.0,False,,228135,0.0,stim,84.0,stop-signal,s590
300.0,500.0,<div class = coverbox></div><div class = stopbox><div class = centered-shape id = stop-signal></div><div class = centered-shape id = stop-signal-inner></div></div>,stop,2250.0,1.0,89.0,test,stop_signal,,89.0,True,"89,71",512,850.0,False,,230391,0.0,stim,85.0,stop-signal,s590
250.0,500.0,<div class = coverbox></div><div class = stopbox><div class = centered-shape id = stop-signal></div><div class = centered-shape id = stop-signal-inner></div></div>,go,2930.0,1.0,89.0,test,stop_signal,,89.0,True,"89,71",659,850.0,False,,233324,0.0,stim,86.0,stop-signal,s590
250.0,500.0,<div class = coverbox></div><div class = stopbox><div class = centered-shape id = stop-signal></div><div class = centered-shape id = stop-signal-inner></div></div>,go,2522.0,1.0,71.0,test,stop_signal,,71.0,True,"89,71",634,850.0,False,,235847,0.0,stim,87.0,stop-signal,s590
250.0,500.0,<div class = coverbox></div><div class = stopbox><div class = centered-shape id = stop-signal></div><div class = centered-shape id = stop-signal-inner></div></div>,go,2522.0,1.0,89.0,test,stop_signal,,89.0,True,"89,71",573,850.0,False,,238375,0.0,stim,88.0,stop-signal,s590
250.0,500.0,<div class = coverbox></div><div class = stopbox><div class = centered-shape id = stop-signal></div><div class = centered-shape id = stop-signal-inner></div></div>,go,2250.0,1.0,89.0,test,stop_signal,,89.0,True,"89,71",721,850.0,False,,240626,0.0,stim,89.0,stop-signal,s590
250.0,500.0,<div class = coverbox></div><div class = stopbox><div class = centered-shape id = stop-signal></div><div class = centered-shape id = stop-signal-inner></div></div>,stop,2522.0,0.0,71.0,test,stop_signal,,-1.0,True,"89,71",-1,850.0,True,,243153,0.0,stim,90.0,stop-signal,s590
300.0,500.0,<div class = coverbox></div><div class = stopbox><div class = centered-shape id = stop-signal></div><div class = centered-shape id = stop-signal-inner></div></div>,stop,2250.0,0.0,71.0,test,stop_signal,,-1.0,True,"89,71",-1,850.0,True,,245408,0.0,stim,91.0,stop-signal,s590
350.0,500.0,<div class = coverbox></div><div class = stopbox><div class = centered-shape id = stop-signal></div><div class = centered-shape id = stop-signal-inner></div></div>,go,2386.0,1.0,89.0,test,stop_signal,,89.0,True,"89,71",546,850.0,False,,247799,0.0,stim,92.0,stop-signal,s590
350.0,500.0,<div class = coverbox></div><div class = stopbox><div class = centered-shape id = stop-signal></div><div class = centered-shape id = stop-signal-inner></div></div>,stop,2250.0,0.0,71.0,test,stop_signal,,-1.0,True,"89,71",-1,850.0,True,,250054,0.0,stim,93.0,stop-signal,s590
400.0,500.0,<div class = coverbox></div><div class = stopbox><div class = centered-shape id = stop-signal></div><div class = centered-shape id = stop-signal-inner></div></div>,go,2658.0,0.0,71.0,test,stop_signal,,-1.0,True,"89,71",-1,850.0,True,,252717,0.0,stim,94.0,stop-signal,s590
400.0,500.0,<div class = coverbox></div><div class = stopbox><div class = centered-shape id = stop-signal></div><div class = centered-shape id = stop-signal-inner></div></div>,go,2658.0,1.0,71.0,test,stop_signal,,71.0,True,"89,71",531,850.0,False,,255378,0.0,stim,95.0,stop-signal,s590
400.0,500.0,<div class = coverbox></div><div class = stopbox><div class = centered-shape id = stop-signal></div><div class = centered-shape id = stop-signal-inner></div></div>,go,2250.0,1.0,71.0,test,stop_signal,,71.0,True,"89,71",512,850.0,False,,257630,0.0,stim,96.0,stop-signal,s590
400.0,500.0,<div class = coverbox></div><div class = stopbox><div class = centered-shape id = stop-signal></div><div class = centered-shape id = stop-signal-inner></div></div>,go,2250.0,1.0,89.0,test,stop_signal,,89.0,True,"89,71",628,850.0,False,,259883,0.0,stim,97.0,stop-signal,s590
400.0,500.0,<div class = coverbox></div><div class = stopbox><div class = centered-shape id = stop-signal></div><div class = centered-shape id = stop-signal-inner></div></div>,go,2386.0,1.0,71.0,test,stop_signal,,71.0,True,"89,71",491,850.0,False,,262274,0.0,stim,98.0,stop-signal,s590
400.0,500.0,<div class = coverbox></div><div class = stopbox><div class = centered-shape id = stop-signal></div><div class = centered-shape id = stop-signal-inner></div></div>,stop,2794.0,1.0,71.0,test,stop_signal,,71.0,True,"89,71",487,850.0,False,,265074,0.0,stim,99.0,stop-signal,s590
350.0,500.0,<div class = coverbox></div><div class = stopbox><div class = centered-shape id = stop-signal></div><div class = centered-shape id = stop-signal-inner></div></div>,stop,2386.0,1.0,89.0,test,stop_signal,,89.0,True,"89,71",532,850.0,False,,267462,0.0,stim,100.0,stop-signal,s590
300.0,500.0,<div class = coverbox></div><div class = stopbox><div class = centered-shape id = stop-signal></div><div class = centered-shape id = stop-signal-inner></div></div>,stop,2250.0,0.0,89.0,test,stop_signal,,-1.0,True,"89,71",-1,850.0,True,,269715,0.0,stim,101.0,stop-signal,s590
350.0,500.0,<div class = coverbox></div><div class = stopbox><div class = centered-shape id = stop-signal></div><div class = centered-shape id = stop-signal-inner></div></div>,stop,2250.0,1.0,71.0,test,stop_signal,,71.0,True,"89,71",514,850.0,False,,271971,0.0,stim,102.0,stop-signal,s590
300.0,500.0,<div class = coverbox></div><div class = stopbox><div class = centered-shape id = stop-signal></div><div class = centered-shape id = stop-signal-inner></div></div>,stop,2250.0,0.0,71.0,test,stop_signal,,-1.0,True,"89,71",-1,850.0,True,,274227,0.0,stim,103.0,stop-signal,s590
350.0,500.0,<div class = coverbox></div><div class = stopbox><div class = centered-shape id = stop-signal></div><div class = centered-shape id = stop-signal-inner></div></div>,go,2658.0,1.0,89.0,test,stop_signal,,89.0,True,"89,71",911,850.0,False,,276886,0.0,stim,104.0,stop-signal,s590
350.0,500.0,<div class = coverbox></div><div class = stopbox><div class = centered-shape id = stop-signal></div><div class = centered-shape id = stop-signal-inner></div></div>,go,2658.0,1.0,89.0,test,stop_signal,,89.0,True,"89,71",601,850.0,False,,279549,0.0,stim,105.0,stop-signal,s590
350.0,500.0,<div class = coverbox></div><div class = stopbox><div class = centered-shape id = stop-signal></div><div class = centered-shape id = stop-signal-inner></div></div>,go,2250.0,1.0,71.0,test,stop_signal,,71.0,True,"89,71",767,850.0,False,,281800,0.0,stim,106.0,stop-signal,s590
350.0,500.0,<div class = coverbox></div><div class = stopbox><div class = centered-shape id = stop-signal></div><div class = centered-shape id = stop-signal-inner></div></div>,go,2522.0,1.0,71.0,test,stop_signal,,71.0,True,"89,71",901,850.0,False,,284329,0.0,stim,107.0,stop-signal,s590
350.0,500.0,<div class = coverbox></div><div class = stopbox><div class = centered-shape id = stop-signal></div><div class = centered-shape id = stop-signal-inner></div></div>,go,2250.0,1.0,89.0,test,stop_signal,,89.0,True,"89,71",490,850.0,False,,286580,0.0,stim,108.0,stop-signal,s590
350.0,500.0,<div class = coverbox></div><div class = stopbox><div class = centered-shape id = stop-signal></div><div class = centered-shape id = stop-signal-inner></div></div>,stop,2522.0,0.0,89.0,test,stop_signal,,-1.0,True,"89,71",-1,850.0,True,,289107,0.0,stim,109.0,stop-signal,s590
400.0,500.0,<div class = coverbox></div><div class = stopbox><div class = centered-shape id = stop-signal></div><div class = centered-shape id = stop-signal-inner></div></div>,go,2522.0,1.0,71.0,test,stop_signal,,71.0,True,"89,71",768,850.0,False,,291631,0.0,stim,110.0,stop-signal,s590
400.0,500.0,<div class = coverbox></div><div class = stopbox><div class = centered-shape id = stop-signal></div><div class = centered-shape id = stop-signal-inner></div></div>,stop,2522.0,1.0,71.0,test,stop_signal,,71.0,True,"89,71",549,850.0,False,,294154,0.0,stim,111.0,stop-signal,s590
350.0,500.0,<div class = coverbox></div><div class = stopbox><div class = centered-shape id = stop-signal></div><div class = centered-shape id = stop-signal-inner></div></div>,stop,2386.0,0.0,89.0,test,stop_signal,,-1.0,True,"89,71",-1,850.0,True,,296548,0.0,stim,112.0,stop-signal,s590
400.0,500.0,<div class = coverbox></div><div class = stopbox><div class = centered-shape id = stop-signal></div><div class = centered-shape id = stop-signal-inner></div></div>,stop,2522.0,1.0,71.0,test,stop_signal,,71.0,True,"89,71",471,850.0,False,,299076,0.0,stim,113.0,stop-signal,s590
350.0,500.0,<div class = coverbox></div><div class = stopbox><div class = centered-shape id = stop-signal></div><div class = centered-shape id = stop-signal-inner></div></div>,go,2522.0,1.0,89.0,test,stop_signal,,89.0,True,"89,71",813,850.0,False,,301600,0.0,stim,114.0,stop-signal,s590
350.0,500.0,<div class = coverbox></div><div class = stopbox><div class = centered-shape id = stop-signal></div><div class = centered-shape id = stop-signal-inner></div></div>,go,2386.0,1.0,71.0,test,stop_signal,,71.0,True,"89,71",601,850.0,False,,303988,0.0,stim,115.0,stop-signal,s590
350.0,500.0,<div class = coverbox></div><div class = stopbox><div class = centered-shape id = stop-signal></div><div class = centered-shape id = stop-signal-inner></div></div>,go,2250.0,1.0,71.0,test,stop_signal,,71.0,True,"89,71",458,850.0,False,,306244,0.0,stim,116.0,stop-signal,s590
350.0,500.0,<div class = coverbox></div><div class = stopbox><div class = centered-shape id = stop-signal></div><div class = centered-shape id = stop-signal-inner></div></div>,go,2522.0,1.0,71.0,test,stop_signal,,71.0,True,"89,71",571,850.0,False,,308772,0.0,stim,117.0,stop-signal,s590
350.0,500.0,<div class = coverbox></div><div class = stopbox><div class = centered-shape id = stop-signal></div><div class = centered-shape id = stop-signal-inner></div></div>,go,2794.0,1.0,89.0,test,stop_signal,,89.0,True,"89,71",543,850.0,False,,311572,0.0,stim,118.0,stop-signal,s590
350.0,500.0,<div class = coverbox></div><div class = stopbox><div class = centered-shape id = stop-signal></div><div class = centered-shape id = stop-signal-inner></div></div>,stop,2522.0,1.0,89.0,test,stop_signal,,89.0,True,"89,71",570,850.0,False,,314100,0.0,stim,119.0,stop-signal,s590
300.0,500.0,<div class = coverbox></div><div class = stopbox><div class = centered-shape id = stop-signal></div><div class = centered-shape id = stop-signal-inner></div></div>,stop,2386.0,0.0,71.0,test,stop_signal,,-1.0,True,"89,71",-1,850.0,True,,316490,0.0,stim,120.0,stop-signal,s590
350.0,500.0,<div class = coverbox></div><div class = stopbox><div class = centered-shape id = stop-signal></div><div class = centered-shape id = stop-signal-inner></div></div>,go,2250.0,1.0,71.0,test,stop_signal,,71.0,True,"89,71",834,850.0,False,,318746,0.0,stim,121.0,stop-signal,s590
350.0,500.0,<div class = coverbox></div><div class = stopbox><div class = centered-shape id = stop-signal></div><div class = centered-shape id = stop-signal-inner></div></div>,stop,2250.0,0.0,71.0,test,stop_signal,,-1.0,True,"89,71",-1,850.0,True,,320997,0.0,stim,122.0,stop-signal,s590
400.0,500.0,<div class = coverbox></div><div class = stopbox><div class = centered-shape id = stop-signal></div><div class = centered-shape id = stop-signal-inner></div></div>,stop,2250.0,1.0,71.0,test,stop_signal,,71.0,True,"89,71",559,850.0,False,,323253,0.0,stim,123.0,stop-signal,s590
350.0,500.0,<div class = coverbox></div><div class = stopbox><div class = centered-shape id = stop-signal></div><div class = centered-shape id = stop-signal-inner></div></div>,stop,2250.0,0.0,89.0,test,stop_signal,,-1.0,True,"89,71",-1,850.0,True,,325508,0.0,stim,124.0,stop-signal,s590
