"rt","key_press","trial_type","trial_index","time_elapsed","internal_node_id","subject","text","block_duration","timing_post_trial","trial_id","stimulus","possible_responses","stim_duration","exp_stage","small_amount","large_amount","later_delay","choice","exp_id","bonus"
"1720","13","text","0","1722","0.0-0.0","s641","","","","","","","","","","","","","",""
"1145","89","poldrack-text","1","3871","0.0-1.0","s641","<div class = centerbox><div style = 'font-size: 50px' class = center-text>Please press your index finger</p></div>","1145","500","fmri_response_test","","","","","","","","","",""
"309","71","poldrack-text","2","4682","0.0-2.0","s641","<div class = centerbox><div style = 'font-size: 50px' class = center-text>Please press your middle finger</p></div>","309","500","fmri_response_test","","","","","","","","","",""
"25420","32","poldrack-single-stim","3","30606","0.0-3.0","s641","","25420","500","instructions","<div class = centerbox><div class = center-text>Choose between <strong>$20 today</strong> or the presented option.<br><br><strong>Index:</strong> Accept option on screen (reject $20 today). <br><br><strong>Middle:</strong> Reject option on screen (accept $20 today)<br><br>We will start with a practice trial.</div></div>","32","25420","","","","","","",""
"1075","89","poldrack-single-stim","4","32184","0.0-4.0","s641","","1075","1000","stim","<div class = dd-stim><div class = amtbox style = ""color:white"">$53.75</div><br><br><div class = delbox style = ""color:white"">34 days</div></div>","89,71","1075","practice","","","","","",""
"24719","32","poldrack-text","5","57905","0.0-5.0","s641","<div class = centerbox><div  class = center-text>Scanner Setup</div></div>","24719","0","fmri_scanner_wait","","","","","","","","","",""
"905","84","poldrack-text","6","58812","0.0-6.0","s641","<div class = centerbox><div  class = center-text>Task about to start!</div></div>","905","0","fmri_trigger_wait","","","","","","","","","",""
"679","84","poldrack-text","7","59492","0.0-7.0","s641","<div class = centerbox><div  class = center-text>Task about to start!</div></div>","679","0","fmri_trigger_wait","","","","","","","","","",""
"679","84","poldrack-text","8","60172","0.0-8.0","s641","<div class = centerbox><div  class = center-text>Task about to start!</div></div>","679","0","fmri_trigger_wait","","","","","","","","","",""
"679","84","poldrack-text","9","60851","0.0-9.0","s641","<div class = centerbox><div  class = center-text>Task about to start!</div></div>","679","0","fmri_trigger_wait","","","","","","","","","",""
"679","84","poldrack-text","10","61532","0.0-10.0","s641","<div class = centerbox><div  class = center-text>Task about to start!</div></div>","679","0","fmri_trigger_wait","","","","","","","","","",""
"680","84","poldrack-text","11","62213","0.0-11.0","s641","<div class = centerbox><div  class = center-text>Task about to start!</div></div>","680","0","fmri_trigger_wait","","","","","","","","","",""
"678","84","poldrack-text","12","62892","0.0-12.0","s641","<div class = centerbox><div  class = center-text>Task about to start!</div></div>","678","0","fmri_trigger_wait","","","","","","","","","",""
"678","84","poldrack-text","13","63570","0.0-13.0","s641","<div class = centerbox><div  class = center-text>Task about to start!</div></div>","678","0","fmri_trigger_wait","","","","","","","","","",""
"680","84","poldrack-text","14","64252","0.0-14.0","s641","<div class = centerbox><div  class = center-text>Task about to start!</div></div>","680","0","fmri_trigger_wait","","","","","","","","","",""
"679","84","poldrack-text","15","64932","0.0-15.0","s641","<div class = centerbox><div  class = center-text>Task about to start!</div></div>","679","0","fmri_trigger_wait","","","","","","","","","",""
"679","84","poldrack-text","16","65612","0.0-16.0","s641","<div class = centerbox><div  class = center-text>Task about to start!</div></div>","679","0","fmri_trigger_wait","","","","","","","","","",""
"679","84","poldrack-text","17","66292","0.0-17.0","s641","<div class = centerbox><div  class = center-text>Task about to start!</div></div>","679","0","fmri_trigger_wait","","","","","","","","","",""
"679","84","poldrack-text","18","66972","0.0-18.0","s641","<div class = centerbox><div  class = center-text>Task about to start!</div></div>","679","0","fmri_trigger_wait","","","","","","","","","",""
"679","84","poldrack-text","19","67652","0.0-19.0","s641","<div class = centerbox><div  class = center-text>Task about to start!</div></div>","679","0","fmri_trigger_wait","","","","","","","","","",""
"679","84","poldrack-text","20","68332","0.0-20.0","s641","<div class = centerbox><div  class = center-text>Task about to start!</div></div>","679","0","fmri_trigger_wait","","","","","","","","","",""
"679","84","poldrack-text","21","69012","0.0-21.0","s641","<div class = centerbox><div  class = center-text>Task about to start!</div></div>","679","0","fmri_trigger_wait","","","","","","","","","",""
"-1","-1","poldrack-single-stim","22","70015","0.0-22.0","s641","","1000","0","fmri_buffer","","none","1000","","","","","","",""
"-1","-1","poldrack-single-stim","23","71518","0.0-23.0","s641","","1500","500","test_start_block","<div class = centerbox><div class = center-text>Get ready!</p></div>","none","1500","","","","","","",""
"1373","89","poldrack-single-stim","24","77338","0.0-24.0","s641","","5316","0","","<div class = dd-stim><div class = amtbox style = ""color:white"">$31</div><br><br><div class = delbox style = ""color:white"">76 days</div></div>","89,71","4000","","20","31","76","larger_later","",""
"608","89","poldrack-single-stim","25","81908","0.0-25.0","s641","","4568","0","","<div class = dd-stim><div class = amtbox style = ""color:white"">$43</div><br><br><div class = delbox style = ""color:white"">19 days</div></div>","89,71","4000","","20","43","19","larger_later","",""
"1778","89","poldrack-single-stim","26","86545","0.0-26.0","s641","","4636","0","","<div class = dd-stim><div class = amtbox style = ""color:white"">$60</div><br><br><div class = delbox style = ""color:white"">124 days</div></div>","89,71","4000","","20","60","124","larger_later","",""
"1914","71","poldrack-single-stim","27","91455","0.0-27.0","s641","","4908","0","","<div class = dd-stim><div class = amtbox style = ""color:white"">$27</div><br><br><div class = delbox style = ""color:white"">142 days</div></div>","89,71","4000","","20","27","142","smaller_sooner","",""
"1207","71","poldrack-single-stim","28","95958","0.0-28.0","s641","","4500","0","","<div class = dd-stim><div class = amtbox style = ""color:white"">$25</div><br><br><div class = delbox style = ""color:white"">70 days</div></div>","89,71","4000","","20","25","70","smaller_sooner","",""
"830","89","poldrack-single-stim","29","100936","0.0-29.0","s641","","4976","0","","<div class = dd-stim><div class = amtbox style = ""color:white"">$44</div><br><br><div class = delbox style = ""color:white"">92 days</div></div>","89,71","4000","","20","44","92","larger_later","",""
"912","89","poldrack-single-stim","30","105846","0.0-30.0","s641","","4908","0","","<div class = dd-stim><div class = amtbox style = ""color:white"">$41</div><br><br><div class = delbox style = ""color:white"">27 days</div></div>","89,71","4000","","20","41","27","larger_later","",""
"701","89","poldrack-single-stim","31","110417","0.0-31.0","s641","","4568","0","","<div class = dd-stim><div class = amtbox style = ""color:white"">$64</div><br><br><div class = delbox style = ""color:white"">89 days</div></div>","89,71","4000","","20","64","89","larger_later","",""
"774","89","poldrack-single-stim","32","114919","0.0-32.0","s641","","4500","0","","<div class = dd-stim><div class = amtbox style = ""color:white"">$78</div><br><br><div class = delbox style = ""color:white"">108 days</div></div>","89,71","4000","","20","78","108","larger_later","",""
"517","89","poldrack-single-stim","33","121121","0.0-33.0","s641","","6200","0","","<div class = dd-stim><div class = amtbox style = ""color:white"">$80</div><br><br><div class = delbox style = ""color:white"">145 days</div></div>","89,71","4000","","20","80","145","larger_later","",""
"901","89","poldrack-single-stim","34","125827","0.0-34.0","s641","","4704","0","","<div class = dd-stim><div class = amtbox style = ""color:white"">$41</div><br><br><div class = delbox style = ""color:white"">174 days</div></div>","89,71","4000","","20","41","174","larger_later","",""
"690","89","poldrack-single-stim","35","130874","0.0-35.0","s641","","5044","0","","<div class = dd-stim><div class = amtbox style = ""color:white"">$42</div><br><br><div class = delbox style = ""color:white"">145 days</div></div>","89,71","4000","","20","42","145","larger_later","",""
"662","89","poldrack-single-stim","36","135920","0.0-36.0","s641","","5044","0","","<div class = dd-stim><div class = amtbox style = ""color:white"">$36</div><br><br><div class = delbox style = ""color:white"">114 days</div></div>","89,71","4000","","20","36","114","larger_later","",""
"812","89","poldrack-single-stim","37","141103","0.0-37.0","s641","","5180","0","","<div class = dd-stim><div class = amtbox style = ""color:white"">$58</div><br><br><div class = delbox style = ""color:white"">55 days</div></div>","89,71","4000","","20","58","55","larger_later","",""
"592","89","poldrack-single-stim","38","146081","0.0-38.0","s641","","4976","0","","<div class = dd-stim><div class = amtbox style = ""color:white"">$81</div><br><br><div class = delbox style = ""color:white"">58 days</div></div>","89,71","4000","","20","81","58","larger_later","",""
"1422","71","poldrack-single-stim","39","150856","0.0-39.0","s641","","4772","0","","<div class = dd-stim><div class = amtbox style = ""color:white"">$32</div><br><br><div class = delbox style = ""color:white"">111 days</div></div>","89,71","4000","","20","32","111","smaller_sooner","",""
"828","71","poldrack-single-stim","40","155630","0.0-40.0","s641","","4772","0","","<div class = dd-stim><div class = amtbox style = ""color:white"">$25</div><br><br><div class = delbox style = ""color:white"">141 days</div></div>","89,71","4000","","20","25","141","smaller_sooner","",""
"813","89","poldrack-single-stim","41","160812","0.0-41.0","s641","","5180","0","","<div class = dd-stim><div class = amtbox style = ""color:white"">$67</div><br><br><div class = delbox style = ""color:white"">23 days</div></div>","89,71","4000","","20","67","23","larger_later","",""
"744","89","poldrack-single-stim","42","165993","0.0-42.0","s641","","5180","0","","<div class = dd-stim><div class = amtbox style = ""color:white"">$77</div><br><br><div class = delbox style = ""color:white"">161 days</div></div>","89,71","4000","","20","77","161","larger_later","",""
"636","89","poldrack-single-stim","43","171243","0.0-43.0","s641","","5248","0","","<div class = dd-stim><div class = amtbox style = ""color:white"">$55</div><br><br><div class = delbox style = ""color:white"">163 days</div></div>","89,71","4000","","20","55","163","larger_later","",""
"1300","89","poldrack-single-stim","44","175814","0.0-44.0","s641","","4568","0","","<div class = dd-stim><div class = amtbox style = ""color:white"">$40</div><br><br><div class = delbox style = ""color:white"">159 days</div></div>","89,71","4000","","20","40","159","larger_later","",""
"677","89","poldrack-single-stim","45","180316","0.0-45.0","s641","","4500","0","","<div class = dd-stim><div class = amtbox style = ""color:white"">$76</div><br><br><div class = delbox style = ""color:white"">161 days</div></div>","89,71","4000","","20","76","161","larger_later","",""
"591","89","poldrack-single-stim","46","185227","0.0-46.0","s641","","4908","0","","<div class = dd-stim><div class = amtbox style = ""color:white"">$48</div><br><br><div class = delbox style = ""color:white"">128 days</div></div>","89,71","4000","","20","48","128","larger_later","",""
"674","89","poldrack-single-stim","47","189796","0.0-47.0","s641","","4568","0","","<div class = dd-stim><div class = amtbox style = ""color:white"">$39</div><br><br><div class = delbox style = ""color:white"">95 days</div></div>","89,71","4000","","20","39","95","larger_later","",""
"593","89","poldrack-single-stim","48","195998","0.0-48.0","s641","","6200","0","","<div class = dd-stim><div class = amtbox style = ""color:white"">$83</div><br><br><div class = delbox style = ""color:white"">105 days</div></div>","89,71","4000","","20","83","105","larger_later","",""
"942","89","poldrack-single-stim","49","200909","0.0-49.0","s641","","4908","0","","<div class = dd-stim><div class = amtbox style = ""color:white"">$67</div><br><br><div class = delbox style = ""color:white"">41 days</div></div>","89,71","4000","","20","67","41","larger_later","",""
"578","89","poldrack-single-stim","50","206158","0.0-50.0","s641","","5248","0","","<div class = dd-stim><div class = amtbox style = ""color:white"">$56</div><br><br><div class = delbox style = ""color:white"">172 days</div></div>","89,71","4000","","20","56","172","larger_later","",""
"1133","71","poldrack-single-stim","51","211204","0.0-51.0","s641","","5044","0","","<div class = dd-stim><div class = amtbox style = ""color:white"">$28</div><br><br><div class = delbox style = ""color:white"">123 days</div></div>","89,71","4000","","20","28","123","smaller_sooner","",""
"859","89","poldrack-single-stim","52","215843","0.0-52.0","s641","","4636","0","","<div class = dd-stim><div class = amtbox style = ""color:white"">$50</div><br><br><div class = delbox style = ""color:white"">129 days</div></div>","89,71","4000","","20","50","129","larger_later","",""
"789","71","poldrack-single-stim","53","220548","0.0-53.0","s641","","4704","0","","<div class = dd-stim><div class = amtbox style = ""color:white"">$23</div><br><br><div class = delbox style = ""color:white"">61 days</div></div>","89,71","4000","","20","23","61","smaller_sooner","",""
"726","89","poldrack-single-stim","54","225186","0.0-54.0","s641","","4636","0","","<div class = dd-stim><div class = amtbox style = ""color:white"">$79</div><br><br><div class = delbox style = ""color:white"">92 days</div></div>","89,71","4000","","20","79","92","larger_later","",""
"888","89","poldrack-single-stim","55","229757","0.0-55.0","s641","","4568","0","","<div class = dd-stim><div class = amtbox style = ""color:white"">$61</div><br><br><div class = delbox style = ""color:white"">141 days</div></div>","89,71","4000","","20","61","141","larger_later","",""
"998","89","poldrack-single-stim","56","234327","0.0-56.0","s641","","4568","0","","<div class = dd-stim><div class = amtbox style = ""color:white"">$43</div><br><br><div class = delbox style = ""color:white"">38 days</div></div>","89,71","4000","","20","43","38","larger_later","",""
"532","89","poldrack-single-stim","57","239238","0.0-57.0","s641","","4908","0","","<div class = dd-stim><div class = amtbox style = ""color:white"">$66</div><br><br><div class = delbox style = ""color:white"">145 days</div></div>","89,71","4000","","20","66","145","larger_later","",""
"986","71","poldrack-single-stim","58","244081","0.0-58.0","s641","","4840","0","","<div class = dd-stim><div class = amtbox style = ""color:white"">$30</div><br><br><div class = delbox style = ""color:white"">23 days</div></div>","89,71","4000","","20","30","23","smaller_sooner","",""
"1518","71","poldrack-single-stim","59","249331","0.0-59.0","s641","","5248","0","","<div class = dd-stim><div class = amtbox style = ""color:white"">$32</div><br><br><div class = delbox style = ""color:white"">57 days</div></div>","89,71","4000","","20","32","57","smaller_sooner","",""
"794","71","poldrack-single-stim","60","254106","0.0-60.0","s641","","4772","0","","<div class = dd-stim><div class = amtbox style = ""color:white"">$27</div><br><br><div class = delbox style = ""color:white"">91 days</div></div>","89,71","4000","","20","27","91","smaller_sooner","",""
"656","89","poldrack-single-stim","61","260104","0.0-61.0","s641","","5996","0","","<div class = dd-stim><div class = amtbox style = ""color:white"">$43</div><br><br><div class = delbox style = ""color:white"">120 days</div></div>","89,71","4000","","20","43","120","larger_later","",""
"586","89","poldrack-single-stim","62","265694","0.0-62.0","s641","","5588","0","","<div class = dd-stim><div class = amtbox style = ""color:white"">$75</div><br><br><div class = delbox style = ""color:white"">60 days</div></div>","89,71","4000","","20","75","60","larger_later","",""
"1022","71","poldrack-single-stim","63","270265","0.0-63.0","s641","","4568","0","","<div class = dd-stim><div class = amtbox style = ""color:white"">$34</div><br><br><div class = delbox style = ""color:white"">176 days</div></div>","89,71","4000","","20","34","176","smaller_sooner","",""
"1056","71","poldrack-single-stim","64","275378","0.0-64.0","s641","","5112","0","","<div class = dd-stim><div class = amtbox style = ""color:white"">$24</div><br><br><div class = delbox style = ""color:white"">38 days</div></div>","89,71","4000","","20","24","38","smaller_sooner","",""
"665","89","poldrack-single-stim","65","281037","0.0-65.0","s641","","5656","0","","<div class = dd-stim><div class = amtbox style = ""color:white"">$82</div><br><br><div class = delbox style = ""color:white"">74 days</div></div>","89,71","4000","","20","82","74","larger_later","",""
"931","89","poldrack-single-stim","66","285607","0.0-66.0","s641","","4568","0","","<div class = dd-stim><div class = amtbox style = ""color:white"">$58</div><br><br><div class = delbox style = ""color:white"">53 days</div></div>","89,71","4000","","20","58","53","larger_later","",""
"1071","89","poldrack-single-stim","67","290381","0.0-67.0","s641","","4772","0","","<div class = dd-stim><div class = amtbox style = ""color:white"">$54</div><br><br><div class = delbox style = ""color:white"">23 days</div></div>","89,71","4000","","20","54","23","larger_later","",""
"1290","89","poldrack-single-stim","68","295426","0.0-68.0","s641","","5044","0","","<div class = dd-stim><div class = amtbox style = ""color:white"">$41</div><br><br><div class = delbox style = ""color:white"">55 days</div></div>","89,71","4000","","20","41","55","larger_later","",""
"778","89","poldrack-single-stim","69","300268","0.0-69.0","s641","","4840","0","","<div class = dd-stim><div class = amtbox style = ""color:white"">$77</div><br><br><div class = delbox style = ""color:white"">142 days</div></div>","89,71","4000","","20","77","142","larger_later","",""
"801","71","poldrack-single-stim","70","305450","0.0-70.0","s641","","5180","0","","<div class = dd-stim><div class = amtbox style = ""color:white"">$25</div><br><br><div class = delbox style = ""color:white"">108 days</div></div>","89,71","4000","","20","25","108","smaller_sooner","",""
"652","89","poldrack-single-stim","71","310496","0.0-71.0","s641","","5044","0","","<div class = dd-stim><div class = amtbox style = ""color:white"">$33</div><br><br><div class = delbox style = ""color:white"">163 days</div></div>","89,71","4000","","20","33","163","larger_later","",""
"779","71","poldrack-single-stim","72","315474","0.0-72.0","s641","","4976","0","","<div class = dd-stim><div class = amtbox style = ""color:white"">$29</div><br><br><div class = delbox style = ""color:white"">75 days</div></div>","89,71","4000","","20","29","75","smaller_sooner","",""
"1036","89","poldrack-single-stim","73","320452","0.0-73.0","s641","","4976","0","","<div class = dd-stim><div class = amtbox style = ""color:white"">$45</div><br><br><div class = delbox style = ""color:white"">157 days</div></div>","89,71","4000","","20","45","157","larger_later","",""
"744","89","poldrack-single-stim","74","325770","0.0-74.0","s641","","5316","0","","<div class = dd-stim><div class = amtbox style = ""color:white"">$31</div><br><br><div class = delbox style = ""color:white"">74 days</div></div>","89,71","4000","","20","31","74","larger_later","",""
"690","89","poldrack-single-stim","75","330273","0.0-75.0","s641","","4500","0","","<div class = dd-stim><div class = amtbox style = ""color:white"">$80</div><br><br><div class = delbox style = ""color:white"">39 days</div></div>","89,71","4000","","20","80","39","larger_later","",""
"715","71","poldrack-single-stim","76","335318","0.0-76.0","s641","","5044","0","","<div class = dd-stim><div class = amtbox style = ""color:white"">$22</div><br><br><div class = delbox style = ""color:white"">21 days</div></div>","89,71","4000","","20","22","21","smaller_sooner","",""
"639","89","poldrack-single-stim","77","340025","0.0-77.0","s641","","4704","0","","<div class = dd-stim><div class = amtbox style = ""color:white"">$52</div><br><br><div class = delbox style = ""color:white"">139 days</div></div>","89,71","4000","","20","52","139","larger_later","",""
"916","89","poldrack-single-stim","78","344866","0.0-78.0","s641","","4840","0","","<div class = dd-stim><div class = amtbox style = ""color:white"">$54</div><br><br><div class = delbox style = ""color:white"">126 days</div></div>","89,71","4000","","20","54","126","larger_later","",""
"776","71","poldrack-single-stim","79","351611","0.0-79.0","s641","","6744","0","","<div class = dd-stim><div class = amtbox style = ""color:white"">$23</div><br><br><div class = delbox style = ""color:white"">176 days</div></div>","89,71","4000","","20","23","176","smaller_sooner","",""
"1268","71","poldrack-single-stim","80","356113","0.0-80.0","s641","","4500","0","","<div class = dd-stim><div class = amtbox style = ""color:white"">$24</div><br><br><div class = delbox style = ""color:white"">87 days</div></div>","89,71","4000","","20","24","87","smaller_sooner","",""
"1900","89","poldrack-single-stim","81","360684","0.0-81.0","s641","","4568","0","","<div class = dd-stim><div class = amtbox style = ""color:white"">$36</div><br><br><div class = delbox style = ""color:white"">140 days</div></div>","89,71","4000","","20","36","140","larger_later","",""
"1034","89","poldrack-single-stim","82","365391","0.0-82.0","s641","","4704","0","","<div class = dd-stim><div class = amtbox style = ""color:white"">$35</div><br><br><div class = delbox style = ""color:white"">171 days</div></div>","89,71","4000","","20","35","171","larger_later","",""
"1494","89","poldrack-single-stim","83","370300","0.0-83.0","s641","","4908","0","","<div class = dd-stim><div class = amtbox style = ""color:white"">$34</div><br><br><div class = delbox style = ""color:white"">43 days</div></div>","89,71","4000","","20","34","43","larger_later","",""
"739","89","poldrack-single-stim","84","374870","0.0-84.0","s641","","4568","0","","<div class = dd-stim><div class = amtbox style = ""color:white"">$74</div><br><br><div class = delbox style = ""color:white"">121 days</div></div>","89,71","4000","","20","74","121","larger_later","",""
"-1","-1","poldrack-single-stim","85","382373","0.0-85.0","s641","","7500","1000","rest_block","<div class = centerbox><div class = center-text>In this next block of trials<br><strong>Index:</strong> Accept option on screen (reject $20 today). <br><strong>Middle:</strong> Reject option on screen (accept $20 today)<br>Next run will start in a moment</div></div>","none","7500","","","","","","",""
"2110","89","poldrack-single-stim","86","388148","0.0-86.0","s641","","4772","0","","<div class = dd-stim><div class = amtbox style = ""color:white"">$45</div><br><br><div class = delbox style = ""color:white"">107 days</div></div>","89,71","4000","","20","45","107","larger_later","",""
"541","89","poldrack-single-stim","87","392785","0.0-87.0","s641","","4636","0","","<div class = dd-stim><div class = amtbox style = ""color:white"">$77</div><br><br><div class = delbox style = ""color:white"">24 days</div></div>","89,71","4000","","20","77","24","larger_later","",""
"930","89","poldrack-single-stim","88","397356","0.0-88.0","s641","","4568","0","","<div class = dd-stim><div class = amtbox style = ""color:white"">$39</div><br><br><div class = delbox style = ""color:white"">161 days</div></div>","89,71","4000","","20","39","161","larger_later","",""
"592","89","poldrack-single-stim","89","402809","0.0-89.0","s641","","5452","0","","<div class = dd-stim><div class = amtbox style = ""color:white"">$62</div><br><br><div class = delbox style = ""color:white"">180 days</div></div>","89,71","4000","","20","62","180","larger_later","",""
"665","71","poldrack-single-stim","90","408195","0.0-90.0","s641","","5384","0","","<div class = dd-stim><div class = amtbox style = ""color:white"">$24</div><br><br><div class = delbox style = ""color:white"">139 days</div></div>","89,71","4000","","20","24","139","smaller_sooner","",""
"893","89","poldrack-single-stim","91","412766","0.0-91.0","s641","","4568","0","","<div class = dd-stim><div class = amtbox style = ""color:white"">$58</div><br><br><div class = delbox style = ""color:white"">72 days</div></div>","89,71","4000","","20","58","72","larger_later","",""
"510","89","poldrack-single-stim","92","419036","0.0-92.0","s641","","6268","0","","<div class = dd-stim><div class = amtbox style = ""color:white"">$56</div><br><br><div class = delbox style = ""color:white"">93 days</div></div>","89,71","4000","","20","56","93","larger_later","",""
"845","89","poldrack-single-stim","93","424559","0.0-93.0","s641","","5520","0","","<div class = dd-stim><div class = amtbox style = ""color:white"">$45</div><br><br><div class = delbox style = ""color:white"">26 days</div></div>","89,71","4000","","20","45","26","larger_later","",""
"697","71","poldrack-single-stim","94","429129","0.0-94.0","s641","","4568","0","","<div class = dd-stim><div class = amtbox style = ""color:white"">$23</div><br><br><div class = delbox style = ""color:white"">42 days</div></div>","89,71","4000","","20","23","42","smaller_sooner","",""
"691","89","poldrack-single-stim","95","433767","0.0-95.0","s641","","4636","0","","<div class = dd-stim><div class = amtbox style = ""color:white"">$50</div><br><br><div class = delbox style = ""color:white"">41 days</div></div>","89,71","4000","","20","50","41","larger_later","",""
"787","71","poldrack-single-stim","96","438406","0.0-96.0","s641","","4636","0","","<div class = dd-stim><div class = amtbox style = ""color:white"">$25</div><br><br><div class = delbox style = ""color:white"">176 days</div></div>","89,71","4000","","20","25","176","smaller_sooner","",""
"744","89","poldrack-single-stim","97","443520","0.0-97.0","s641","","5112","0","","<div class = dd-stim><div class = amtbox style = ""color:white"">$54</div><br><br><div class = delbox style = ""color:white"">22 days</div></div>","89,71","4000","","20","54","22","larger_later","",""
"2635","71","poldrack-single-stim","98","448838","0.0-98.0","s641","","5316","0","","<div class = dd-stim><div class = amtbox style = ""color:white"">$29</div><br><br><div class = delbox style = ""color:white"">44 days</div></div>","89,71","4000","","20","29","44","smaller_sooner","",""
"668","71","poldrack-single-stim","99","453408","0.0-99.0","s641","","4568","0","","<div class = dd-stim><div class = amtbox style = ""color:white"">$24</div><br><br><div class = delbox style = ""color:white"">89 days</div></div>","89,71","4000","","20","24","89","smaller_sooner","",""
"500","71","poldrack-single-stim","100","457978","0.0-100.0","s641","","4568","0","","<div class = dd-stim><div class = amtbox style = ""color:white"">$23</div><br><br><div class = delbox style = ""color:white"">77 days</div></div>","89,71","4000","","20","23","77","smaller_sooner","",""
"1020","71","poldrack-single-stim","101","462548","0.0-101.0","s641","","4568","0","","<div class = dd-stim><div class = amtbox style = ""color:white"">$27</div><br><br><div class = delbox style = ""color:white"">130 days</div></div>","89,71","4000","","20","27","130","smaller_sooner","",""
"606","71","poldrack-single-stim","102","467391","0.0-102.0","s641","","4840","0","","<div class = dd-stim><div class = amtbox style = ""color:white"">$23</div><br><br><div class = delbox style = ""color:white"">134 days</div></div>","89,71","4000","","20","23","134","smaller_sooner","",""
"696","89","poldrack-single-stim","103","471893","0.0-103.0","s641","","4500","0","","<div class = dd-stim><div class = amtbox style = ""color:white"">$55</div><br><br><div class = delbox style = ""color:white"">107 days</div></div>","89,71","4000","","20","55","107","larger_later","",""
"674","89","poldrack-single-stim","104","477551","0.0-104.0","s641","","5656","0","","<div class = dd-stim><div class = amtbox style = ""color:white"">$44</div><br><br><div class = delbox style = ""color:white"">143 days</div></div>","89,71","4000","","20","44","143","larger_later","",""
"730","71","poldrack-single-stim","105","482462","0.0-105.0","s641","","4908","0","","<div class = dd-stim><div class = amtbox style = ""color:white"">$23</div><br><br><div class = delbox style = ""color:white"">110 days</div></div>","89,71","4000","","20","23","110","smaller_sooner","",""
"545","89","poldrack-single-stim","106","487099","0.0-106.0","s641","","4636","0","","<div class = dd-stim><div class = amtbox style = ""color:white"">$65</div><br><br><div class = delbox style = ""color:white"">156 days</div></div>","89,71","4000","","20","65","156","larger_later","",""
"601","71","poldrack-single-stim","107","491601","0.0-107.0","s641","","4500","0","","<div class = dd-stim><div class = amtbox style = ""color:white"">$22</div><br><br><div class = delbox style = ""color:white"">27 days</div></div>","89,71","4000","","20","22","27","smaller_sooner","",""
"1685","89","poldrack-single-stim","108","496104","0.0-108.0","s641","","4500","0","","<div class = dd-stim><div class = amtbox style = ""color:white"">$50</div><br><br><div class = delbox style = ""color:white"">59 days</div></div>","89,71","4000","","20","50","59","larger_later","",""
"545","89","poldrack-single-stim","109","501218","0.0-109.0","s641","","5112","0","","<div class = dd-stim><div class = amtbox style = ""color:white"">$85</div><br><br><div class = delbox style = ""color:white"">129 days</div></div>","89,71","4000","","20","85","129","larger_later","",""
"470","89","poldrack-single-stim","110","507352","0.0-110.0","s641","","6132","0","","<div class = dd-stim><div class = amtbox style = ""color:white"">$66</div><br><br><div class = delbox style = ""color:white"">58 days</div></div>","89,71","4000","","20","66","58","larger_later","",""
"685","89","poldrack-single-stim","111","512195","0.0-111.0","s641","","4840","0","","<div class = dd-stim><div class = amtbox style = ""color:white"">$49</div><br><br><div class = delbox style = ""color:white"">172 days</div></div>","89,71","4000","","20","49","172","larger_later","",""
"466","89","poldrack-single-stim","112","516765","0.0-112.0","s641","","4568","0","","<div class = dd-stim><div class = amtbox style = ""color:white"">$73</div><br><br><div class = delbox style = ""color:white"">44 days</div></div>","89,71","4000","","20","73","44","larger_later","",""
"552","89","poldrack-single-stim","113","521471","0.0-113.0","s641","","4704","0","","<div class = dd-stim><div class = amtbox style = ""color:white"">$58</div><br><br><div class = delbox style = ""color:white"">73 days</div></div>","89,71","4000","","20","58","73","larger_later","",""
"491","89","poldrack-single-stim","114","527333","0.0-114.0","s641","","5860","0","","<div class = dd-stim><div class = amtbox style = ""color:white"">$71</div><br><br><div class = delbox style = ""color:white"">76 days</div></div>","89,71","4000","","20","71","76","larger_later","",""
"504","89","poldrack-single-stim","115","531972","0.0-115.0","s641","","4636","0","","<div class = dd-stim><div class = amtbox style = ""color:white"">$67</div><br><br><div class = delbox style = ""color:white"">74 days</div></div>","89,71","4000","","20","67","74","larger_later","",""
"1141","71","poldrack-single-stim","116","537290","0.0-116.0","s641","","5316","0","","<div class = dd-stim><div class = amtbox style = ""color:white"">$29</div><br><br><div class = delbox style = ""color:white"">58 days</div></div>","89,71","4000","","20","29","58","smaller_sooner","",""
"2063","89","poldrack-single-stim","117","542268","0.0-117.0","s641","","4976","0","","<div class = dd-stim><div class = amtbox style = ""color:white"">$39</div><br><br><div class = delbox style = ""color:white"">104 days</div></div>","89,71","4000","","20","39","104","larger_later","",""
"1671","71","poldrack-single-stim","118","546839","0.0-118.0","s641","","4568","0","","<div class = dd-stim><div class = amtbox style = ""color:white"">$33</div><br><br><div class = delbox style = ""color:white"">103 days</div></div>","89,71","4000","","20","33","103","smaller_sooner","",""
"977","71","poldrack-single-stim","119","552361","0.0-119.0","s641","","5520","0","","<div class = dd-stim><div class = amtbox style = ""color:white"">$33</div><br><br><div class = delbox style = ""color:white"">78 days</div></div>","89,71","4000","","20","33","78","smaller_sooner","",""
"702","89","poldrack-single-stim","120","557951","0.0-120.0","s641","","5588","0","","<div class = dd-stim><div class = amtbox style = ""color:white"">$74</div><br><br><div class = delbox style = ""color:white"">52 days</div></div>","89,71","4000","","20","74","52","larger_later","",""
"737","71","poldrack-single-stim","121","563746","0.0-121.0","s641","","5792","0","","<div class = dd-stim><div class = amtbox style = ""color:white"">$28</div><br><br><div class = delbox style = ""color:white"">132 days</div></div>","89,71","4000","","20","28","132","smaller_sooner","",""
"752","71","poldrack-single-stim","122","568316","0.0-122.0","s641","","4568","0","","<div class = dd-stim><div class = amtbox style = ""color:white"">$28</div><br><br><div class = delbox style = ""color:white"">59 days</div></div>","89,71","4000","","20","28","59","smaller_sooner","",""
"568","71","poldrack-single-stim","123","573431","0.0-123.0","s641","","5112","0","","<div class = dd-stim><div class = amtbox style = ""color:white"">$28</div><br><br><div class = delbox style = ""color:white"">163 days</div></div>","89,71","4000","","20","28","163","smaller_sooner","",""
"1224","71","poldrack-single-stim","124","577933","0.0-124.0","s641","","4500","0","","<div class = dd-stim><div class = amtbox style = ""color:white"">$32</div><br><br><div class = delbox style = ""color:white"">74 days</div></div>","89,71","4000","","20","32","74","smaller_sooner","",""
"661","89","poldrack-single-stim","125","582775","0.0-125.0","s641","","4840","0","","<div class = dd-stim><div class = amtbox style = ""color:white"">$57</div><br><br><div class = delbox style = ""color:white"">89 days</div></div>","89,71","4000","","20","57","89","larger_later","",""
"511","89","poldrack-single-stim","126","587345","0.0-126.0","s641","","4568","0","","<div class = dd-stim><div class = amtbox style = ""color:white"">$70</div><br><br><div class = delbox style = ""color:white"">108 days</div></div>","89,71","4000","","20","70","108","larger_later","",""
"489","89","poldrack-single-stim","127","592732","0.0-127.0","s641","","5384","0","","<div class = dd-stim><div class = amtbox style = ""color:white"">$72</div><br><br><div class = delbox style = ""color:white"">95 days</div></div>","89,71","4000","","20","72","95","larger_later","",""
"768","71","poldrack-single-stim","128","597777","0.0-128.0","s641","","5044","0","","<div class = dd-stim><div class = amtbox style = ""color:white"">$30</div><br><br><div class = delbox style = ""color:white"">36 days</div></div>","89,71","4000","","20","30","36","smaller_sooner","",""
"1316","89","poldrack-single-stim","129","602484","0.0-129.0","s641","","4704","0","","<div class = dd-stim><div class = amtbox style = ""color:white"">$41</div><br><br><div class = delbox style = ""color:white"">129 days</div></div>","89,71","4000","","20","41","129","larger_later","",""
"480","89","poldrack-single-stim","130","607394","0.0-130.0","s641","","4908","0","","<div class = dd-stim><div class = amtbox style = ""color:white"">$78</div><br><br><div class = delbox style = ""color:white"">129 days</div></div>","89,71","4000","","20","78","129","larger_later","",""
"610","89","poldrack-single-stim","131","612305","0.0-131.0","s641","","4908","0","","<div class = dd-stim><div class = amtbox style = ""color:white"">$71</div><br><br><div class = delbox style = ""color:white"">88 days</div></div>","89,71","4000","","20","71","88","larger_later","",""
"855","89","poldrack-single-stim","132","617147","0.0-132.0","s641","","4840","0","","<div class = dd-stim><div class = amtbox style = ""color:white"">$65</div><br><br><div class = delbox style = ""color:white"">159 days</div></div>","89,71","4000","","20","65","159","larger_later","",""
"781","71","poldrack-single-stim","133","622261","0.0-133.0","s641","","5112","0","","<div class = dd-stim><div class = amtbox style = ""color:white"">$24</div><br><br><div class = delbox style = ""color:white"">125 days</div></div>","89,71","4000","","20","24","125","smaller_sooner","",""
"781","89","poldrack-single-stim","134","627376","0.0-134.0","s641","","5112","0","","<div class = dd-stim><div class = amtbox style = ""color:white"">$58</div><br><br><div class = delbox style = ""color:white"">36 days</div></div>","89,71","4000","","20","58","36","larger_later","",""
"723","89","poldrack-single-stim","135","632082","0.0-135.0","s641","","4704","0","","<div class = dd-stim><div class = amtbox style = ""color:white"">$63</div><br><br><div class = delbox style = ""color:white"">37 days</div></div>","89,71","4000","","20","63","37","larger_later","",""
"601","89","poldrack-single-stim","136","636924","0.0-136.0","s641","","4840","0","","<div class = dd-stim><div class = amtbox style = ""color:white"">$75</div><br><br><div class = delbox style = ""color:white"">41 days</div></div>","89,71","4000","","20","75","41","larger_later","",""
"827","89","poldrack-single-stim","137","641767","0.0-137.0","s641","","4840","0","","<div class = dd-stim><div class = amtbox style = ""color:white"">$45</div><br><br><div class = delbox style = ""color:white"">72 days</div></div>","89,71","4000","","20","45","72","larger_later","",""
"862","71","poldrack-single-stim","138","648649","0.0-138.0","s641","","6880","0","","<div class = dd-stim><div class = amtbox style = ""color:white"">$25</div><br><br><div class = delbox style = ""color:white"">74 days</div></div>","89,71","4000","","20","25","74","smaller_sooner","",""
"734","89","poldrack-single-stim","139","653219","0.0-139.0","s641","","4568","0","","<div class = dd-stim><div class = amtbox style = ""color:white"">$65</div><br><br><div class = delbox style = ""color:white"">137 days</div></div>","89,71","4000","","20","65","137","larger_later","",""
"738","89","poldrack-single-stim","140","657993","0.0-140.0","s641","","4772","0","","<div class = dd-stim><div class = amtbox style = ""color:white"">$49</div><br><br><div class = delbox style = ""color:white"">140 days</div></div>","89,71","4000","","20","49","140","larger_later","",""
"539","89","poldrack-single-stim","141","665012","0.0-141.0","s641","","7016","0","","<div class = dd-stim><div class = amtbox style = ""color:white"">$67</div><br><br><div class = delbox style = ""color:white"">103 days</div></div>","89,71","4000","","20","67","103","larger_later","",""
"634","89","poldrack-single-stim","142","669718","0.0-142.0","s641","","4704","0","","<div class = dd-stim><div class = amtbox style = ""color:white"">$69</div><br><br><div class = delbox style = ""color:white"">172 days</div></div>","89,71","4000","","20","69","172","larger_later","",""
"778","89","poldrack-single-stim","143","674901","0.0-143.0","s641","","5180","0","","<div class = dd-stim><div class = amtbox style = ""color:white"">$66</div><br><br><div class = delbox style = ""color:white"">71 days</div></div>","89,71","4000","","20","66","71","larger_later","",""
"510","89","poldrack-single-stim","144","679947","0.0-144.0","s641","","5044","0","","<div class = dd-stim><div class = amtbox style = ""color:white"">$71</div><br><br><div class = delbox style = ""color:white"">176 days</div></div>","89,71","4000","","20","71","176","larger_later","",""
"14834","32","poldrack-single-stim","145","694781","0.0-145.0","s641","","14834","0","end","<div class = centerbox><div class = center-text><i>Fin</i></div></div>","32","14834","","","","","","discount_fixed","[object Object]"
"408","13","text","146","695190","0.0-146.0","s641","","","","","","","","","","","","","",""
