rt,key_press,trial_type,trial_index,time_elapsed,internal_node_id,subject,text,block_duration,timing_post_trial,trial_id,stimulus,possible_responses,stim_duration,survey,item_coding,item_text,options,response,coded_response,exp_id
1815,13,text,0,1818,0.0-0.0,s605,,,,,,,,,,,,,,
6652,66,poldrack-text,1,9477,0.0-1.0,s605,<div class = centerbox><div style = 'font-size: 50px' class = center-text>Please press your thumb finger</p></div>,6652.0,500.0,fmri_response_test,,,,,,,,,,
1013,89,poldrack-text,2,10995,0.0-2.0,s605,<div class = centerbox><div style = 'font-size: 50px' class = center-text>Please press your index finger</p></div>,1013.0,500.0,fmri_response_test,,,,,,,,,,
590,71,poldrack-text,3,12086,0.0-3.0,s605,<div class = centerbox><div style = 'font-size: 50px' class = center-text>Please press your middle finger</p></div>,590.0,500.0,fmri_response_test,,,,,,,,,,
793,82,poldrack-text,4,13381,0.0-4.0,s605,<div class = centerbox><div style = 'font-size: 50px' class = center-text>Please press your ring finger</p></div>,793.0,500.0,fmri_response_test,,,,,,,,,,
642,77,poldrack-text,5,14528,0.0-5.0,s605,<div class = centerbox><div style = 'font-size: 50px' class = center-text>Please press your pinky finger</p></div>,642.0,500.0,fmri_response_test,,,,,,,,,,
14052,32,poldrack-single-stim,6,29087,0.0-6.0,s605,,14052.0,0.0,instructions,<div class = centerbox><div class = center-text>Respond to the questions!</div></div>,32,14052.0,,,,,,,
19791,32,poldrack-text,7,48878,0.0-7.0,s605,<div class = centerbox><div  class = center-text>Scanner Setup</div></div>,19791.0,0.0,fmri_scanner_wait,,,,,,,,,,
1482,84,poldrack-text,8,50361,0.0-8.0,s605,<div class = centerbox><div  class = center-text>Task about to start!</div></div>,1482.0,0.0,fmri_trigger_wait,,,,,,,,,,
680,84,poldrack-text,9,51041,0.0-9.0,s605,<div class = centerbox><div  class = center-text>Task about to start!</div></div>,680.0,0.0,fmri_trigger_wait,,,,,,,,,,
680,84,poldrack-text,10,51721,0.0-10.0,s605,<div class = centerbox><div  class = center-text>Task about to start!</div></div>,680.0,0.0,fmri_trigger_wait,,,,,,,,,,
680,84,poldrack-text,11,52402,0.0-11.0,s605,<div class = centerbox><div  class = center-text>Task about to start!</div></div>,680.0,0.0,fmri_trigger_wait,,,,,,,,,,
679,84,poldrack-text,12,53081,0.0-12.0,s605,<div class = centerbox><div  class = center-text>Task about to start!</div></div>,679.0,0.0,fmri_trigger_wait,,,,,,,,,,
680,84,poldrack-text,13,53761,0.0-13.0,s605,<div class = centerbox><div  class = center-text>Task about to start!</div></div>,680.0,0.0,fmri_trigger_wait,,,,,,,,,,
680,84,poldrack-text,14,54441,0.0-14.0,s605,<div class = centerbox><div  class = center-text>Task about to start!</div></div>,680.0,0.0,fmri_trigger_wait,,,,,,,,,,
680,84,poldrack-text,15,55121,0.0-15.0,s605,<div class = centerbox><div  class = center-text>Task about to start!</div></div>,680.0,0.0,fmri_trigger_wait,,,,,,,,,,
679,84,poldrack-text,16,55801,0.0-16.0,s605,<div class = centerbox><div  class = center-text>Task about to start!</div></div>,679.0,0.0,fmri_trigger_wait,,,,,,,,,,
680,84,poldrack-text,17,56481,0.0-17.0,s605,<div class = centerbox><div  class = center-text>Task about to start!</div></div>,680.0,0.0,fmri_trigger_wait,,,,,,,,,,
680,84,poldrack-text,18,57161,0.0-18.0,s605,<div class = centerbox><div  class = center-text>Task about to start!</div></div>,680.0,0.0,fmri_trigger_wait,,,,,,,,,,
679,84,poldrack-text,19,57842,0.0-19.0,s605,<div class = centerbox><div  class = center-text>Task about to start!</div></div>,679.0,0.0,fmri_trigger_wait,,,,,,,,,,
679,84,poldrack-text,20,58521,0.0-20.0,s605,<div class = centerbox><div  class = center-text>Task about to start!</div></div>,679.0,0.0,fmri_trigger_wait,,,,,,,,,,
680,84,poldrack-text,21,59202,0.0-21.0,s605,<div class = centerbox><div  class = center-text>Task about to start!</div></div>,680.0,0.0,fmri_trigger_wait,,,,,,,,,,
679,84,poldrack-text,22,59881,0.0-22.0,s605,<div class = centerbox><div  class = center-text>Task about to start!</div></div>,679.0,0.0,fmri_trigger_wait,,,,,,,,,,
679,84,poldrack-text,23,60562,0.0-23.0,s605,<div class = centerbox><div  class = center-text>Task about to start!</div></div>,679.0,0.0,fmri_trigger_wait,,,,,,,,,,
-1,-1,poldrack-single-stim,24,61567,0.0-24.0,s605,,1000.0,0.0,fmri_buffer,,none,1000.0,,,,,,,
2522,71,poldrack-single-stim,25,70709,0.0-25.0-0.0,s605,,9136.0,0.0,,"<div class = centerbox><p class=item-text>I refuse things that are bad for me.</p></div><div class=response-text><div class=response-item><span style=""font-weight: normal; font-size: 30px"">Not at all</span></div><div class=response-item>1</div><div class=response-item>2</div><div class=response-item>3</div><div class=response-item>4</div><div class=response-item>5</div><div class=response-item><span style=""font-weight: normal; font-size: 30px"">Very much</span></div></div>","66,89,71,82,77",8500.0,brief,forward,I refuse things that are bad for me.,"<span style=""font-weight: normal; font-size: 30px"">Not at all</span>,1,2,3,4,5,<span style=""font-weight: normal; font-size: 30px"">Very much</span>",3.0,3.0,
2498,82,poldrack-single-stim,26,80326,0.0-25.0-1.0,s605,,9612.0,0.0,,"<div class = centerbox><p class=item-text>I have a hard time breaking bad habits.</p></div><div class=response-text><div class=response-item><span style=""font-weight: normal; font-size: 30px"">Not at all</span></div><div class=response-item>1</div><div class=response-item>2</div><div class=response-item>3</div><div class=response-item>4</div><div class=response-item>5</div><div class=response-item><span style=""font-weight: normal; font-size: 30px"">Very much</span></div></div>","66,89,71,82,77",8500.0,brief,reverse,I have a hard time breaking bad habits.,"<span style=""font-weight: normal; font-size: 30px"">Not at all</span>,1,2,3,4,5,<span style=""font-weight: normal; font-size: 30px"">Very much</span>",4.0,2.0,
2350,82,poldrack-single-stim,27,89943,0.0-25.0-2.0,s605,,9612.0,0.0,,"<div class = centerbox><p class=item-text>I have trouble concentrating.</p></div><div class=response-text><div class=response-item><span style=""font-weight: normal; font-size: 30px"">Not at all</span></div><div class=response-item>1</div><div class=response-item>2</div><div class=response-item>3</div><div class=response-item>4</div><div class=response-item>5</div><div class=response-item><span style=""font-weight: normal; font-size: 30px"">Very much</span></div></div>","66,89,71,82,77",8500.0,brief,reverse,I have trouble concentrating.,"<span style=""font-weight: normal; font-size: 30px"">Not at all</span>,1,2,3,4,5,<span style=""font-weight: normal; font-size: 30px"">Very much</span>",4.0,2.0,
3138,71,poldrack-single-stim,28,100241,0.0-25.0-3.0,s605,,10292.0,0.0,,"<div class = centerbox><p class=item-text>I say inappropriate things.</p></div><div class=response-text><div class=response-item><span style=""font-weight: normal; font-size: 30px"">Not at all</span></div><div class=response-item>1</div><div class=response-item>2</div><div class=response-item>3</div><div class=response-item>4</div><div class=response-item>5</div><div class=response-item><span style=""font-weight: normal; font-size: 30px"">Very much</span></div></div>","66,89,71,82,77",8500.0,brief,reverse,I say inappropriate things.,"<span style=""font-weight: normal; font-size: 30px"">Not at all</span>,1,2,3,4,5,<span style=""font-weight: normal; font-size: 30px"">Very much</span>",3.0,3.0,
3367,71,poldrack-single-stim,29,110332,0.0-25.0-4.0,s605,,10088.0,0.0,,"<div class = centerbox><p class=item-text>I could do anything I want in the future.</p></div><div class=response-text><div class=response-item><span style=""font-weight: normal; font-size: 30px"">Very Untrue</span></div><div class=response-item>1</div><div class=response-item>2</div><div class=response-item>3</div><div class=response-item>4</div><div class=response-item>5</div><div class=response-item><span style=""font-weight: normal; font-size: 30px"">Very True</span></div></div>","66,89,71,82,77",8500.0,future_time,forward,I could do anything I want in the future.,"<span style=""font-weight: normal; font-size: 30px"">Very Untrue</span>,1,2,3,4,5,<span style=""font-weight: normal; font-size: 30px"">Very True</span>",3.0,3.0,
5234,82,poldrack-single-stim,30,119404,0.0-25.0-5.0,s605,,9068.0,0.0,,"<div class = centerbox><p class=item-text>Sometimes when I feel bad, I can't seem to stop what I am doing even though it is making me feel worse.</p></div><div class=response-text><div class=response-item><span style=""font-size: 30px"">Disagree Strongly</span></div><div class=response-item><span style=""font-size: 30px"">Disagree Some</span></div><div class=response-item><span style=""font-size: 30px"">Agree Some</span></div><div class=response-item><span style=""font-size: 30px"">Agree Strongly</span></div></div>","66,89,71,82",8500.0,upps,forward,"Sometimes when I feel bad, I can't seem to stop what I am doing even though it is making me feel worse.","<span style=""font-size: 30px"">Disagree Strongly</span>,<span style=""font-size: 30px"">Disagree Some</span>,<span style=""font-size: 30px"">Agree Some</span>,<span style=""font-size: 30px"">Agree Strongly</span>",4.0,4.0,
5522,77,poldrack-single-stim,31,129564,0.0-25.0-6.0,s605,,10156.0,0.0,,"<div class = centerbox><p class=item-text>I have difficulty maintaining my focus on projects that take more than a few months to complete.</p></div><div class=response-text><div class=response-item><span style=""font-weight: normal; font-size: 30px"">Not at all like me</span></div><div class=response-item>1</div><div class=response-item>2</div><div class=response-item>3</div><div class=response-item>4</div><div class=response-item>5</div><div class=response-item><span style=""font-weight: normal; font-size: 30px"">Very much like me</span></div></div>","66,89,71,82,77",8500.0,grit,reverse,I have difficulty maintaining my focus on projects that take more than a few months to complete.,"<span style=""font-weight: normal; font-size: 30px"">Not at all like me</span>,1,2,3,4,5,<span style=""font-weight: normal; font-size: 30px"">Very much like me</span>",5.0,1.0,
1770,82,poldrack-single-stim,32,139450,0.0-25.0-7.0,s605,,9884.0,0.0,,"<div class = centerbox><p class=item-text>I am a hard worker.</p></div><div class=response-text><div class=response-item><span style=""font-weight: normal; font-size: 30px"">Not at all like me</span></div><div class=response-item>1</div><div class=response-item>2</div><div class=response-item>3</div><div class=response-item>4</div><div class=response-item>5</div><div class=response-item><span style=""font-weight: normal; font-size: 30px"">Very much like me</span></div></div>","66,89,71,82,77",8500.0,grit,forward,I am a hard worker.,"<span style=""font-weight: normal; font-size: 30px"">Not at all like me</span>,1,2,3,4,5,<span style=""font-weight: normal; font-size: 30px"">Very much like me</span>",4.0,4.0,
2444,77,poldrack-single-stim,33,149132,0.0-25.0-8.0,s605,,9680.0,0.0,,"<div class = centerbox><p class=item-text>New ideas and projects sometimes distract me from previous ones.</p></div><div class=response-text><div class=response-item><span style=""font-weight: normal; font-size: 30px"">Not at all like me</span></div><div class=response-item>1</div><div class=response-item>2</div><div class=response-item>3</div><div class=response-item>4</div><div class=response-item>5</div><div class=response-item><span style=""font-weight: normal; font-size: 30px"">Very much like me</span></div></div>","66,89,71,82,77",8500.0,grit,reverse,New ideas and projects sometimes distract me from previous ones.,"<span style=""font-weight: normal; font-size: 30px"">Not at all like me</span>,1,2,3,4,5,<span style=""font-weight: normal; font-size: 30px"">Very much like me</span>",5.0,1.0,
4116,82,poldrack-single-stim,34,158679,0.0-25.0-9.0,s605,,9544.0,0.0,,"<div class = centerbox><p class=item-text>I often act without thinking through all the alternatives.</p></div><div class=response-text><div class=response-item><span style=""font-weight: normal; font-size: 30px"">Not at all</span></div><div class=response-item>1</div><div class=response-item>2</div><div class=response-item>3</div><div class=response-item>4</div><div class=response-item>5</div><div class=response-item><span style=""font-weight: normal; font-size: 30px"">Very much</span></div></div>","66,89,71,82,77",8500.0,brief,reverse,I often act without thinking through all the alternatives.,"<span style=""font-weight: normal; font-size: 30px"">Not at all</span>,1,2,3,4,5,<span style=""font-weight: normal; font-size: 30px"">Very much</span>",4.0,2.0,
2644,77,poldrack-single-stim,35,169998,0.0-25.0-10.0,s605,,11312.0,0.0,,"<div class = centerbox><p class=item-text>I often set a goal but later choose to pursue a different one.</p></div><div class=response-text><div class=response-item><span style=""font-weight: normal; font-size: 30px"">Not at all like me</span></div><div class=response-item>1</div><div class=response-item>2</div><div class=response-item>3</div><div class=response-item>4</div><div class=response-item>5</div><div class=response-item><span style=""font-weight: normal; font-size: 30px"">Very much like me</span></div></div>","66,89,71,82,77",8500.0,grit,reverse,I often set a goal but later choose to pursue a different one.,"<span style=""font-weight: normal; font-size: 30px"">Not at all like me</span>,1,2,3,4,5,<span style=""font-weight: normal; font-size: 30px"">Very much like me</span>",5.0,1.0,
2619,82,poldrack-single-stim,36,179614,0.0-25.0-11.0,s605,,9612.0,0.0,,"<div class = centerbox><p class=item-text>Many opportunities await me in the future.</p></div><div class=response-text><div class=response-item><span style=""font-weight: normal; font-size: 30px"">Very Untrue</span></div><div class=response-item>1</div><div class=response-item>2</div><div class=response-item>3</div><div class=response-item>4</div><div class=response-item>5</div><div class=response-item><span style=""font-weight: normal; font-size: 30px"">Very True</span></div></div>","66,89,71,82,77",8500.0,future_time,forward,Many opportunities await me in the future.,"<span style=""font-weight: normal; font-size: 30px"">Very Untrue</span>,1,2,3,4,5,<span style=""font-weight: normal; font-size: 30px"">Very True</span>",4.0,4.0,
2355,82,poldrack-single-stim,37,188820,0.0-25.0-12.0,s605,,9204.0,0.0,,"<div class = centerbox><p class=item-text>My future seems infinite to me.</p></div><div class=response-text><div class=response-item><span style=""font-weight: normal; font-size: 30px"">Very Untrue</span></div><div class=response-item>1</div><div class=response-item>2</div><div class=response-item>3</div><div class=response-item>4</div><div class=response-item>5</div><div class=response-item><span style=""font-weight: normal; font-size: 30px"">Very True</span></div></div>","66,89,71,82,77",8500.0,future_time,forward,My future seems infinite to me.,"<span style=""font-weight: normal; font-size: 30px"">Very Untrue</span>,1,2,3,4,5,<span style=""font-weight: normal; font-size: 30px"">Very True</span>",4.0,4.0,
3035,71,poldrack-single-stim,38,198368,0.0-25.0-13.0,s605,,9544.0,0.0,,"<div class = centerbox><p class=item-text>There is plenty of time left in my life to make new plans.</p></div><div class=response-text><div class=response-item><span style=""font-weight: normal; font-size: 30px"">Very Untrue</span></div><div class=response-item>1</div><div class=response-item>2</div><div class=response-item>3</div><div class=response-item>4</div><div class=response-item>5</div><div class=response-item><span style=""font-weight: normal; font-size: 30px"">Very True</span></div></div>","66,89,71,82,77",8500.0,future_time,forward,There is plenty of time left in my life to make new plans.,"<span style=""font-weight: normal; font-size: 30px"">Very Untrue</span>,1,2,3,4,5,<span style=""font-weight: normal; font-size: 30px"">Very True</span>",3.0,3.0,
1864,71,poldrack-single-stim,39,207849,0.0-25.0-14.0,s605,,9476.0,0.0,,"<div class = centerbox><p class=item-text>I am lazy.</p></div><div class=response-text><div class=response-item><span style=""font-weight: normal; font-size: 30px"">Not at all</span></div><div class=response-item>1</div><div class=response-item>2</div><div class=response-item>3</div><div class=response-item>4</div><div class=response-item>5</div><div class=response-item><span style=""font-weight: normal; font-size: 30px"">Very much</span></div></div>","66,89,71,82,77",8500.0,brief,reverse,I am lazy.,"<span style=""font-weight: normal; font-size: 30px"">Not at all</span>,1,2,3,4,5,<span style=""font-weight: normal; font-size: 30px"">Very much</span>",3.0,3.0,
2797,89,poldrack-single-stim,40,217055,0.0-25.0-15.0,s605,,9204.0,0.0,,"<div class = centerbox><p class=item-text>Setbacks don't discourage me.</p></div><div class=response-text><div class=response-item><span style=""font-weight: normal; font-size: 30px"">Not at all like me</span></div><div class=response-item>1</div><div class=response-item>2</div><div class=response-item>3</div><div class=response-item>4</div><div class=response-item>5</div><div class=response-item><span style=""font-weight: normal; font-size: 30px"">Very much like me</span></div></div>","66,89,71,82,77",8500.0,grit,forward,Setbacks don't discourage me.,"<span style=""font-weight: normal; font-size: 30px"">Not at all like me</span>,1,2,3,4,5,<span style=""font-weight: normal; font-size: 30px"">Very much like me</span>",2.0,2.0,
2775,82,poldrack-single-stim,41,227146,0.0-25.0-16.0,s605,,10088.0,0.0,,"<div class = centerbox><p class=item-text>When I am really excited, I tend not to think of the consequences of my actions.</p></div><div class=response-text><div class=response-item><span style=""font-size: 30px"">Disagree Strongly</span></div><div class=response-item><span style=""font-size: 30px"">Disagree Some</span></div><div class=response-item><span style=""font-size: 30px"">Agree Some</span></div><div class=response-item><span style=""font-size: 30px"">Agree Strongly</span></div></div>","66,89,71,82",8500.0,upps,forward,"When I am really excited, I tend not to think of the consequences of my actions.","<span style=""font-size: 30px"">Disagree Strongly</span>,<span style=""font-size: 30px"">Disagree Some</span>,<span style=""font-size: 30px"">Agree Some</span>,<span style=""font-size: 30px"">Agree Strongly</span>",4.0,4.0,
-1,-1,poldrack-single-stim,42,238053,0.0-25.0-17.0,s605,,10904.0,0.0,,<div class = centerbox><p class=item-text>Do you sometimes like doing things that are a bit frightening?</p></div><div class=response-text><div class=response-item>No</div><div class=response-item>Yes</div></div>,"66,89",8500.0,impulsive_venture,forward,Do you sometimes like doing things that are a bit frightening?,"No,Yes",0.0,0.0,
2772,71,poldrack-single-stim,43,247940,0.0-25.0-18.0,s605,,9884.0,0.0,,"<div class = centerbox><p class=item-text>I am good at resisting temptation.</p></div><div class=response-text><div class=response-item><span style=""font-weight: normal; font-size: 30px"">Not at all</span></div><div class=response-item>1</div><div class=response-item>2</div><div class=response-item>3</div><div class=response-item>4</div><div class=response-item>5</div><div class=response-item><span style=""font-weight: normal; font-size: 30px"">Very much</span></div></div>","66,89,71,82,77",8500.0,brief,forward,I am good at resisting temptation.,"<span style=""font-weight: normal; font-size: 30px"">Not at all</span>,1,2,3,4,5,<span style=""font-weight: normal; font-size: 30px"">Very much</span>",3.0,3.0,
2604,71,poldrack-single-stim,44,257078,0.0-25.0-19.0,s605,,9136.0,0.0,,"<div class = centerbox><p class=item-text>I do certain things that are bad for me, if they are fun.</p></div><div class=response-text><div class=response-item><span style=""font-weight: normal; font-size: 30px"">Not at all</span></div><div class=response-item>1</div><div class=response-item>2</div><div class=response-item>3</div><div class=response-item>4</div><div class=response-item>5</div><div class=response-item><span style=""font-weight: normal; font-size: 30px"">Very much</span></div></div>","66,89,71,82,77",8500.0,brief,reverse,"I do certain things that are bad for me, if they are fun.","<span style=""font-weight: normal; font-size: 30px"">Not at all</span>,1,2,3,4,5,<span style=""font-weight: normal; font-size: 30px"">Very much</span>",3.0,3.0,
2977,82,poldrack-single-stim,45,267441,0.0-25.0-20.0,s605,,10360.0,0.0,,"<div class = centerbox><p class=item-text>I am able to work effectively toward long-term goals.</p></div><div class=response-text><div class=response-item><span style=""font-weight: normal; font-size: 30px"">Not at all</span></div><div class=response-item>1</div><div class=response-item>2</div><div class=response-item>3</div><div class=response-item>4</div><div class=response-item>5</div><div class=response-item><span style=""font-weight: normal; font-size: 30px"">Very much</span></div></div>","66,89,71,82,77",8500.0,brief,forward,I am able to work effectively toward long-term goals.,"<span style=""font-weight: normal; font-size: 30px"">Not at all</span>,1,2,3,4,5,<span style=""font-weight: normal; font-size: 30px"">Very much</span>",4.0,4.0,
3261,82,poldrack-single-stim,46,277126,0.0-25.0-21.0,s605,,9680.0,0.0,,"<div class = centerbox><p class=item-text>Pleasure and fun sometimes keep me from getting work done.</p></div><div class=response-text><div class=response-item><span style=""font-weight: normal; font-size: 30px"">Not at all</span></div><div class=response-item>1</div><div class=response-item>2</div><div class=response-item>3</div><div class=response-item>4</div><div class=response-item>5</div><div class=response-item><span style=""font-weight: normal; font-size: 30px"">Very much</span></div></div>","66,89,71,82,77",8500.0,brief,reverse,Pleasure and fun sometimes keep me from getting work done.,"<span style=""font-weight: normal; font-size: 30px"">Not at all</span>,1,2,3,4,5,<span style=""font-weight: normal; font-size: 30px"">Very much</span>",4.0,2.0,
3413,89,poldrack-single-stim,47,287285,0.0-25.0-22.0,s605,,10156.0,0.0,,"<div class = centerbox><p class=item-text>Others would say I make bad choices when I am extremely happy about something.</p></div><div class=response-text><div class=response-item><span style=""font-size: 30px"">Disagree Strongly</span></div><div class=response-item><span style=""font-size: 30px"">Disagree Some</span></div><div class=response-item><span style=""font-size: 30px"">Agree Some</span></div><div class=response-item><span style=""font-size: 30px"">Agree Strongly</span></div></div>","66,89,71,82",8500.0,upps,forward,Others would say I make bad choices when I am extremely happy about something.,"<span style=""font-size: 30px"">Disagree Strongly</span>,<span style=""font-size: 30px"">Disagree Some</span>,<span style=""font-size: 30px"">Agree Some</span>,<span style=""font-size: 30px"">Agree Strongly</span>",2.0,2.0,
4388,71,poldrack-single-stim,48,296492,0.0-25.0-23.0,s605,,9204.0,0.0,,"<div class = centerbox><p class=item-text>There are only limited possibilities in my future.</p></div><div class=response-text><div class=response-item><span style=""font-weight: normal; font-size: 30px"">Very Untrue</span></div><div class=response-item>1</div><div class=response-item>2</div><div class=response-item>3</div><div class=response-item>4</div><div class=response-item>5</div><div class=response-item><span style=""font-weight: normal; font-size: 30px"">Very True</span></div></div>","66,89,71,82,77",8500.0,future_time,reverse,There are only limited possibilities in my future.,"<span style=""font-weight: normal; font-size: 30px"">Very Untrue</span>,1,2,3,4,5,<span style=""font-weight: normal; font-size: 30px"">Very True</span>",3.0,3.0,
2402,82,poldrack-single-stim,49,307671,0.0-25.0-24.0,s605,,11176.0,0.0,,"<div class = centerbox><p class=item-text>I finish whatever I begin.</p></div><div class=response-text><div class=response-item><span style=""font-weight: normal; font-size: 30px"">Not at all like me</span></div><div class=response-item>1</div><div class=response-item>2</div><div class=response-item>3</div><div class=response-item>4</div><div class=response-item>5</div><div class=response-item><span style=""font-weight: normal; font-size: 30px"">Very much like me</span></div></div>","66,89,71,82,77",8500.0,grit,forward,I finish whatever I begin.,"<span style=""font-weight: normal; font-size: 30px"">Not at all like me</span>,1,2,3,4,5,<span style=""font-weight: normal; font-size: 30px"">Very much like me</span>",4.0,4.0,
3190,82,poldrack-single-stim,50,316945,0.0-25.0-25.0,s605,,9272.0,0.0,,"<div class = centerbox><p class=item-text>Most of my life lies ahead of me.</p></div><div class=response-text><div class=response-item><span style=""font-weight: normal; font-size: 30px"">Very Untrue</span></div><div class=response-item>1</div><div class=response-item>2</div><div class=response-item>3</div><div class=response-item>4</div><div class=response-item>5</div><div class=response-item><span style=""font-weight: normal; font-size: 30px"">Very True</span></div></div>","66,89,71,82,77",8500.0,future_time,forward,Most of my life lies ahead of me.,"<span style=""font-weight: normal; font-size: 30px"">Very Untrue</span>,1,2,3,4,5,<span style=""font-weight: normal; font-size: 30px"">Very True</span>",4.0,4.0,
4167,71,poldrack-single-stim,51,326562,0.0-25.0-26.0,s605,,9612.0,0.0,,"<div class = centerbox><p class=item-text>People would say that I have iron self-discipline.</p></div><div class=response-text><div class=response-item><span style=""font-weight: normal; font-size: 30px"">Not at all</span></div><div class=response-item>1</div><div class=response-item>2</div><div class=response-item>3</div><div class=response-item>4</div><div class=response-item>5</div><div class=response-item><span style=""font-weight: normal; font-size: 30px"">Very much</span></div></div>","66,89,71,82,77",8500.0,brief,forward,People would say that I have iron self-discipline.,"<span style=""font-weight: normal; font-size: 30px"">Not at all</span>,1,2,3,4,5,<span style=""font-weight: normal; font-size: 30px"">Very much</span>",3.0,3.0,
4204,71,poldrack-single-stim,52,335635,0.0-25.0-27.0,s605,,9068.0,0.0,,"<div class = centerbox><p class=item-text>Sometimes I can't stop myself from doing something, even if I know it is wrong.</p></div><div class=response-text><div class=response-item><span style=""font-weight: normal; font-size: 30px"">Not at all</span></div><div class=response-item>1</div><div class=response-item>2</div><div class=response-item>3</div><div class=response-item>4</div><div class=response-item>5</div><div class=response-item><span style=""font-weight: normal; font-size: 30px"">Very much</span></div></div>","66,89,71,82,77",8500.0,brief,reverse,"Sometimes I can't stop myself from doing something, even if I know it is wrong.","<span style=""font-weight: normal; font-size: 30px"">Not at all</span>,1,2,3,4,5,<span style=""font-weight: normal; font-size: 30px"">Very much</span>",3.0,3.0,
-1,-1,poldrack-single-stim,53,344638,0.0-25.0-28.0,s605,,9000.0,0.0,,<div class = centerbox><p class=item-text>Do you welcome new and exciting experiences and sensations even if they are a little frightening and unconventional?</p></div><div class=response-text><div class=response-item>No</div><div class=response-item>Yes</div></div>,"66,89",8500.0,impulsive_venture,forward,Do you welcome new and exciting experiences and sensations even if they are a little frightening and unconventional?,"No,Yes",0.0,0.0,
1951,77,poldrack-single-stim,54,358947,0.0-25.0-29.0,s605,,14304.0,0.0,,"<div class = centerbox><p class=item-text>I expect that I will set many new goals in the future.</p></div><div class=response-text><div class=response-item><span style=""font-weight: normal; font-size: 30px"">Very Untrue</span></div><div class=response-item>1</div><div class=response-item>2</div><div class=response-item>3</div><div class=response-item>4</div><div class=response-item>5</div><div class=response-item><span style=""font-weight: normal; font-size: 30px"">Very True</span></div></div>","66,89,71,82,77",8500.0,future_time,forward,I expect that I will set many new goals in the future.,"<span style=""font-weight: normal; font-size: 30px"">Very Untrue</span>,1,2,3,4,5,<span style=""font-weight: normal; font-size: 30px"">Very True</span>",5.0,5.0,
1936,77,poldrack-single-stim,55,368019,0.0-25.0-30.0,s605,,9068.0,0.0,,"<div class = centerbox><p class=item-text>I wish I had more self-discipline.</p></div><div class=response-text><div class=response-item><span style=""font-weight: normal; font-size: 30px"">Not at all</span></div><div class=response-item>1</div><div class=response-item>2</div><div class=response-item>3</div><div class=response-item>4</div><div class=response-item>5</div><div class=response-item><span style=""font-weight: normal; font-size: 30px"">Very much</span></div></div>","66,89,71,82,77",8500.0,brief,reverse,I wish I had more self-discipline.,"<span style=""font-weight: normal; font-size: 30px"">Not at all</span>,1,2,3,4,5,<span style=""font-weight: normal; font-size: 30px"">Very much</span>",5.0,1.0,
8214,82,poldrack-single-stim,56,378313,0.0-25.0-31.0,s605,,10292.0,0.0,,"<div class = centerbox><p class=item-text>When I get really happy about something, I tend to do things that can have bad consequences.</p></div><div class=response-text><div class=response-item><span style=""font-size: 30px"">Disagree Strongly</span></div><div class=response-item><span style=""font-size: 30px"">Disagree Some</span></div><div class=response-item><span style=""font-size: 30px"">Agree Some</span></div><div class=response-item><span style=""font-size: 30px"">Agree Strongly</span></div></div>","66,89,71,82",8500.0,upps,forward,"When I get really happy about something, I tend to do things that can have bad consequences.","<span style=""font-size: 30px"">Disagree Strongly</span>,<span style=""font-size: 30px"">Disagree Some</span>,<span style=""font-size: 30px"">Agree Some</span>,<span style=""font-size: 30px"">Agree Strongly</span>",4.0,4.0,
2964,82,poldrack-single-stim,57,390105,0.0-25.0-32.0,s605,,11788.0,0.0,,"<div class = centerbox><p class=item-text>I tend to act without thinking when I am really excited.</p></div><div class=response-text><div class=response-item><span style=""font-size: 30px"">Disagree Strongly</span></div><div class=response-item><span style=""font-size: 30px"">Disagree Some</span></div><div class=response-item><span style=""font-size: 30px"">Agree Some</span></div><div class=response-item><span style=""font-size: 30px"">Agree Strongly</span></div></div>","66,89,71,82",8500.0,upps,forward,I tend to act without thinking when I am really excited.,"<span style=""font-size: 30px"">Disagree Strongly</span>,<span style=""font-size: 30px"">Disagree Some</span>,<span style=""font-size: 30px"">Agree Some</span>,<span style=""font-size: 30px"">Agree Strongly</span>",4.0,4.0,
1928,82,poldrack-single-stim,58,399314,0.0-25.0-33.0,s605,,9204.0,0.0,,"<div class = centerbox><p class=item-text>My future is filled with possibilities.</p></div><div class=response-text><div class=response-item><span style=""font-weight: normal; font-size: 30px"">Very Untrue</span></div><div class=response-item>1</div><div class=response-item>2</div><div class=response-item>3</div><div class=response-item>4</div><div class=response-item>5</div><div class=response-item><span style=""font-weight: normal; font-size: 30px"">Very True</span></div></div>","66,89,71,82,77",8500.0,future_time,forward,My future is filled with possibilities.,"<span style=""font-weight: normal; font-size: 30px"">Very Untrue</span>,1,2,3,4,5,<span style=""font-weight: normal; font-size: 30px"">Very True</span>",4.0,4.0,
2762,77,poldrack-single-stim,59,408792,0.0-25.0-34.0,s605,,9476.0,0.0,,"<div class = centerbox><p class=item-text>As I get older, I begin to experience time as limited.</p></div><div class=response-text><div class=response-item><span style=""font-weight: normal; font-size: 30px"">Very Untrue</span></div><div class=response-item>1</div><div class=response-item>2</div><div class=response-item>3</div><div class=response-item>4</div><div class=response-item>5</div><div class=response-item><span style=""font-weight: normal; font-size: 30px"">Very True</span></div></div>","66,89,71,82,77",8500.0,future_time,reverse,"As I get older, I begin to experience time as limited.","<span style=""font-weight: normal; font-size: 30px"">Very Untrue</span>,1,2,3,4,5,<span style=""font-weight: normal; font-size: 30px"">Very True</span>",5.0,1.0,
1624,82,poldrack-single-stim,60,418747,0.0-25.0-35.0,s605,,9952.0,0.0,,"<div class = centerbox><p class=item-text>I am diligent.</p></div><div class=response-text><div class=response-item><span style=""font-weight: normal; font-size: 30px"">Not at all like me</span></div><div class=response-item>1</div><div class=response-item>2</div><div class=response-item>3</div><div class=response-item>4</div><div class=response-item>5</div><div class=response-item><span style=""font-weight: normal; font-size: 30px"">Very much like me</span></div></div>","66,89,71,82,77",8500.0,grit,forward,I am diligent.,"<span style=""font-weight: normal; font-size: 30px"">Not at all like me</span>,1,2,3,4,5,<span style=""font-weight: normal; font-size: 30px"">Very much like me</span>",4.0,4.0,
5539,82,poldrack-single-stim,61,430609,0.0-25.0-36.0,s605,,11856.0,0.0,,"<div class = centerbox><p class=item-text>When overjoyed, I feel like I cant stop myself from going overboard.</p></div><div class=response-text><div class=response-item><span style=""font-size: 30px"">Disagree Strongly</span></div><div class=response-item><span style=""font-size: 30px"">Disagree Some</span></div><div class=response-item><span style=""font-size: 30px"">Agree Some</span></div><div class=response-item><span style=""font-size: 30px"">Agree Strongly</span></div></div>","66,89,71,82",8500.0,upps,forward,"When overjoyed, I feel like I cant stop myself from going overboard.","<span style=""font-size: 30px"">Disagree Strongly</span>,<span style=""font-size: 30px"">Disagree Some</span>,<span style=""font-size: 30px"">Agree Some</span>,<span style=""font-size: 30px"">Agree Strongly</span>",4.0,4.0,
4681,82,poldrack-single-stim,62,439814,0.0-25.0-37.0,s605,,9204.0,0.0,,"<div class = centerbox><p class=item-text>I have been obsessed with a certain idea or project for a short time but later lost interest.</p></div><div class=response-text><div class=response-item><span style=""font-weight: normal; font-size: 30px"">Not at all like me</span></div><div class=response-item>1</div><div class=response-item>2</div><div class=response-item>3</div><div class=response-item>4</div><div class=response-item>5</div><div class=response-item><span style=""font-weight: normal; font-size: 30px"">Very much like me</span></div></div>","66,89,71,82,77",8500.0,grit,reverse,I have been obsessed with a certain idea or project for a short time but later lost interest.,"<span style=""font-weight: normal; font-size: 30px"">Not at all like me</span>,1,2,3,4,5,<span style=""font-weight: normal; font-size: 30px"">Very much like me</span>",4.0,2.0,
-1,-1,poldrack-single-stim,63,451334,0.0-25.0-38.0,s605,,11516.0,0.0,,<div class = centerbox><p class=item-text>Would you enjoy the sensation of skiing very fast down a high mountain slope?</p></div><div class=response-text><div class=response-item>No</div><div class=response-item>Yes</div></div>,"66,89",8500.0,impulsive_venture,forward,Would you enjoy the sensation of skiing very fast down a high mountain slope?,"No,Yes",0.0,0.0,
1627,77,poldrack-single-stim,64,460337,0.0-25.0-39.0,s605,,9000.0,0.0,,"<div class = centerbox><p class=item-text>I have the sense that time is running out.</p></div><div class=response-text><div class=response-item><span style=""font-weight: normal; font-size: 30px"">Very Untrue</span></div><div class=response-item>1</div><div class=response-item>2</div><div class=response-item>3</div><div class=response-item>4</div><div class=response-item>5</div><div class=response-item><span style=""font-weight: normal; font-size: 30px"">Very True</span></div></div>","66,89,71,82,77",8500.0,future_time,reverse,I have the sense that time is running out.,"<span style=""font-weight: normal; font-size: 30px"">Very Untrue</span>,1,2,3,4,5,<span style=""font-weight: normal; font-size: 30px"">Very True</span>",5.0,1.0,
12748,32,poldrack-single-stim,65,473087,0.0-26.0,s605,,12748.0,0.0,end,<div class = centerbox><div class = center-text><i>Fin</i></div></div>,32,12748.0,,,,,,,survey_medley
593,13,text,66,473681,0.0-27.0,s605,,,,,,,,,,,,,,
