"rt","key_press","trial_type","trial_index","time_elapsed","internal_node_id","subject","text","block_duration","timing_post_trial","trial_id","responses","stimulus","possible_responses","stim_duration","correct","correct_response","feedback_duration","exp_stage","trial_num","SS_stimulus","SS_delay","SS_trial_type","SS_duration","exp_id"
"5004","13","text","0","5006","0.0-0.0","s570","","","","","","","","","","","","","","","","","",""
"1719","89","poldrack-text","1","7731","0.0-1.0","s570","<div class = centerbox><div style = 'font-size: 50px' class = center-text>Please press your index finger</p></div>","1719","500","fmri_response_test","","","","","","","","","","","","","",""
"1269","71","poldrack-text","2","9504","0.0-2.0","s570","<div class = centerbox><div style = 'font-size: 50px' class = center-text>Please press your middle finger</p></div>","1269","500","fmri_response_test","","","","","","","","","","","","","",""
"17149","","survey-text","3","27161","0.0-3.0","s570","","","","task_setup","{""Q0"":""1""}","","","","","","","","","","","","",""
"23682","32","poldrack-single-stim","4","51871","0.0-4.0","s570","","23682","0","instructions","","<div class = instructbox><p class = instruct-text>Only one key is correct for each shape. The correct keys are as follows:<ul list-text><li><div class = prompt_container><img class = prompt_stim src = /static/experiments/stop_signal/images/moon.png></img>index finger</div></li></li><li><div class = prompt_container><img class = prompt_stim src = /static/experiments/stop_signal/images/oval.png></img>middle finger</div></li> </li><li><div class = prompt_container><img class = prompt_stim src = /static/experiments/stop_signal/images/rectangle.png></img>index finger</div></li> </li><li><div class = prompt_container><img class = prompt_stim src = /static/experiments/stop_signal/images/trapezoid.png></img>middle finger</div></li></ul></p><p class = instruct-text><strong>Do not respond if you see the red star!</strong></p><p class = instruct-text>We will start with practice</p></div>","32","23682","","","","","","","","","",""
"1168","71","poldrack-categorize","5","54226","0.0-5.0-0.0-0.0","s570","","1850","250","stim","","<div class = coverbox></div><div class = shapebox><img class = stim src = /static/experiments/stop_signal/images/oval.png></img></div>","89,71","850","true","71","500","practice","0","","","","",""
"694","71","poldrack-categorize","6","56840","0.0-5.0-0.0-1.0","s570","","1850","250","stim","","<div class = coverbox></div><div class = shapebox><img class = stim src = /static/experiments/stop_signal/images/trapezoid.png></img></div>","89,71","850","true","71","500","practice","1","","","","",""
"601","89","poldrack-categorize","7","59448","0.0-5.0-0.0-2.0","s570","","1850","250","stim","","<div class = coverbox></div><div class = shapebox><img class = stim src = /static/experiments/stop_signal/images/rectangle.png></img></div>","89,71","850","true","89","500","practice","2","","","","",""
"423","89","poldrack-categorize","8","62050","0.0-5.0-0.0-3.0","s570","","1850","250","stim","","<div class = coverbox></div><div class = shapebox><img class = stim src = /static/experiments/stop_signal/images/moon.png></img></div>","89,71","850","true","89","500","practice","3","","","","",""
"494","89","poldrack-categorize","9","64655","0.0-5.0-0.0-4.0","s570","","1850","250","stim","","<div class = coverbox></div><div class = shapebox><img class = stim src = /static/experiments/stop_signal/images/moon.png></img></div>","89,71","850","true","89","500","practice","4","","","","",""
"574","71","poldrack-categorize","10","67261","0.0-5.0-0.0-5.0","s570","","1850","250","stim","","<div class = coverbox></div><div class = shapebox><img class = stim src = /static/experiments/stop_signal/images/oval.png></img></div>","89,71","850","true","71","500","practice","5","","","","",""
"465","71","poldrack-categorize","11","69875","0.0-5.0-0.0-6.0","s570","","1850","250","stim","","<div class = coverbox></div><div class = shapebox><img class = stim src = /static/experiments/stop_signal/images/trapezoid.png></img></div>","89,71","850","true","71","500","practice","6","","","","",""
"671","89","poldrack-categorize","12","72477","0.0-5.0-0.0-7.0","s570","","1850","250","stim","","<div class = coverbox></div><div class = shapebox><img class = stim src = /static/experiments/stop_signal/images/rectangle.png></img></div>","89,71","850","true","89","500","practice","7","","","","",""
"458","89","poldrack-categorize","13","75085","0.0-5.0-0.0-8.0","s570","","1850","250","stim","","<div class = coverbox></div><div class = shapebox><img class = stim src = /static/experiments/stop_signal/images/rectangle.png></img></div>","89,71","850","true","89","500","practice","8","","","","",""
"423","89","poldrack-categorize","14","77688","0.0-5.0-0.0-9.0","s570","","1850","250","stim","","<div class = coverbox></div><div class = shapebox><img class = stim src = /static/experiments/stop_signal/images/moon.png></img></div>","89,71","850","true","89","500","practice","9","","","","",""
"571","71","poldrack-categorize","15","80296","0.0-5.0-0.0-10.0","s570","","1850","250","stim","","<div class = coverbox></div><div class = shapebox><img class = stim src = /static/experiments/stop_signal/images/oval.png></img></div>","89,71","850","true","71","500","practice","10","","","","",""
"507","71","poldrack-categorize","16","82904","0.0-5.0-0.0-11.0","s570","","1850","250","stim","","<div class = coverbox></div><div class = shapebox><img class = stim src = /static/experiments/stop_signal/images/trapezoid.png></img></div>","89,71","850","true","71","500","practice","11","","","","",""
"24374","32","poldrack-text","17","107531","0.0-6.0","s570","<div class = centerbox><div  class = center-text>Scanner Setup</div></div>","24374","0","fmri_scanner_wait","","","","","","","","","","","","","",""
"3900","84","poldrack-text","18","111431","0.0-7.0","s570","<div class = centerbox><div  class = center-text>Task about to start!</div></div>","3900","0","fmri_trigger_wait","","","","","","","","","","","","","",""
"680","84","poldrack-text","19","112111","0.0-8.0","s570","<div class = centerbox><div  class = center-text>Task about to start!</div></div>","680","0","fmri_trigger_wait","","","","","","","","","","","","","",""
"679","84","poldrack-text","20","112791","0.0-9.0","s570","<div class = centerbox><div  class = center-text>Task about to start!</div></div>","679","0","fmri_trigger_wait","","","","","","","","","","","","","",""
"680","84","poldrack-text","21","113472","0.0-10.0","s570","<div class = centerbox><div  class = center-text>Task about to start!</div></div>","680","0","fmri_trigger_wait","","","","","","","","","","","","","",""
"679","84","poldrack-text","22","114151","0.0-11.0","s570","<div class = centerbox><div  class = center-text>Task about to start!</div></div>","679","0","fmri_trigger_wait","","","","","","","","","","","","","",""
"680","84","poldrack-text","23","114831","0.0-12.0","s570","<div class = centerbox><div  class = center-text>Task about to start!</div></div>","680","0","fmri_trigger_wait","","","","","","","","","","","","","",""
"680","84","poldrack-text","24","115511","0.0-13.0","s570","<div class = centerbox><div  class = center-text>Task about to start!</div></div>","680","0","fmri_trigger_wait","","","","","","","","","","","","","",""
"680","84","poldrack-text","25","116192","0.0-14.0","s570","<div class = centerbox><div  class = center-text>Task about to start!</div></div>","680","0","fmri_trigger_wait","","","","","","","","","","","","","",""
"679","84","poldrack-text","26","116871","0.0-15.0","s570","<div class = centerbox><div  class = center-text>Task about to start!</div></div>","679","0","fmri_trigger_wait","","","","","","","","","","","","","",""
"681","84","poldrack-text","27","117552","0.0-16.0","s570","<div class = centerbox><div  class = center-text>Task about to start!</div></div>","681","0","fmri_trigger_wait","","","","","","","","","","","","","",""
"679","84","poldrack-text","28","118231","0.0-17.0","s570","<div class = centerbox><div  class = center-text>Task about to start!</div></div>","679","0","fmri_trigger_wait","","","","","","","","","","","","","",""
"681","84","poldrack-text","29","118912","0.0-18.0","s570","<div class = centerbox><div  class = center-text>Task about to start!</div></div>","681","0","fmri_trigger_wait","","","","","","","","","","","","","",""
"679","84","poldrack-text","30","119592","0.0-19.0","s570","<div class = centerbox><div  class = center-text>Task about to start!</div></div>","679","0","fmri_trigger_wait","","","","","","","","","","","","","",""
"679","84","poldrack-text","31","120272","0.0-20.0","s570","<div class = centerbox><div  class = center-text>Task about to start!</div></div>","679","0","fmri_trigger_wait","","","","","","","","","","","","","",""
"679","84","poldrack-text","32","120951","0.0-21.0","s570","<div class = centerbox><div  class = center-text>Task about to start!</div></div>","679","0","fmri_trigger_wait","","","","","","","","","","","","","",""
"679","84","poldrack-text","33","121632","0.0-22.0","s570","<div class = centerbox><div  class = center-text>Task about to start!</div></div>","679","0","fmri_trigger_wait","","","","","","","","","","","","","",""
"-1","-1","poldrack-single-stim","34","122637","0.0-23.0","s570","","1000","0","fmri_buffer","","","none","1000","","","","","","","","","",""
"-1","-1","poldrack-single-stim","35","124143","0.0-24.0","s570","","1500","500","test_start_block","","<div class = centerbox><div class = center-text>Get ready!</p></div>","none","1500","","","","","","","","","",""
"754","89","stop-signal","36","127173","0.0-25.0-0.0","s570","","2522","0","stim","","<div class = coverbox></div><div class = shapebox><img class = stim src = /static/experiments/stop_signal/images/moon.png></img></div>","89,71","850","true","89","","test","0","<div class = coverbox></div><div class = stopbox><div class = centered-shape id = stop-signal></div><div class = centered-shape id = stop-signal-inner></div></div>","100","go","500",""
"641","71","stop-signal","37","129429","0.0-25.0-1.0","s570","","2250","0","stim","","<div class = coverbox></div><div class = shapebox><img class = stim src = /static/experiments/stop_signal/images/oval.png></img></div>","89,71","850","true","71","","test","1","<div class = coverbox></div><div class = stopbox><div class = centered-shape id = stop-signal></div><div class = centered-shape id = stop-signal-inner></div></div>","100","go","500",""
"-1","-1","stop-signal","38","131685","0.0-25.0-2.0","s570","","2250","0","stim","","<div class = coverbox></div><div class = shapebox><img class = stim src = /static/experiments/stop_signal/images/oval.png></img></div>","89,71","850","false","71","","test","2","<div class = coverbox></div><div class = stopbox><div class = centered-shape id = stop-signal></div><div class = centered-shape id = stop-signal-inner></div></div>","100","stop","500",""
"736","71","stop-signal","39","133941","0.0-25.0-3.0","s570","","2250","0","stim","","<div class = coverbox></div><div class = shapebox><img class = stim src = /static/experiments/stop_signal/images/oval.png></img></div>","89,71","850","true","71","","test","3","<div class = coverbox></div><div class = stopbox><div class = centered-shape id = stop-signal></div><div class = centered-shape id = stop-signal-inner></div></div>","150","go","500",""
"510","71","stop-signal","40","136197","0.0-25.0-4.0","s570","","2250","0","stim","","<div class = coverbox></div><div class = shapebox><img class = stim src = /static/experiments/stop_signal/images/oval.png></img></div>","89,71","850","true","71","","test","4","<div class = coverbox></div><div class = stopbox><div class = centered-shape id = stop-signal></div><div class = centered-shape id = stop-signal-inner></div></div>","150","go","500",""
"523","89","stop-signal","41","138586","0.0-25.0-5.0","s570","","2386","0","stim","","<div class = coverbox></div><div class = shapebox><img class = stim src = /static/experiments/stop_signal/images/moon.png></img></div>","89,71","850","true","89","","test","5","<div class = coverbox></div><div class = stopbox><div class = centered-shape id = stop-signal></div><div class = centered-shape id = stop-signal-inner></div></div>","150","go","500",""
"850","71","stop-signal","42","140839","0.0-25.0-6.0","s570","","2250","0","stim","","<div class = coverbox></div><div class = shapebox><img class = stim src = /static/experiments/stop_signal/images/trapezoid.png></img></div>","89,71","850","true","71","","test","6","<div class = coverbox></div><div class = stopbox><div class = centered-shape id = stop-signal></div><div class = centered-shape id = stop-signal-inner></div></div>","150","go","500",""
"-1","-1","stop-signal","43","143093","0.0-25.0-7.0","s570","","2250","0","stim","","<div class = coverbox></div><div class = shapebox><img class = stim src = /static/experiments/stop_signal/images/rectangle.png></img></div>","89,71","850","false","89","","test","7","<div class = coverbox></div><div class = stopbox><div class = centered-shape id = stop-signal></div><div class = centered-shape id = stop-signal-inner></div></div>","150","stop","500",""
"666","89","stop-signal","44","145346","0.0-25.0-8.0","s570","","2250","0","stim","","<div class = coverbox></div><div class = shapebox><img class = stim src = /static/experiments/stop_signal/images/rectangle.png></img></div>","89,71","850","true","89","","test","8","<div class = coverbox></div><div class = stopbox><div class = centered-shape id = stop-signal></div><div class = centered-shape id = stop-signal-inner></div></div>","200","go","500",""
"-1","-1","stop-signal","45","147600","0.0-25.0-9.0","s570","","2250","0","stim","","<div class = coverbox></div><div class = shapebox><img class = stim src = /static/experiments/stop_signal/images/moon.png></img></div>","89,71","850","false","89","","test","9","<div class = coverbox></div><div class = stopbox><div class = centered-shape id = stop-signal></div><div class = centered-shape id = stop-signal-inner></div></div>","200","stop","500",""
"-1","-1","stop-signal","46","150128","0.0-25.0-10.0","s570","","2522","0","stim","","<div class = coverbox></div><div class = shapebox><img class = stim src = /static/experiments/stop_signal/images/rectangle.png></img></div>","89,71","850","false","89","","test","10","<div class = coverbox></div><div class = stopbox><div class = centered-shape id = stop-signal></div><div class = centered-shape id = stop-signal-inner></div></div>","250","stop","500",""
"597","89","stop-signal","47","152517","0.0-25.0-11.0","s570","","2386","0","stim","","<div class = coverbox></div><div class = shapebox><img class = stim src = /static/experiments/stop_signal/images/rectangle.png></img></div>","89,71","850","true","89","","test","11","<div class = coverbox></div><div class = stopbox><div class = centered-shape id = stop-signal></div><div class = centered-shape id = stop-signal-inner></div></div>","300","go","500",""
"601","71","stop-signal","48","155045","0.0-25.0-12.0","s570","","2522","0","stim","","<div class = coverbox></div><div class = shapebox><img class = stim src = /static/experiments/stop_signal/images/oval.png></img></div>","89,71","850","true","71","","test","12","<div class = coverbox></div><div class = stopbox><div class = centered-shape id = stop-signal></div><div class = centered-shape id = stop-signal-inner></div></div>","300","go","500",""
"-1","-1","stop-signal","49","157302","0.0-25.0-13.0","s570","","2250","0","stim","","<div class = coverbox></div><div class = shapebox><img class = stim src = /static/experiments/stop_signal/images/rectangle.png></img></div>","89,71","850","false","89","","test","13","<div class = coverbox></div><div class = stopbox><div class = centered-shape id = stop-signal></div><div class = centered-shape id = stop-signal-inner></div></div>","300","stop","500",""
"553","89","stop-signal","50","159691","0.0-25.0-14.0","s570","","2386","0","stim","","<div class = coverbox></div><div class = shapebox><img class = stim src = /static/experiments/stop_signal/images/moon.png></img></div>","89,71","850","true","89","","test","14","<div class = coverbox></div><div class = stopbox><div class = centered-shape id = stop-signal></div><div class = centered-shape id = stop-signal-inner></div></div>","350","go","500",""
"777","89","stop-signal","51","162080","0.0-25.0-15.0","s570","","2386","0","stim","","<div class = coverbox></div><div class = shapebox><img class = stim src = /static/experiments/stop_signal/images/rectangle.png></img></div>","89,71","850","true","89","","test","15","<div class = coverbox></div><div class = stopbox><div class = centered-shape id = stop-signal></div><div class = centered-shape id = stop-signal-inner></div></div>","350","go","500",""
"1018","89","stop-signal","52","164336","0.0-25.0-16.0","s570","","2250","0","stim","","<div class = coverbox></div><div class = shapebox><img class = stim src = /static/experiments/stop_signal/images/moon.png></img></div>","89,71","850","true","89","","test","16","<div class = coverbox></div><div class = stopbox><div class = centered-shape id = stop-signal></div><div class = centered-shape id = stop-signal-inner></div></div>","350","go","500",""
"435","89","stop-signal","53","166726","0.0-25.0-17.0","s570","","2386","0","stim","","<div class = coverbox></div><div class = shapebox><img class = stim src = /static/experiments/stop_signal/images/moon.png></img></div>","89,71","850","true","89","","test","17","<div class = coverbox></div><div class = stopbox><div class = centered-shape id = stop-signal></div><div class = centered-shape id = stop-signal-inner></div></div>","350","go","500",""
"846","71","stop-signal","54","169115","0.0-25.0-18.0","s570","","2386","0","stim","","<div class = coverbox></div><div class = shapebox><img class = stim src = /static/experiments/stop_signal/images/trapezoid.png></img></div>","89,71","850","true","71","","test","18","<div class = coverbox></div><div class = stopbox><div class = centered-shape id = stop-signal></div><div class = centered-shape id = stop-signal-inner></div></div>","350","go","500",""
"-1","-1","stop-signal","55","171505","0.0-25.0-19.0","s570","","2386","0","stim","","<div class = coverbox></div><div class = shapebox><img class = stim src = /static/experiments/stop_signal/images/moon.png></img></div>","89,71","850","false","89","","test","19","<div class = coverbox></div><div class = stopbox><div class = centered-shape id = stop-signal></div><div class = centered-shape id = stop-signal-inner></div></div>","350","stop","500",""
"939","89","stop-signal","56","174166","0.0-25.0-20.0","s570","","2658","0","stim","","<div class = coverbox></div><div class = shapebox><img class = stim src = /static/experiments/stop_signal/images/rectangle.png></img></div>","89,71","850","true","89","","test","20","<div class = coverbox></div><div class = stopbox><div class = centered-shape id = stop-signal></div><div class = centered-shape id = stop-signal-inner></div></div>","400","go","500",""
"693","89","stop-signal","57","176694","0.0-25.0-21.0","s570","","2522","0","stim","","<div class = coverbox></div><div class = shapebox><img class = stim src = /static/experiments/stop_signal/images/rectangle.png></img></div>","89,71","850","true","89","","test","21","<div class = coverbox></div><div class = stopbox><div class = centered-shape id = stop-signal></div><div class = centered-shape id = stop-signal-inner></div></div>","400","go","500",""
"-1","-1","stop-signal","58","178950","0.0-25.0-22.0","s570","","2250","0","stim","","<div class = coverbox></div><div class = shapebox><img class = stim src = /static/experiments/stop_signal/images/oval.png></img></div>","89,71","850","false","71","","test","22","<div class = coverbox></div><div class = stopbox><div class = centered-shape id = stop-signal></div><div class = centered-shape id = stop-signal-inner></div></div>","400","stop","500",""
"539","71","stop-signal","59","181884","0.0-25.0-23.0","s570","","2930","0","stim","","<div class = coverbox></div><div class = shapebox><img class = stim src = /static/experiments/stop_signal/images/oval.png></img></div>","89,71","850","true","71","","test","23","<div class = coverbox></div><div class = stopbox><div class = centered-shape id = stop-signal></div><div class = centered-shape id = stop-signal-inner></div></div>","450","stop","500",""
"633","71","stop-signal","60","184140","0.0-25.0-24.0","s570","","2250","0","stim","","<div class = coverbox></div><div class = shapebox><img class = stim src = /static/experiments/stop_signal/images/trapezoid.png></img></div>","89,71","850","true","71","","test","24","<div class = coverbox></div><div class = stopbox><div class = centered-shape id = stop-signal></div><div class = centered-shape id = stop-signal-inner></div></div>","400","go","500",""
"551","71","stop-signal","61","186668","0.0-25.0-25.0","s570","","2522","0","stim","","<div class = coverbox></div><div class = shapebox><img class = stim src = /static/experiments/stop_signal/images/trapezoid.png></img></div>","89,71","850","true","71","","test","25","<div class = coverbox></div><div class = stopbox><div class = centered-shape id = stop-signal></div><div class = centered-shape id = stop-signal-inner></div></div>","400","go","500",""
"-1","-1","stop-signal","62","188924","0.0-25.0-26.0","s570","","2250","0","stim","","<div class = coverbox></div><div class = shapebox><img class = stim src = /static/experiments/stop_signal/images/oval.png></img></div>","89,71","850","false","71","","test","26","<div class = coverbox></div><div class = stopbox><div class = centered-shape id = stop-signal></div><div class = centered-shape id = stop-signal-inner></div></div>","400","stop","500",""
"637","71","stop-signal","63","191180","0.0-25.0-27.0","s570","","2250","0","stim","","<div class = coverbox></div><div class = shapebox><img class = stim src = /static/experiments/stop_signal/images/trapezoid.png></img></div>","89,71","850","true","71","","test","27","<div class = coverbox></div><div class = stopbox><div class = centered-shape id = stop-signal></div><div class = centered-shape id = stop-signal-inner></div></div>","450","go","500",""
"876","71","stop-signal","64","193436","0.0-25.0-28.0","s570","","2250","0","stim","","<div class = coverbox></div><div class = shapebox><img class = stim src = /static/experiments/stop_signal/images/oval.png></img></div>","89,71","850","true","71","","test","28","<div class = coverbox></div><div class = stopbox><div class = centered-shape id = stop-signal></div><div class = centered-shape id = stop-signal-inner></div></div>","450","go","500",""
"760","89","stop-signal","65","195692","0.0-25.0-29.0","s570","","2250","0","stim","","<div class = coverbox></div><div class = shapebox><img class = stim src = /static/experiments/stop_signal/images/moon.png></img></div>","89,71","850","true","89","","test","29","<div class = coverbox></div><div class = stopbox><div class = centered-shape id = stop-signal></div><div class = centered-shape id = stop-signal-inner></div></div>","450","go","500",""
"784","89","stop-signal","66","198220","0.0-25.0-30.0","s570","","2522","0","stim","","<div class = coverbox></div><div class = shapebox><img class = stim src = /static/experiments/stop_signal/images/rectangle.png></img></div>","89,71","850","true","89","","test","30","<div class = coverbox></div><div class = stopbox><div class = centered-shape id = stop-signal></div><div class = centered-shape id = stop-signal-inner></div></div>","450","go","500",""
"-1","-1","stop-signal","67","201292","0.0-25.0-31.0","s570","","3066","0","stim","","<div class = coverbox></div><div class = shapebox><img class = stim src = /static/experiments/stop_signal/images/trapezoid.png></img></div>","89,71","850","false","71","","test","31","<div class = coverbox></div><div class = stopbox><div class = centered-shape id = stop-signal></div><div class = centered-shape id = stop-signal-inner></div></div>","450","stop","500",""
"727","89","stop-signal","68","203549","0.0-25.0-32.0","s570","","2250","0","stim","","<div class = coverbox></div><div class = shapebox><img class = stim src = /static/experiments/stop_signal/images/moon.png></img></div>","89,71","850","true","89","","test","32","<div class = coverbox></div><div class = stopbox><div class = centered-shape id = stop-signal></div><div class = centered-shape id = stop-signal-inner></div></div>","500","stop","500",""
"700","89","stop-signal","69","205938","0.0-25.0-33.0","s570","","2386","0","stim","","<div class = coverbox></div><div class = shapebox><img class = stim src = /static/experiments/stop_signal/images/moon.png></img></div>","89,71","850","true","89","","test","33","<div class = coverbox></div><div class = stopbox><div class = centered-shape id = stop-signal></div><div class = centered-shape id = stop-signal-inner></div></div>","450","go","500",""
"-1","-1","stop-signal","70","208330","0.0-25.0-34.0","s570","","2386","0","stim","","<div class = coverbox></div><div class = shapebox><img class = stim src = /static/experiments/stop_signal/images/rectangle.png></img></div>","89,71","850","false","89","","test","34","<div class = coverbox></div><div class = stopbox><div class = centered-shape id = stop-signal></div><div class = centered-shape id = stop-signal-inner></div></div>","450","stop","500",""
"718","89","stop-signal","71","210855","0.0-25.0-35.0","s570","","2522","0","stim","","<div class = coverbox></div><div class = shapebox><img class = stim src = /static/experiments/stop_signal/images/rectangle.png></img></div>","89,71","850","true","89","","test","35","<div class = coverbox></div><div class = stopbox><div class = centered-shape id = stop-signal></div><div class = centered-shape id = stop-signal-inner></div></div>","500","go","500",""
"840","71","stop-signal","72","213245","0.0-25.0-36.0","s570","","2386","0","stim","","<div class = coverbox></div><div class = shapebox><img class = stim src = /static/experiments/stop_signal/images/trapezoid.png></img></div>","89,71","850","true","71","","test","36","<div class = coverbox></div><div class = stopbox><div class = centered-shape id = stop-signal></div><div class = centered-shape id = stop-signal-inner></div></div>","500","go","500",""
"833","71","stop-signal","73","215634","0.0-25.0-37.0","s570","","2386","0","stim","","<div class = coverbox></div><div class = shapebox><img class = stim src = /static/experiments/stop_signal/images/oval.png></img></div>","89,71","850","true","71","","test","37","<div class = coverbox></div><div class = stopbox><div class = centered-shape id = stop-signal></div><div class = centered-shape id = stop-signal-inner></div></div>","500","go","500",""
"-1","-1","stop-signal","74","218429","0.0-25.0-38.0","s570","","2794","0","stim","","<div class = coverbox></div><div class = shapebox><img class = stim src = /static/experiments/stop_signal/images/moon.png></img></div>","89,71","850","false","89","","test","38","<div class = coverbox></div><div class = stopbox><div class = centered-shape id = stop-signal></div><div class = centered-shape id = stop-signal-inner></div></div>","500","stop","500",""
"699","89","stop-signal","75","220818","0.0-25.0-39.0","s570","","2386","0","stim","","<div class = coverbox></div><div class = shapebox><img class = stim src = /static/experiments/stop_signal/images/moon.png></img></div>","89,71","850","true","89","","test","39","<div class = coverbox></div><div class = stopbox><div class = centered-shape id = stop-signal></div><div class = centered-shape id = stop-signal-inner></div></div>","550","go","500",""
"-1","-1","stop-signal","76","223074","0.0-25.0-40.0","s570","","2250","0","stim","","<div class = coverbox></div><div class = shapebox><img class = stim src = /static/experiments/stop_signal/images/trapezoid.png></img></div>","89,71","850","false","71","","test","40","<div class = coverbox></div><div class = stopbox><div class = centered-shape id = stop-signal></div><div class = centered-shape id = stop-signal-inner></div></div>","550","stop","500",""
"-1","-1","poldrack-single-stim","77","230579","0.0-26.0","s570","","7500","1000","rest_block","","<div class = centerbox><div class = center-text>Take a break!<br>Next run will start in a moment</div></div>","none","7500","","","","","","","","","",""
"-1","-1","poldrack-single-stim","78","233085","0.0-27.0","s570","","1500","500","test_start_block","","<div class = centerbox><div class = center-text>Get ready!</p></div>","none","1500","","","","","","","","","",""
"785","89","stop-signal","79","236115","0.0-28.0-0.0","s570","","2522","0","stim","","<div class = coverbox></div><div class = shapebox><img class = stim src = /static/experiments/stop_signal/images/moon.png></img></div>","89,71","850","true","89","","test","41","<div class = coverbox></div><div class = stopbox><div class = centered-shape id = stop-signal></div><div class = centered-shape id = stop-signal-inner></div></div>","600","stop","500",""
"-1","-1","stop-signal","80","238504","0.0-28.0-1.0","s570","","2386","0","stim","","<div class = coverbox></div><div class = shapebox><img class = stim src = /static/experiments/stop_signal/images/trapezoid.png></img></div>","89,71","850","false","71","","test","42","<div class = coverbox></div><div class = stopbox><div class = centered-shape id = stop-signal></div><div class = centered-shape id = stop-signal-inner></div></div>","550","stop","500",""
"824","71","stop-signal","81","240893","0.0-28.0-2.0","s570","","2386","0","stim","","<div class = coverbox></div><div class = shapebox><img class = stim src = /static/experiments/stop_signal/images/oval.png></img></div>","89,71","850","true","71","","test","43","<div class = coverbox></div><div class = stopbox><div class = centered-shape id = stop-signal></div><div class = centered-shape id = stop-signal-inner></div></div>","600","go","500",""
"-1","-1","stop-signal","82","243150","0.0-28.0-3.0","s570","","2250","0","stim","","<div class = coverbox></div><div class = shapebox><img class = stim src = /static/experiments/stop_signal/images/rectangle.png></img></div>","89,71","850","false","89","","test","44","<div class = coverbox></div><div class = stopbox><div class = centered-shape id = stop-signal></div><div class = centered-shape id = stop-signal-inner></div></div>","600","stop","500",""
"841","89","stop-signal","83","245539","0.0-28.0-4.0","s570","","2386","0","stim","","<div class = coverbox></div><div class = shapebox><img class = stim src = /static/experiments/stop_signal/images/moon.png></img></div>","89,71","850","true","89","","test","45","<div class = coverbox></div><div class = stopbox><div class = centered-shape id = stop-signal></div><div class = centered-shape id = stop-signal-inner></div></div>","650","go","500",""
"1443","71","stop-signal","84","247795","0.0-28.0-5.0","s570","","2250","0","stim","","<div class = coverbox></div><div class = shapebox><img class = stim src = /static/experiments/stop_signal/images/trapezoid.png></img></div>","89,71","850","true","71","","test","46","<div class = coverbox></div><div class = stopbox><div class = centered-shape id = stop-signal></div><div class = centered-shape id = stop-signal-inner></div></div>","650","go","500",""
"849","89","stop-signal","85","250051","0.0-28.0-6.0","s570","","2250","0","stim","","<div class = coverbox></div><div class = shapebox><img class = stim src = /static/experiments/stop_signal/images/rectangle.png></img></div>","89,71","850","true","89","","test","47","<div class = coverbox></div><div class = stopbox><div class = centered-shape id = stop-signal></div><div class = centered-shape id = stop-signal-inner></div></div>","650","stop","500",""
"999","71","stop-signal","86","252307","0.0-28.0-7.0","s570","","2250","0","stim","","<div class = coverbox></div><div class = shapebox><img class = stim src = /static/experiments/stop_signal/images/trapezoid.png></img></div>","89,71","850","true","71","","test","48","<div class = coverbox></div><div class = stopbox><div class = centered-shape id = stop-signal></div><div class = centered-shape id = stop-signal-inner></div></div>","600","go","500",""
"845","89","stop-signal","87","254697","0.0-28.0-8.0","s570","","2386","0","stim","","<div class = coverbox></div><div class = shapebox><img class = stim src = /static/experiments/stop_signal/images/rectangle.png></img></div>","89,71","850","true","89","","test","49","<div class = coverbox></div><div class = stopbox><div class = centered-shape id = stop-signal></div><div class = centered-shape id = stop-signal-inner></div></div>","600","go","500",""
"741","71","stop-signal","88","256951","0.0-28.0-9.0","s570","","2250","0","stim","","<div class = coverbox></div><div class = shapebox><img class = stim src = /static/experiments/stop_signal/images/trapezoid.png></img></div>","89,71","850","true","71","","test","50","<div class = coverbox></div><div class = stopbox><div class = centered-shape id = stop-signal></div><div class = centered-shape id = stop-signal-inner></div></div>","600","stop","500",""
"715","71","stop-signal","89","259204","0.0-28.0-10.0","s570","","2250","0","stim","","<div class = coverbox></div><div class = shapebox><img class = stim src = /static/experiments/stop_signal/images/trapezoid.png></img></div>","89,71","850","true","71","","test","51","<div class = coverbox></div><div class = stopbox><div class = centered-shape id = stop-signal></div><div class = centered-shape id = stop-signal-inner></div></div>","550","stop","500",""
"697","71","stop-signal","90","261593","0.0-28.0-11.0","s570","","2386","0","stim","","<div class = coverbox></div><div class = shapebox><img class = stim src = /static/experiments/stop_signal/images/oval.png></img></div>","89,71","850","true","71","","test","52","<div class = coverbox></div><div class = stopbox><div class = centered-shape id = stop-signal></div><div class = centered-shape id = stop-signal-inner></div></div>","500","stop","500",""
"-1","-1","stop-signal","91","263981","0.0-28.0-12.0","s570","","2386","0","stim","","<div class = coverbox></div><div class = shapebox><img class = stim src = /static/experiments/stop_signal/images/moon.png></img></div>","89,71","850","false","89","","test","53","<div class = coverbox></div><div class = stopbox><div class = centered-shape id = stop-signal></div><div class = centered-shape id = stop-signal-inner></div></div>","450","stop","500",""
"914","89","stop-signal","92","266233","0.0-28.0-13.0","s570","","2250","0","stim","","<div class = coverbox></div><div class = shapebox><img class = stim src = /static/experiments/stop_signal/images/moon.png></img></div>","89,71","850","true","89","","test","54","<div class = coverbox></div><div class = stopbox><div class = centered-shape id = stop-signal></div><div class = centered-shape id = stop-signal-inner></div></div>","500","go","500",""
"-1","-1","stop-signal","93","268761","0.0-28.0-14.0","s570","","2522","0","stim","","<div class = coverbox></div><div class = shapebox><img class = stim src = /static/experiments/stop_signal/images/trapezoid.png></img></div>","89,71","850","false","71","","test","55","<div class = coverbox></div><div class = stopbox><div class = centered-shape id = stop-signal></div><div class = centered-shape id = stop-signal-inner></div></div>","500","stop","500",""
"813","71","stop-signal","94","271017","0.0-28.0-15.0","s570","","2250","0","stim","","<div class = coverbox></div><div class = shapebox><img class = stim src = /static/experiments/stop_signal/images/oval.png></img></div>","89,71","850","true","71","","test","56","<div class = coverbox></div><div class = stopbox><div class = centered-shape id = stop-signal></div><div class = centered-shape id = stop-signal-inner></div></div>","550","go","500",""
"885","71","stop-signal","95","273407","0.0-28.0-16.0","s570","","2386","0","stim","","<div class = coverbox></div><div class = shapebox><img class = stim src = /static/experiments/stop_signal/images/oval.png></img></div>","89,71","850","true","71","","test","57","<div class = coverbox></div><div class = stopbox><div class = centered-shape id = stop-signal></div><div class = centered-shape id = stop-signal-inner></div></div>","550","go","500",""
"1067","89","stop-signal","96","275663","0.0-28.0-17.0","s570","","2250","0","stim","","<div class = coverbox></div><div class = shapebox><img class = stim src = /static/experiments/stop_signal/images/rectangle.png></img></div>","89,71","850","true","89","","test","58","<div class = coverbox></div><div class = stopbox><div class = centered-shape id = stop-signal></div><div class = centered-shape id = stop-signal-inner></div></div>","550","go","500",""
"-1","-1","stop-signal","97","277919","0.0-28.0-18.0","s570","","2250","0","stim","","<div class = coverbox></div><div class = shapebox><img class = stim src = /static/experiments/stop_signal/images/moon.png></img></div>","89,71","850","false","89","","test","59","<div class = coverbox></div><div class = stopbox><div class = centered-shape id = stop-signal></div><div class = centered-shape id = stop-signal-inner></div></div>","550","stop","500",""
"1274","71","stop-signal","98","280308","0.0-28.0-19.0","s570","","2386","0","stim","","<div class = coverbox></div><div class = shapebox><img class = stim src = /static/experiments/stop_signal/images/oval.png></img></div>","89,71","850","true","71","","test","60","<div class = coverbox></div><div class = stopbox><div class = centered-shape id = stop-signal></div><div class = centered-shape id = stop-signal-inner></div></div>","600","go","500",""
"963","71","stop-signal","99","282837","0.0-28.0-20.0","s570","","2522","0","stim","","<div class = coverbox></div><div class = shapebox><img class = stim src = /static/experiments/stop_signal/images/rectangle.png></img></div>","89,71","850","false","89","","test","61","<div class = coverbox></div><div class = stopbox><div class = centered-shape id = stop-signal></div><div class = centered-shape id = stop-signal-inner></div></div>","600","go","500",""
"674","89","stop-signal","100","285226","0.0-28.0-21.0","s570","","2386","0","stim","","<div class = coverbox></div><div class = shapebox><img class = stim src = /static/experiments/stop_signal/images/rectangle.png></img></div>","89,71","850","true","89","","test","62","<div class = coverbox></div><div class = stopbox><div class = centered-shape id = stop-signal></div><div class = centered-shape id = stop-signal-inner></div></div>","600","go","500",""
"1008","71","stop-signal","101","287752","0.0-28.0-22.0","s570","","2522","0","stim","","<div class = coverbox></div><div class = shapebox><img class = stim src = /static/experiments/stop_signal/images/trapezoid.png></img></div>","89,71","850","true","71","","test","63","<div class = coverbox></div><div class = stopbox><div class = centered-shape id = stop-signal></div><div class = centered-shape id = stop-signal-inner></div></div>","600","go","500",""
"768","71","stop-signal","102","290684","0.0-28.0-23.0","s570","","2930","0","stim","","<div class = coverbox></div><div class = shapebox><img class = stim src = /static/experiments/stop_signal/images/trapezoid.png></img></div>","89,71","850","true","71","","test","64","<div class = coverbox></div><div class = stopbox><div class = centered-shape id = stop-signal></div><div class = centered-shape id = stop-signal-inner></div></div>","600","stop","500",""
"1054","71","stop-signal","103","293212","0.0-28.0-24.0","s570","","2522","0","stim","","<div class = coverbox></div><div class = shapebox><img class = stim src = /static/experiments/stop_signal/images/trapezoid.png></img></div>","89,71","850","true","71","","test","65","<div class = coverbox></div><div class = stopbox><div class = centered-shape id = stop-signal></div><div class = centered-shape id = stop-signal-inner></div></div>","550","go","500",""
"858","89","stop-signal","104","295737","0.0-28.0-25.0","s570","","2522","0","stim","","<div class = coverbox></div><div class = shapebox><img class = stim src = /static/experiments/stop_signal/images/rectangle.png></img></div>","89,71","850","true","89","","test","66","<div class = coverbox></div><div class = stopbox><div class = centered-shape id = stop-signal></div><div class = centered-shape id = stop-signal-inner></div></div>","550","go","500",""
"901","89","stop-signal","105","297989","0.0-28.0-26.0","s570","","2250","0","stim","","<div class = coverbox></div><div class = shapebox><img class = stim src = /static/experiments/stop_signal/images/moon.png></img></div>","89,71","850","true","89","","test","67","<div class = coverbox></div><div class = stopbox><div class = centered-shape id = stop-signal></div><div class = centered-shape id = stop-signal-inner></div></div>","550","go","500",""
"843","71","stop-signal","106","300517","0.0-28.0-27.0","s570","","2522","0","stim","","<div class = coverbox></div><div class = shapebox><img class = stim src = /static/experiments/stop_signal/images/oval.png></img></div>","89,71","850","true","71","","test","68","<div class = coverbox></div><div class = stopbox><div class = centered-shape id = stop-signal></div><div class = centered-shape id = stop-signal-inner></div></div>","550","stop","500",""
"1237","71","stop-signal","107","302906","0.0-28.0-28.0","s570","","2386","0","stim","","<div class = coverbox></div><div class = shapebox><img class = stim src = /static/experiments/stop_signal/images/oval.png></img></div>","89,71","850","true","71","","test","69","<div class = coverbox></div><div class = stopbox><div class = centered-shape id = stop-signal></div><div class = centered-shape id = stop-signal-inner></div></div>","500","go","500",""
"1261","71","stop-signal","108","305162","0.0-28.0-29.0","s570","","2250","0","stim","","<div class = coverbox></div><div class = shapebox><img class = stim src = /static/experiments/stop_signal/images/oval.png></img></div>","89,71","850","true","71","","test","70","<div class = coverbox></div><div class = stopbox><div class = centered-shape id = stop-signal></div><div class = centered-shape id = stop-signal-inner></div></div>","500","go","500",""
"978","89","stop-signal","109","307551","0.0-28.0-30.0","s570","","2386","0","stim","","<div class = coverbox></div><div class = shapebox><img class = stim src = /static/experiments/stop_signal/images/moon.png></img></div>","89,71","850","true","89","","test","71","<div class = coverbox></div><div class = stopbox><div class = centered-shape id = stop-signal></div><div class = centered-shape id = stop-signal-inner></div></div>","500","go","500",""
"976","71","stop-signal","110","309808","0.0-28.0-31.0","s570","","2250","0","stim","","<div class = coverbox></div><div class = shapebox><img class = stim src = /static/experiments/stop_signal/images/trapezoid.png></img></div>","89,71","850","true","71","","test","72","<div class = coverbox></div><div class = stopbox><div class = centered-shape id = stop-signal></div><div class = centered-shape id = stop-signal-inner></div></div>","500","go","500",""
"-1","-1","stop-signal","111","312197","0.0-28.0-32.0","s570","","2386","0","stim","","<div class = coverbox></div><div class = shapebox><img class = stim src = /static/experiments/stop_signal/images/moon.png></img></div>","89,71","850","false","89","","test","73","<div class = coverbox></div><div class = stopbox><div class = centered-shape id = stop-signal></div><div class = centered-shape id = stop-signal-inner></div></div>","500","stop","500",""
"1171","89","stop-signal","112","314725","0.0-28.0-33.0","s570","","2522","0","stim","","<div class = coverbox></div><div class = shapebox><img class = stim src = /static/experiments/stop_signal/images/moon.png></img></div>","89,71","850","true","89","","test","74","<div class = coverbox></div><div class = stopbox><div class = centered-shape id = stop-signal></div><div class = centered-shape id = stop-signal-inner></div></div>","550","go","500",""
"-1","-1","stop-signal","113","316981","0.0-28.0-34.0","s570","","2250","0","stim","","<div class = coverbox></div><div class = shapebox><img class = stim src = /static/experiments/stop_signal/images/rectangle.png></img></div>","89,71","850","false","89","","test","75","<div class = coverbox></div><div class = stopbox><div class = centered-shape id = stop-signal></div><div class = centered-shape id = stop-signal-inner></div></div>","550","stop","500",""
"-1","-1","stop-signal","114","319371","0.0-28.0-35.0","s570","","2386","0","stim","","<div class = coverbox></div><div class = shapebox><img class = stim src = /static/experiments/stop_signal/images/rectangle.png></img></div>","89,71","850","false","89","","test","76","<div class = coverbox></div><div class = stopbox><div class = centered-shape id = stop-signal></div><div class = centered-shape id = stop-signal-inner></div></div>","600","stop","500",""
"938","71","stop-signal","115","322032","0.0-28.0-36.0","s570","","2658","0","stim","","<div class = coverbox></div><div class = shapebox><img class = stim src = /static/experiments/stop_signal/images/trapezoid.png></img></div>","89,71","850","true","71","","test","77","<div class = coverbox></div><div class = stopbox><div class = centered-shape id = stop-signal></div><div class = centered-shape id = stop-signal-inner></div></div>","650","go","500",""
"-1","-1","stop-signal","116","324287","0.0-28.0-37.0","s570","","2250","0","stim","","<div class = coverbox></div><div class = shapebox><img class = stim src = /static/experiments/stop_signal/images/moon.png></img></div>","89,71","850","false","89","","test","78","<div class = coverbox></div><div class = stopbox><div class = centered-shape id = stop-signal></div><div class = centered-shape id = stop-signal-inner></div></div>","650","stop","500",""
"1183","71","stop-signal","117","327494","0.0-28.0-38.0","s570","","3202","0","stim","","<div class = coverbox></div><div class = shapebox><img class = stim src = /static/experiments/stop_signal/images/trapezoid.png></img></div>","89,71","850","true","71","","test","79","<div class = coverbox></div><div class = stopbox><div class = centered-shape id = stop-signal></div><div class = centered-shape id = stop-signal-inner></div></div>","700","go","500",""
"1003","71","stop-signal","118","329883","0.0-28.0-39.0","s570","","2386","0","stim","","<div class = coverbox></div><div class = shapebox><img class = stim src = /static/experiments/stop_signal/images/oval.png></img></div>","89,71","850","true","71","","test","80","<div class = coverbox></div><div class = stopbox><div class = centered-shape id = stop-signal></div><div class = centered-shape id = stop-signal-inner></div></div>","700","go","500",""
"696","71","stop-signal","119","332271","0.0-28.0-40.0","s570","","2386","0","stim","","<div class = coverbox></div><div class = shapebox><img class = stim src = /static/experiments/stop_signal/images/oval.png></img></div>","89,71","850","true","71","","test","81","<div class = coverbox></div><div class = stopbox><div class = centered-shape id = stop-signal></div><div class = centered-shape id = stop-signal-inner></div></div>","700","go","500",""
"882","89","stop-signal","120","334795","0.0-28.0-41.0","s570","","2522","0","stim","","<div class = coverbox></div><div class = shapebox><img class = stim src = /static/experiments/stop_signal/images/rectangle.png></img></div>","89,71","850","true","89","","test","82","<div class = coverbox></div><div class = stopbox><div class = centered-shape id = stop-signal></div><div class = centered-shape id = stop-signal-inner></div></div>","700","stop","500",""
"-1","-1","poldrack-single-stim","121","342300","0.0-29.0","s570","","7500","1000","rest_block","","<div class = centerbox><div class = center-text>Take a break!<br>Next run will start in a moment</div></div>","none","7500","","","","","","","","","",""
"-1","-1","poldrack-single-stim","122","344807","0.0-30.0","s570","","1500","500","test_start_block","","<div class = centerbox><div class = center-text>Get ready!</p></div>","none","1500","","","","","","","","","",""
"715","89","stop-signal","123","347564","0.0-31.0-0.0","s570","","2250","0","stim","","<div class = coverbox></div><div class = shapebox><img class = stim src = /static/experiments/stop_signal/images/rectangle.png></img></div>","89,71","850","true","89","","test","83","<div class = coverbox></div><div class = stopbox><div class = centered-shape id = stop-signal></div><div class = centered-shape id = stop-signal-inner></div></div>","650","go","500",""
"927","71","stop-signal","124","349820","0.0-31.0-1.0","s570","","2250","0","stim","","<div class = coverbox></div><div class = shapebox><img class = stim src = /static/experiments/stop_signal/images/oval.png></img></div>","89,71","850","true","71","","test","84","<div class = coverbox></div><div class = stopbox><div class = centered-shape id = stop-signal></div><div class = centered-shape id = stop-signal-inner></div></div>","650","stop","500",""
"-1","-1","stop-signal","125","352076","0.0-31.0-2.0","s570","","2250","0","stim","","<div class = coverbox></div><div class = shapebox><img class = stim src = /static/experiments/stop_signal/images/oval.png></img></div>","89,71","850","false","71","","test","85","<div class = coverbox></div><div class = stopbox><div class = centered-shape id = stop-signal></div><div class = centered-shape id = stop-signal-inner></div></div>","600","stop","500",""
"955","71","stop-signal","126","355009","0.0-31.0-3.0","s570","","2930","0","stim","","<div class = coverbox></div><div class = shapebox><img class = stim src = /static/experiments/stop_signal/images/oval.png></img></div>","89,71","850","true","71","","test","86","<div class = coverbox></div><div class = stopbox><div class = centered-shape id = stop-signal></div><div class = centered-shape id = stop-signal-inner></div></div>","650","go","500",""
"946","71","stop-signal","127","357537","0.0-31.0-4.0","s570","","2522","0","stim","","<div class = coverbox></div><div class = shapebox><img class = stim src = /static/experiments/stop_signal/images/trapezoid.png></img></div>","89,71","850","true","71","","test","87","<div class = coverbox></div><div class = stopbox><div class = centered-shape id = stop-signal></div><div class = centered-shape id = stop-signal-inner></div></div>","650","go","500",""
"1288","89","stop-signal","128","360065","0.0-31.0-5.0","s570","","2522","0","stim","","<div class = coverbox></div><div class = shapebox><img class = stim src = /static/experiments/stop_signal/images/rectangle.png></img></div>","89,71","850","true","89","","test","88","<div class = coverbox></div><div class = stopbox><div class = centered-shape id = stop-signal></div><div class = centered-shape id = stop-signal-inner></div></div>","650","go","500",""
"635","71","stop-signal","129","362322","0.0-31.0-6.0","s570","","2250","0","stim","","<div class = coverbox></div><div class = shapebox><img class = stim src = /static/experiments/stop_signal/images/oval.png></img></div>","89,71","850","true","71","","test","89","<div class = coverbox></div><div class = stopbox><div class = centered-shape id = stop-signal></div><div class = centered-shape id = stop-signal-inner></div></div>","650","go","500",""
"528","71","stop-signal","130","364848","0.0-31.0-7.0","s570","","2522","0","stim","","<div class = coverbox></div><div class = shapebox><img class = stim src = /static/experiments/stop_signal/images/oval.png></img></div>","89,71","850","true","71","","test","90","<div class = coverbox></div><div class = stopbox><div class = centered-shape id = stop-signal></div><div class = centered-shape id = stop-signal-inner></div></div>","650","stop","500",""
"-1","-1","stop-signal","131","367101","0.0-31.0-8.0","s570","","2250","0","stim","","<div class = coverbox></div><div class = shapebox><img class = stim src = /static/experiments/stop_signal/images/oval.png></img></div>","89,71","850","false","71","","test","91","<div class = coverbox></div><div class = stopbox><div class = centered-shape id = stop-signal></div><div class = centered-shape id = stop-signal-inner></div></div>","600","stop","500",""
"1098","89","stop-signal","132","369490","0.0-31.0-9.0","s570","","2386","0","stim","","<div class = coverbox></div><div class = shapebox><img class = stim src = /static/experiments/stop_signal/images/moon.png></img></div>","89,71","850","true","89","","test","92","<div class = coverbox></div><div class = stopbox><div class = centered-shape id = stop-signal></div><div class = centered-shape id = stop-signal-inner></div></div>","650","go","500",""
"-1","-1","stop-signal","133","371746","0.0-31.0-10.0","s570","","2250","0","stim","","<div class = coverbox></div><div class = shapebox><img class = stim src = /static/experiments/stop_signal/images/rectangle.png></img></div>","89,71","850","false","89","","test","93","<div class = coverbox></div><div class = stopbox><div class = centered-shape id = stop-signal></div><div class = centered-shape id = stop-signal-inner></div></div>","650","stop","500",""
"1236","71","stop-signal","134","374407","0.0-31.0-11.0","s570","","2658","0","stim","","<div class = coverbox></div><div class = shapebox><img class = stim src = /static/experiments/stop_signal/images/trapezoid.png></img></div>","89,71","850","true","71","","test","94","<div class = coverbox></div><div class = stopbox><div class = centered-shape id = stop-signal></div><div class = centered-shape id = stop-signal-inner></div></div>","700","go","500",""
"750","71","stop-signal","135","377069","0.0-31.0-12.0","s570","","2658","0","stim","","<div class = coverbox></div><div class = shapebox><img class = stim src = /static/experiments/stop_signal/images/trapezoid.png></img></div>","89,71","850","true","71","","test","95","<div class = coverbox></div><div class = stopbox><div class = centered-shape id = stop-signal></div><div class = centered-shape id = stop-signal-inner></div></div>","700","go","500",""
"896","71","stop-signal","136","379325","0.0-31.0-13.0","s570","","2250","0","stim","","<div class = coverbox></div><div class = shapebox><img class = stim src = /static/experiments/stop_signal/images/trapezoid.png></img></div>","89,71","850","true","71","","test","96","<div class = coverbox></div><div class = stopbox><div class = centered-shape id = stop-signal></div><div class = centered-shape id = stop-signal-inner></div></div>","700","go","500",""
"1049","89","stop-signal","137","381581","0.0-31.0-14.0","s570","","2250","0","stim","","<div class = coverbox></div><div class = shapebox><img class = stim src = /static/experiments/stop_signal/images/moon.png></img></div>","89,71","850","true","89","","test","97","<div class = coverbox></div><div class = stopbox><div class = centered-shape id = stop-signal></div><div class = centered-shape id = stop-signal-inner></div></div>","700","go","500",""
"1260","71","stop-signal","138","383970","0.0-31.0-15.0","s570","","2386","0","stim","","<div class = coverbox></div><div class = shapebox><img class = stim src = /static/experiments/stop_signal/images/trapezoid.png></img></div>","89,71","850","true","71","","test","98","<div class = coverbox></div><div class = stopbox><div class = centered-shape id = stop-signal></div><div class = centered-shape id = stop-signal-inner></div></div>","700","go","500",""
"801","89","stop-signal","139","386770","0.0-31.0-16.0","s570","","2794","0","stim","","<div class = coverbox></div><div class = shapebox><img class = stim src = /static/experiments/stop_signal/images/rectangle.png></img></div>","89,71","850","true","89","","test","99","<div class = coverbox></div><div class = stopbox><div class = centered-shape id = stop-signal></div><div class = centered-shape id = stop-signal-inner></div></div>","700","stop","500",""
"-1","-1","stop-signal","140","389160","0.0-31.0-17.0","s570","","2386","0","stim","","<div class = coverbox></div><div class = shapebox><img class = stim src = /static/experiments/stop_signal/images/rectangle.png></img></div>","89,71","850","false","89","","test","100","<div class = coverbox></div><div class = stopbox><div class = centered-shape id = stop-signal></div><div class = centered-shape id = stop-signal-inner></div></div>","650","stop","500",""
"-1","-1","stop-signal","141","391416","0.0-31.0-18.0","s570","","2250","0","stim","","<div class = coverbox></div><div class = shapebox><img class = stim src = /static/experiments/stop_signal/images/rectangle.png></img></div>","89,71","850","false","89","","test","101","<div class = coverbox></div><div class = stopbox><div class = centered-shape id = stop-signal></div><div class = centered-shape id = stop-signal-inner></div></div>","700","stop","500",""
"-1","-1","stop-signal","142","393672","0.0-31.0-19.0","s570","","2250","0","stim","","<div class = coverbox></div><div class = shapebox><img class = stim src = /static/experiments/stop_signal/images/trapezoid.png></img></div>","89,71","850","false","71","","test","102","<div class = coverbox></div><div class = stopbox><div class = centered-shape id = stop-signal></div><div class = centered-shape id = stop-signal-inner></div></div>","750","stop","500",""
"-1","-1","stop-signal","143","395928","0.0-31.0-20.0","s570","","2250","0","stim","","<div class = coverbox></div><div class = shapebox><img class = stim src = /static/experiments/stop_signal/images/trapezoid.png></img></div>","89,71","850","false","71","","test","103","<div class = coverbox></div><div class = stopbox><div class = centered-shape id = stop-signal></div><div class = centered-shape id = stop-signal-inner></div></div>","800","stop","500",""
"1314","89","stop-signal","144","398589","0.0-31.0-21.0","s570","","2658","0","stim","","<div class = coverbox></div><div class = shapebox><img class = stim src = /static/experiments/stop_signal/images/moon.png></img></div>","89,71","850","true","89","","test","104","<div class = coverbox></div><div class = stopbox><div class = centered-shape id = stop-signal></div><div class = centered-shape id = stop-signal-inner></div></div>","850","go","500",""
"671","89","stop-signal","145","401251","0.0-31.0-22.0","s570","","2658","0","stim","","<div class = coverbox></div><div class = shapebox><img class = stim src = /static/experiments/stop_signal/images/rectangle.png></img></div>","89,71","850","true","89","","test","105","<div class = coverbox></div><div class = stopbox><div class = centered-shape id = stop-signal></div><div class = centered-shape id = stop-signal-inner></div></div>","850","go","500",""
"698","71","stop-signal","146","403504","0.0-31.0-23.0","s570","","2250","0","stim","","<div class = coverbox></div><div class = shapebox><img class = stim src = /static/experiments/stop_signal/images/oval.png></img></div>","89,71","850","true","71","","test","106","<div class = coverbox></div><div class = stopbox><div class = centered-shape id = stop-signal></div><div class = centered-shape id = stop-signal-inner></div></div>","850","go","500",""
"585","89","stop-signal","147","406030","0.0-31.0-24.0","s570","","2522","0","stim","","<div class = coverbox></div><div class = shapebox><img class = stim src = /static/experiments/stop_signal/images/rectangle.png></img></div>","89,71","850","true","89","","test","107","<div class = coverbox></div><div class = stopbox><div class = centered-shape id = stop-signal></div><div class = centered-shape id = stop-signal-inner></div></div>","850","go","500",""
"606","71","stop-signal","148","408286","0.0-31.0-25.0","s570","","2250","0","stim","","<div class = coverbox></div><div class = shapebox><img class = stim src = /static/experiments/stop_signal/images/oval.png></img></div>","89,71","850","true","71","","test","108","<div class = coverbox></div><div class = stopbox><div class = centered-shape id = stop-signal></div><div class = centered-shape id = stop-signal-inner></div></div>","850","go","500",""
"867","89","stop-signal","149","410814","0.0-31.0-26.0","s570","","2522","0","stim","","<div class = coverbox></div><div class = shapebox><img class = stim src = /static/experiments/stop_signal/images/moon.png></img></div>","89,71","850","true","89","","test","109","<div class = coverbox></div><div class = stopbox><div class = centered-shape id = stop-signal></div><div class = centered-shape id = stop-signal-inner></div></div>","850","stop","500",""
"-1","-1","stop-signal","150","413342","0.0-31.0-27.0","s570","","2522","0","stim","","<div class = coverbox></div><div class = shapebox><img class = stim src = /static/experiments/stop_signal/images/rectangle.png></img></div>","89,71","850","false","89","","test","110","<div class = coverbox></div><div class = stopbox><div class = centered-shape id = stop-signal></div><div class = centered-shape id = stop-signal-inner></div></div>","800","go","500",""
"661","89","stop-signal","151","415870","0.0-31.0-28.0","s570","","2522","0","stim","","<div class = coverbox></div><div class = shapebox><img class = stim src = /static/experiments/stop_signal/images/moon.png></img></div>","89,71","850","true","89","","test","111","<div class = coverbox></div><div class = stopbox><div class = centered-shape id = stop-signal></div><div class = centered-shape id = stop-signal-inner></div></div>","800","stop","500",""
"521","71","stop-signal","152","418260","0.0-31.0-29.0","s570","","2386","0","stim","","<div class = coverbox></div><div class = shapebox><img class = stim src = /static/experiments/stop_signal/images/oval.png></img></div>","89,71","850","true","71","","test","112","<div class = coverbox></div><div class = stopbox><div class = centered-shape id = stop-signal></div><div class = centered-shape id = stop-signal-inner></div></div>","750","stop","500",""
"500","89","stop-signal","153","420788","0.0-31.0-30.0","s570","","2522","0","stim","","<div class = coverbox></div><div class = shapebox><img class = stim src = /static/experiments/stop_signal/images/moon.png></img></div>","89,71","850","true","89","","test","113","<div class = coverbox></div><div class = stopbox><div class = centered-shape id = stop-signal></div><div class = centered-shape id = stop-signal-inner></div></div>","700","stop","500",""
"1356","71","stop-signal","154","423316","0.0-31.0-31.0","s570","","2522","0","stim","","<div class = coverbox></div><div class = shapebox><img class = stim src = /static/experiments/stop_signal/images/moon.png></img></div>","89,71","850","false","89","","test","114","<div class = coverbox></div><div class = stopbox><div class = centered-shape id = stop-signal></div><div class = centered-shape id = stop-signal-inner></div></div>","650","go","500",""
"697","89","stop-signal","155","425705","0.0-31.0-32.0","s570","","2386","0","stim","","<div class = coverbox></div><div class = shapebox><img class = stim src = /static/experiments/stop_signal/images/rectangle.png></img></div>","89,71","850","true","89","","test","115","<div class = coverbox></div><div class = stopbox><div class = centered-shape id = stop-signal></div><div class = centered-shape id = stop-signal-inner></div></div>","650","go","500",""
"534","89","stop-signal","156","427961","0.0-31.0-33.0","s570","","2250","0","stim","","<div class = coverbox></div><div class = shapebox><img class = stim src = /static/experiments/stop_signal/images/moon.png></img></div>","89,71","850","true","89","","test","116","<div class = coverbox></div><div class = stopbox><div class = centered-shape id = stop-signal></div><div class = centered-shape id = stop-signal-inner></div></div>","650","go","500",""
"751","89","stop-signal","157","430489","0.0-31.0-34.0","s570","","2522","0","stim","","<div class = coverbox></div><div class = shapebox><img class = stim src = /static/experiments/stop_signal/images/rectangle.png></img></div>","89,71","850","true","89","","test","117","<div class = coverbox></div><div class = stopbox><div class = centered-shape id = stop-signal></div><div class = centered-shape id = stop-signal-inner></div></div>","650","go","500",""
"564","89","stop-signal","158","433289","0.0-31.0-35.0","s570","","2794","0","stim","","<div class = coverbox></div><div class = shapebox><img class = stim src = /static/experiments/stop_signal/images/moon.png></img></div>","89,71","850","true","89","","test","118","<div class = coverbox></div><div class = stopbox><div class = centered-shape id = stop-signal></div><div class = centered-shape id = stop-signal-inner></div></div>","650","go","500",""
"825","71","stop-signal","159","435813","0.0-31.0-36.0","s570","","2522","0","stim","","<div class = coverbox></div><div class = shapebox><img class = stim src = /static/experiments/stop_signal/images/oval.png></img></div>","89,71","850","true","71","","test","119","<div class = coverbox></div><div class = stopbox><div class = centered-shape id = stop-signal></div><div class = centered-shape id = stop-signal-inner></div></div>","650","stop","500",""
"744","71","stop-signal","160","438202","0.0-31.0-37.0","s570","","2386","0","stim","","<div class = coverbox></div><div class = shapebox><img class = stim src = /static/experiments/stop_signal/images/trapezoid.png></img></div>","89,71","850","true","71","","test","120","<div class = coverbox></div><div class = stopbox><div class = centered-shape id = stop-signal></div><div class = centered-shape id = stop-signal-inner></div></div>","600","stop","500",""
"937","71","stop-signal","161","440458","0.0-31.0-38.0","s570","","2250","0","stim","","<div class = coverbox></div><div class = shapebox><img class = stim src = /static/experiments/stop_signal/images/oval.png></img></div>","89,71","850","true","71","","test","121","<div class = coverbox></div><div class = stopbox><div class = centered-shape id = stop-signal></div><div class = centered-shape id = stop-signal-inner></div></div>","550","go","500",""
"-1","-1","stop-signal","162","442714","0.0-31.0-39.0","s570","","2250","0","stim","","<div class = coverbox></div><div class = shapebox><img class = stim src = /static/experiments/stop_signal/images/oval.png></img></div>","89,71","850","false","71","","test","122","<div class = coverbox></div><div class = stopbox><div class = centered-shape id = stop-signal></div><div class = centered-shape id = stop-signal-inner></div></div>","550","stop","500",""
"-1","-1","stop-signal","163","444966","0.0-31.0-40.0","s570","","2250","0","stim","","<div class = coverbox></div><div class = shapebox><img class = stim src = /static/experiments/stop_signal/images/trapezoid.png></img></div>","89,71","850","false","71","","test","123","<div class = coverbox></div><div class = stopbox><div class = centered-shape id = stop-signal></div><div class = centered-shape id = stop-signal-inner></div></div>","600","stop","500",""
"-1","-1","stop-signal","164","447221","0.0-31.0-41.0","s570","","2250","0","stim","","<div class = coverbox></div><div class = shapebox><img class = stim src = /static/experiments/stop_signal/images/trapezoid.png></img></div>","89,71","850","false","71","","test","124","<div class = coverbox></div><div class = stopbox><div class = centered-shape id = stop-signal></div><div class = centered-shape id = stop-signal-inner></div></div>","650","stop","500",""
"47932","32","poldrack-single-stim","165","495154","0.0-32.0","s570","","47932","0","end","","<div class = centerbox><div class = center-text><i>Fin</i></div></div>","32","47932","","","","","","","","","","stop_signal"
"3332","13","text","166","498487","0.0-33.0","s570","","","","","","","","","","","","","","","","","",""
